sentence,lexical_unit,gold_frame,frame_definition,domain,sentence_length,is_long_context,is_ambiguous_lu,hard_negative_frames
"The bank has abandoned all plans to finance roads or logging in Cameroon 's forests , in keeping with its ` stringent policy to protect the rights of indigenous people . """,abandon,Abandonment,An Agent leaves behind a Theme effectively rendering it no longer within their control or of the normal security as one's property. 'Carolyn abandoned her car and jumped on a red double decker bus.' 'Perhaps he left the key in the ignition' 'Abandonment of a child is considered to be a serious crime in many jurisdictions.' There are also metaphorically used examples: 'She left her old ways behind .',business,32,True,True,Activity_stop|Quitting_a_place
"Jamie Hill , prosecuting , said Stevenson and a friend took a Nova car from North Skelton and abandoned it in Nottingham .",abandon,Abandonment,An Agent leaves behind a Theme effectively rendering it no longer within their control or of the normal security as one's property. 'Carolyn abandoned her car and jumped on a red double decker bus.' 'Perhaps he left the key in the ignition' 'Abandonment of a child is considered to be a serious crime in many jurisdictions.' There are also metaphorically used examples: 'She left her old ways behind .',daily_life,23,True,True,Activity_stop|Quitting_a_place
"She had seen no reason to abandon it when she came to Medewich two years ago , even though she might now have been able to afford a car .",abandon,Abandonment,An Agent leaves behind a Theme effectively rendering it no longer within their control or of the normal security as one's property. 'Carolyn abandoned her car and jumped on a red double decker bus.' 'Perhaps he left the key in the ignition' 'Abandonment of a child is considered to be a serious crime in many jurisdictions.' There are also metaphorically used examples: 'She left her old ways behind .',daily_life,30,True,True,Activity_stop|Quitting_a_place
"Unfortunately , as a result of other priorities following the fall of France in June 1940 , the project was abandoned .",abandon,Abandonment,An Agent leaves behind a Theme effectively rendering it no longer within their control or of the normal security as one's property. 'Carolyn abandoned her car and jumped on a red double decker bus.' 'Perhaps he left the key in the ignition' 'Abandonment of a child is considered to be a serious crime in many jurisdictions.' There are also metaphorically used examples: 'She left her old ways behind .',general,22,True,True,Activity_stop|Quitting_a_place
"Moved to rectify this situation , he abandoned plans of working in the missionary field , and offered his services to the Netherlands Indies civil service .",abandon,Abandonment,An Agent leaves behind a Theme effectively rendering it no longer within their control or of the normal security as one's property. 'Carolyn abandoned her car and jumped on a red double decker bus.' 'Perhaps he left the key in the ignition' 'Abandonment of a child is considered to be a serious crime in many jurisdictions.' There are also metaphorically used examples: 'She left her old ways behind .',general,27,True,True,Activity_stop|Quitting_a_place
"The council later abandoned its plans to widen the highway and the reversion passed to the first defendants , who were not a highway authority .",abandon,Abandonment,An Agent leaves behind a Theme effectively rendering it no longer within their control or of the normal security as one's property. 'Carolyn abandoned her car and jumped on a red double decker bus.' 'Perhaps he left the key in the ignition' 'Abandonment of a child is considered to be a serious crime in many jurisdictions.' There are also metaphorically used examples: 'She left her old ways behind .',news_politics,26,True,True,Activity_stop|Quitting_a_place
It was Osman 's father Mohamed who had returned in his car for the clothes for Mrs Zamzam 's children just before Um Al-Farajh was finally abandoned by the Palestinian Arabs in 1948 .,abandon,Abandonment,An Agent leaves behind a Theme effectively rendering it no longer within their control or of the normal security as one's property. 'Carolyn abandoned her car and jumped on a red double decker bus.' 'Perhaps he left the key in the ignition' 'Abandonment of a child is considered to be a serious crime in many jurisdictions.' There are also metaphorically used examples: 'She left her old ways behind .',daily_life,34,True,True,Activity_stop|Quitting_a_place
"Lola is waiting loyally , if not faithfully , for the lover , Michel ( Jacques Harden ) , who fathered her child and abandoned her seven years before .",abandon,Abandonment,An Agent leaves behind a Theme effectively rendering it no longer within their control or of the normal security as one's property. 'Carolyn abandoned her car and jumped on a red double decker bus.' 'Perhaps he left the key in the ignition' 'Abandonment of a child is considered to be a serious crime in many jurisdictions.' There are also metaphorically used examples: 'She left her old ways behind .',general,30,True,True,Activity_stop|Quitting_a_place
"A pistol was found in a garden at Ava Parade , off Ormeau Road , by police searching the area yesterday after a car was abandoned by two men .",abandon,Abandonment,An Agent leaves behind a Theme effectively rendering it no longer within their control or of the normal security as one's property. 'Carolyn abandoned her car and jumped on a red double decker bus.' 'Perhaps he left the key in the ignition' 'Abandonment of a child is considered to be a serious crime in many jurisdictions.' There are also metaphorically used examples: 'She left her old ways behind .',legal,30,True,True,Activity_stop|Quitting_a_place
"This is a modern version of the Elizabethan ` City "" comedy , a panorama of town life , teeming with villains , mugs , lechers and madmen .",teem,Abounding_with,"A Location is filled or covered with the Theme. The Location is realized as the External Argument, and the Theme either as PP complement headed by with, in or of. NB: This frame does not include uses of adjectives like paved when they merely specify the Type of some location, as in ""paved and unpaved roads"". 'The waters of the bay teemed with fish.' 'The waters of the bay were teeming with fish.' 'The road was completely covered in mud.'",general,29,True,True,Abundance|Mass_motion
Rare blue lizards scurry among the rocks of Petra ; clumps of black lilies grow beside the King 's Highway ; the few oases teem with birds .,teem,Abounding_with,"A Location is filled or covered with the Theme. The Location is realized as the External Argument, and the Theme either as PP complement headed by with, in or of. NB: This frame does not include uses of adjectives like paved when they merely specify the Type of some location, as in ""paved and unpaved roads"". 'The waters of the bay teemed with fish.' 'The waters of the bay were teeming with fish.' 'The road was completely covered in mud.'",general,28,True,True,Abundance|Mass_motion
"The quake knocked The Well out for six hours , but when it came back up , it teemed with emotional first-hand reports .",teem,Abounding_with,"A Location is filled or covered with the Theme. The Location is realized as the External Argument, and the Theme either as PP complement headed by with, in or of. NB: This frame does not include uses of adjectives like paved when they merely specify the Type of some location, as in ""paved and unpaved roads"". 'The waters of the bay teemed with fish.' 'The waters of the bay were teeming with fish.' 'The road was completely covered in mud.'",general,24,True,True,Abundance|Mass_motion
Uncover the pan and continue cooking until all the moisture has evaporated ; the pan should also be sizzling again and the dumplings golden brown and crisp underneath .,sizzle,Absorb_heat,"An Entity (generally food) is exposed to a Heat_source whose Temperature may also be specified. Generally, the Entity undergoes some sort of change as a result of this process. 'Bacon was frying in the pan, and a great heap of eggs already lay steaming on a plate.' 'If it cooks at 400 for an hour, it 'll be nothing but a pile of ash!'",general,29,True,True,Make_noise|Sounds
"You 're going to a friend 's for a barbecue on a hot summer 's evening , and you 're walking up the drive and you can smell the barbecue sizzling away .",sizzle,Absorb_heat,"An Entity (generally food) is exposed to a Heat_source whose Temperature may also be specified. Generally, the Entity undergoes some sort of change as a result of this process. 'Bacon was frying in the pan, and a great heap of eggs already lay steaming on a plate.' 'If it cooks at 400 for an hour, it 'll be nothing but a pile of ash!'",daily_life,33,True,True,Make_noise|Sounds
"Inside was a lighted wick ; as the metal dish warmed up , the nicotine began to sizzle and give off fumes lethal to red spider mite and aphids .",sizzle,Absorb_heat,"An Entity (generally food) is exposed to a Heat_source whose Temperature may also be specified. Generally, the Entity undergoes some sort of change as a result of this process. 'Bacon was frying in the pan, and a great heap of eggs already lay steaming on a plate.' 'If it cooks at 400 for an hour, it 'll be nothing but a pile of ash!'",news_politics,30,True,True,Make_noise|Sounds
A fire was burning in a black grate which had an oven to the side of it ; a large black kettle was sizzling on the hob .,sizzle,Absorb_heat,"An Entity (generally food) is exposed to a Heat_source whose Temperature may also be specified. Generally, the Entity undergoes some sort of change as a result of this process. 'Bacon was frying in the pan, and a great heap of eggs already lay steaming on a plate.' 'If it cooks at 400 for an hour, it 'll be nothing but a pile of ash!'",general,28,True,True,Make_noise|Sounds
"THE only surprise in the history of interferon is its meteoric rise to fame as a cancer cure , after its earlier promise as an anti-viral agent .",agent,Active_substance,A Substance causes an Effect. The Substance is produced by a process understood as directed towards the Effect. The Name for the material that makes up the substance may also be given. 'A rationale for using denatured gp160 as a therapeutic agent in HIV-infected people is to boost the immune response .' 'The quinolones now seem to be the antimicrobial agents of choice for acute bacterial prostatitis.' 'Hormonally active chemicals have the potential to cause significant environmental injury.' 'Only after the potion has been drunk does the active ingredient form. DNI' 'The sarin agent might have been a leftover shell from a chemical-arms dump. ',general,28,True,True,Intentionally_act|People_by_vocation
He conceded that high levels of pollution could have affected the dolphin 's defence mechanisms making them vulnerable to attack by an infectious agent .,agent,Active_substance,A Substance causes an Effect. The Substance is produced by a process understood as directed towards the Effect. The Name for the material that makes up the substance may also be given. 'A rationale for using denatured gp160 as a therapeutic agent in HIV-infected people is to boost the immune response .' 'The quinolones now seem to be the antimicrobial agents of choice for acute bacterial prostatitis.' 'Hormonally active chemicals have the potential to cause significant environmental injury.' 'Only after the potion has been drunk does the active ingredient form. DNI' 'The sarin agent might have been a leftover shell from a chemical-arms dump. ',general,25,True,True,Intentionally_act|People_by_vocation
"Very recently it has been shown that treating prediabetic mice ( that is , before they develop symptoms ) with various chemical agents , including insulin , will prevent diabetes from developing .",agent,Active_substance,A Substance causes an Effect. The Substance is produced by a process understood as directed towards the Effect. The Name for the material that makes up the substance may also be given. 'A rationale for using denatured gp160 as a therapeutic agent in HIV-infected people is to boost the immune response .' 'The quinolones now seem to be the antimicrobial agents of choice for acute bacterial prostatitis.' 'Hormonally active chemicals have the potential to cause significant environmental injury.' 'Only after the potion has been drunk does the active ingredient form. DNI' 'The sarin agent might have been a leftover shell from a chemical-arms dump. ',science_medical,33,True,True,Intentionally_act|People_by_vocation
"Those patients at most risk when undergoing ERCP are the elderly , and previous workers have shown that age is a predisposing factor to hypoxia during ERCP when narcotic agents are used in conjunction with benzodiazepine sedation .",agent,Active_substance,A Substance causes an Effect. The Substance is produced by a process understood as directed towards the Effect. The Name for the material that makes up the substance may also be given. 'A rationale for using denatured gp160 as a therapeutic agent in HIV-infected people is to boost the immune response .' 'The quinolones now seem to be the antimicrobial agents of choice for acute bacterial prostatitis.' 'Hormonally active chemicals have the potential to cause significant environmental injury.' 'Only after the potion has been drunk does the active ingredient form. DNI' 'The sarin agent might have been a leftover shell from a chemical-arms dump. ',science_medical,38,True,True,Intentionally_act|People_by_vocation
"Britain and America are worried enough to have produced enough serum to immunise their troops against anthrax , one of the biological agents he is most likely to have .",agent,Active_substance,A Substance causes an Effect. The Substance is produced by a process understood as directed towards the Effect. The Name for the material that makes up the substance may also be given. 'A rationale for using denatured gp160 as a therapeutic agent in HIV-infected people is to boost the immune response .' 'The quinolones now seem to be the antimicrobial agents of choice for acute bacterial prostatitis.' 'Hormonally active chemicals have the potential to cause significant environmental injury.' 'Only after the potion has been drunk does the active ingredient form. DNI' 'The sarin agent might have been a leftover shell from a chemical-arms dump. ',general,30,True,True,Intentionally_act|People_by_vocation
"John Surtees kept the British flag flying in 1964 , before Clark won his second title a year later .",keep,Activity_ongoing,"An Agent is performing the portion of an Activity in which there is dynamic stability. '' 'Not noticing the hoards of people rushing by the window, Manny continued eating his lunch.' 'Keep living the dream!'",general,20,True,True,Cause_to_continue|Compliance|Retaining|Storing
"He kept thinking of the girl in Mu Chua 's House of the Ninth Ecstasy ; the singsong girl , White Orchid , who had looked so much like Vesa .",keep,Activity_ongoing,"An Agent is performing the portion of an Activity in which there is dynamic stability. '' 'Not noticing the hoards of people rushing by the window, Manny continued eating his lunch.' 'Keep living the dream!'",general,31,True,True,Cause_to_continue|Compliance|Retaining|Storing
We will start in our first parliamentary session with a Freedom of Information Act which will open up government to the people .,start,Activity_start,"An Agent initiates the beginning of an ongoing Activity in which he will be continuously involved. '' 'At the same time, city-states began to grow in influence on the southern Greek mainland.' 'Naturally, I started crying to get out of work.'",news_politics,23,True,True,Catching_fire|Process_start|Temporal_subregion
Follow-up testing has been started with a questionnaire being sent to past course delegates to check their continued understanding of food safety requirements .,start,Activity_start,"An Agent initiates the beginning of an ongoing Activity in which he will be continuously involved. '' 'At the same time, city-states began to grow in influence on the southern Greek mainland.' 'Naturally, I started crying to get out of work.'",daily_life,24,True,True,Catching_fire|Process_start|Temporal_subregion
"After all , I 'd only just stopped doing my paper-round and I heard them talking about headlong stuff I never knew about before : abortions , heroin , Sylvia Plath , prostitution .",stop,Activity_stop,"An Agent ceases an Activity without completing it. '' 'After the lawsuit, the company stopped producing the once very profitable toy.' 'The rugby club terminated negotiations with Argyll in September 1988.'",general,34,True,True,Halt|Preventing_or_letting|Process_stop|Thwarting
"To take one example , if Britain stopped burning fossil fuels altogether , the world 's output of carbon dioxide -- some 6 billion tonnes a year -- would fall by only 160 m tonnes .",stop,Activity_stop,"An Agent ceases an Activity without completing it. '' 'After the lawsuit, the company stopped producing the once very profitable toy.' 'The rugby club terminated negotiations with Argyll in September 1988.'",daily_life,36,True,True,Halt|Preventing_or_letting|Process_stop|Thwarting
The Office has stopped subsidising one-day energy surveys for industry and commerce and there is little accessible public information .,stop,Activity_stop,"An Agent ceases an Activity without completing it. '' 'After the lawsuit, the company stopped producing the once very profitable toy.' 'The rugby club terminated negotiations with Argyll in September 1988.'",business,20,True,True,Halt|Preventing_or_letting|Process_stop|Thwarting
Social services have stopped paying a £30 attendance allowance for Becky to go to Southampton once every two months for treatment .,stop,Activity_stop,"An Agent ceases an Activity without completing it. '' 'After the lawsuit, the company stopped producing the once very profitable toy.' 'The rugby club terminated negotiations with Argyll in September 1988.'",general,22,True,True,Halt|Preventing_or_letting|Process_stop|Thwarting
"I stopped smoking two years ago and I stopped doing all the silly drugs and drink nearly six years ago , so you naturally gravitate towards quite a healthy diet .",stop,Activity_stop,"An Agent ceases an Activity without completing it. '' 'After the lawsuit, the company stopped producing the once very profitable toy.' 'The rugby club terminated negotiations with Argyll in September 1988.'",news_politics,31,True,True,Halt|Preventing_or_letting|Process_stop|Thwarting
The prevalence of this association was found to be higher in our study than in other previous series [ 2 3 4 5 6 7 ] . The true prevalence could be even higher since liver enzyme profiles were not done in all patients .,true,Actually_occurring_entity,"Against the background of a contextually salient non-real world, for instance a hypothetical, imagined, simulated, expected, projected, or dream world, an Instance of a Type encountered in a relation or event in the real world is presented as being different from the instance found in the non-real world. Of course, the real-world Instance of the expected Type may also be presented as not occurring, as in the last example below. 'Actual results may vary.' 'ACTUAL results may vary.' 'Also present is the actual policeman, now 20 years older and helping to cast and prepare the young actor who'll be portraying him onscreen.' 'Also present is the ACTUAL policeman, now 20 years older and helping to cast and prepare the young actor who'll be portraying him onscreen.' 'Of course, an actual car with all these capabilities simply did not exist.' 'Of course, an ACTUAL car with all these capabilities simply did not exist.'",science_medical,45,True,True,Accuracy|Artificiality|Candidness|Correctness|Exemplar
"While I appreciate U.S. News & World Report 's endorsement , the true value of your support is measured by the way Goodwill takes on problems that affect all of us .",true,Actually_occurring_entity,"Against the background of a contextually salient non-real world, for instance a hypothetical, imagined, simulated, expected, projected, or dream world, an Instance of a Type encountered in a relation or event in the real world is presented as being different from the instance found in the non-real world. Of course, the real-world Instance of the expected Type may also be presented as not occurring, as in the last example below. 'Actual results may vary.' 'ACTUAL results may vary.' 'Also present is the actual policeman, now 20 years older and helping to cast and prepare the young actor who'll be portraying him onscreen.' 'Also present is the ACTUAL policeman, now 20 years older and helping to cast and prepare the young actor who'll be portraying him onscreen.' 'Of course, an actual car with all these capabilities simply did not exist.' 'Of course, an ACTUAL car with all these capabilities simply did not exist.'",general,32,True,True,Accuracy|Artificiality|Candidness|Correctness|Exemplar
Example 5 shows the true dominance of the perfect fourth ; the set created is a ten-note set derived by stacking fourths .,true,Actually_occurring_entity,"Against the background of a contextually salient non-real world, for instance a hypothetical, imagined, simulated, expected, projected, or dream world, an Instance of a Type encountered in a relation or event in the real world is presented as being different from the instance found in the non-real world. Of course, the real-world Instance of the expected Type may also be presented as not occurring, as in the last example below. 'Actual results may vary.' 'ACTUAL results may vary.' 'Also present is the actual policeman, now 20 years older and helping to cast and prepare the young actor who'll be portraying him onscreen.' 'Also present is the ACTUAL policeman, now 20 years older and helping to cast and prepare the young actor who'll be portraying him onscreen.' 'Of course, an actual car with all these capabilities simply did not exist.' 'Of course, an ACTUAL car with all these capabilities simply did not exist.'",general,23,True,True,Accuracy|Artificiality|Candidness|Correctness|Exemplar
"April 27, 2009 4:45 PM Brad Templeton : When I got to United 's site it has two columns , one for true miles flown ( sort of ) and one for elite bonus .",true,Actually_occurring_entity,"Against the background of a contextually salient non-real world, for instance a hypothetical, imagined, simulated, expected, projected, or dream world, an Instance of a Type encountered in a relation or event in the real world is presented as being different from the instance found in the non-real world. Of course, the real-world Instance of the expected Type may also be presented as not occurring, as in the last example below. 'Actual results may vary.' 'ACTUAL results may vary.' 'Also present is the actual policeman, now 20 years older and helping to cast and prepare the young actor who'll be portraying him onscreen.' 'Also present is the ACTUAL policeman, now 20 years older and helping to cast and prepare the young actor who'll be portraying him onscreen.' 'Of course, an actual car with all these capabilities simply did not exist.' 'Of course, an ACTUAL car with all these capabilities simply did not exist.'",general,35,True,True,Accuracy|Artificiality|Candidness|Correctness|Exemplar
"That 's why I ask that ( today , 1993 ) we NOT LABEL true plain text as US-ASCII /ISO-8859-1 .",true,Actually_occurring_entity,"Against the background of a contextually salient non-real world, for instance a hypothetical, imagined, simulated, expected, projected, or dream world, an Instance of a Type encountered in a relation or event in the real world is presented as being different from the instance found in the non-real world. Of course, the real-world Instance of the expected Type may also be presented as not occurring, as in the last example below. 'Actual results may vary.' 'ACTUAL results may vary.' 'Also present is the actual policeman, now 20 years older and helping to cast and prepare the young actor who'll be portraying him onscreen.' 'Also present is the ACTUAL policeman, now 20 years older and helping to cast and prepare the young actor who'll be portraying him onscreen.' 'Of course, an actual car with all these capabilities simply did not exist.' 'Of course, an ACTUAL car with all these capabilities simply did not exist.'",general,21,True,True,Accuracy|Artificiality|Candidness|Correctness|Exemplar
"In this case , though , when I totalled their length it came to 2,000 words ; and the books editor had asked for 700 .",total,Adding_up,"A Cognizer computes a Result on the basis of input Numbers by addition. ' Add up your savings.' ' This is a cumulative figure obtained by adding up the cost of treating a given volume of specific diseases. ' 'When he later took the trouble to add up the bill he discovered that the actual cost was Fr 1,481 , around 140 pounds : an overcharge of 40 pounds' 'Chaperones tallied the number of tickets sold at the school dance at more than 1000.'",legal,26,True,True,Amounting_to|Completeness|Render_nonfunctional
A spreadsheet makes operations like totalling a column of numbers or producing a bar chart a straightforward operation -- SuperCalc 5.5 makes them incredibly quick and easy due to the icons in its new Tool Bar .,total,Adding_up,"A Cognizer computes a Result on the basis of input Numbers by addition. ' Add up your savings.' ' This is a cumulative figure obtained by adding up the cost of treating a given volume of specific diseases. ' 'When he later took the trouble to add up the bill he discovered that the actual cost was Fr 1,481 , around 140 pounds : an overcharge of 40 pounds' 'Chaperones tallied the number of tickets sold at the school dance at more than 1000.'",news_politics,37,True,True,Amounting_to|Completeness|Render_nonfunctional
The goals scored over four weeks are totalled and the highest number of goals wins a prize of £50 .,total,Adding_up,"A Cognizer computes a Result on the basis of input Numbers by addition. ' Add up your savings.' ' This is a cumulative figure obtained by adding up the cost of treating a given volume of specific diseases. ' 'When he later took the trouble to add up the bill he discovered that the actual cost was Fr 1,481 , around 140 pounds : an overcharge of 40 pounds' 'Chaperones tallied the number of tickets sold at the school dance at more than 1000.'",sports,20,True,True,Amounting_to|Completeness|Render_nonfunctional
Unfortunately it is insufficient to total the number of weeks of holiday to be taken in the year by staff and divide by fifty-two .,total,Adding_up,"A Cognizer computes a Result on the basis of input Numbers by addition. ' Add up your savings.' ' This is a cumulative figure obtained by adding up the cost of treating a given volume of specific diseases. ' 'When he later took the trouble to add up the bill he discovered that the actual cost was Fr 1,481 , around 140 pounds : an overcharge of 40 pounds' 'Chaperones tallied the number of tickets sold at the school dance at more than 1000.'",general,25,True,True,Amounting_to|Completeness|Render_nonfunctional
By totalling the number of such problems ( listed in the box ) a total score with a maximum of 13 was derived .,total,Adding_up,"A Cognizer computes a Result on the basis of input Numbers by addition. ' Add up your savings.' ' This is a cumulative figure obtained by adding up the cost of treating a given volume of specific diseases. ' 'When he later took the trouble to add up the bill he discovered that the actual cost was Fr 1,481 , around 140 pounds : an overcharge of 40 pounds' 'Chaperones tallied the number of tickets sold at the school dance at more than 1000.'",general,24,True,True,Amounting_to|Completeness|Render_nonfunctional
the square roots obtained from all the interest category loan components are totalled and then each individual square root is calculated as a percentage of that total .,total,Adding_up,"A Cognizer computes a Result on the basis of input Numbers by addition. ' Add up your savings.' ' This is a cumulative figure obtained by adding up the cost of treating a given volume of specific diseases. ' 'When he later took the trouble to add up the bill he discovered that the actual cost was Fr 1,481 , around 140 pounds : an overcharge of 40 pounds' 'Chaperones tallied the number of tickets sold at the school dance at more than 1000.'",general,28,True,True,Amounting_to|Completeness|Render_nonfunctional
"At the end of the accounting period the revenue accounts are totalled and the balance , positive or negative , transferred to the profit and loss account .",total,Adding_up,"A Cognizer computes a Result on the basis of input Numbers by addition. ' Add up your savings.' ' This is a cumulative figure obtained by adding up the cost of treating a given volume of specific diseases. ' 'When he later took the trouble to add up the bill he discovered that the actual cost was Fr 1,481 , around 140 pounds : an overcharge of 40 pounds' 'Chaperones tallied the number of tickets sold at the school dance at more than 1000.'",general,28,True,True,Amounting_to|Completeness|Render_nonfunctional
"Should you have questions or if I can be of assistance in any way , please call me : 317.923.1331 , ext. 248 .",way,Alternatives,"There exist a number of different possible Situations that may happen in the future. (In some cases, the Situation is concurrent or past, and only the knowledge of which has happened is in the future.) In most cases, there is an Agent involved who has to consider which of the possible Situations will or should occur. A Salient_entity which is deeply involved in the Situation may also be mentioned. 'You have but two choices for your daughter .' While all the members of this frame denote possible situations, in principle, this frame could be split into a number of subtypes on the following basis: ''1. Future.n, and most uses of alternative.n and possibility.n all evoke nothing more than a simple possible situation (not necessarily an Situation) with no Agent; the remaining frames would inherit from this. ''2. Use.n evokes different possible things that can be done with a Salient_entity (i.e., Purposes) and thus uses the Using frame; in this frame, the target denotes the Purpose that can be achieved. ''3. way.n evokes different events that can lead to an Outcome (not necessarily a Purpose); this frame should use the Means frame. In this frame, the target denotes the possible Means actions. ''4. option.n, choice.n, and many instances of alternative.n and possibility.n, evoke possible Situations that an implicit or explicit Agent can bring about at will. A Purpose that would be served by bringing these Situations about may be mentioned. A Salient_entity related to the Purpose may occur in place of the Purpose.",general,24,True,True,Conduct|Degree|Direction|Manner|Means
"Since the early 1990s , China has improved its export controls , including the promulgation of regulations on nuclear and nuclear dual - use exports and has pledged to halt exports of nuclear technology to un - safeguarded facilities .",use,Alternatives,"There exist a number of different possible Situations that may happen in the future. (In some cases, the Situation is concurrent or past, and only the knowledge of which has happened is in the future.) In most cases, there is an Agent involved who has to consider which of the possible Situations will or should occur. A Salient_entity which is deeply involved in the Situation may also be mentioned. 'You have but two choices for your daughter .' While all the members of this frame denote possible situations, in principle, this frame could be split into a number of subtypes on the following basis: ''1. Future.n, and most uses of alternative.n and possibility.n all evoke nothing more than a simple possible situation (not necessarily an Situation) with no Agent; the remaining frames would inherit from this. ''2. Use.n evokes different possible things that can be done with a Salient_entity (i.e., Purposes) and thus uses the Using frame; in this frame, the target denotes the Purpose that can be achieved. ''3. way.n evokes different events that can lead to an Outcome (not necessarily a Purpose); this frame should use the Means frame. In this frame, the target denotes the possible Means actions. ''4. option.n, choice.n, and many instances of alternative.n and possibility.n, evoke possible Situations that an implicit or explicit Agent can bring about at will. A Purpose that would be served by bringing these Situations about may be mentioned. A Salient_entity related to the Purpose may occur in place of the Purpose.",general,40,True,True,Ingest_substance|Purpose|Tool_purpose|Treating_and_mistreating|Using
"In contrast to the homespun approach of Chiles , Martinez was believed to have amassed some $7,000,000 to spend on his November campaign , and was expected to use negative tactics .",amass,Amassing,"A Recipient (who may or may not be agentive) ends up in possession of a Mass_theme (which may be conceptualized as a single mass entity, or may be a group of individual entities). Some lexical units (e.g. stockpile) specifically indicate an intentional Recipient. This frame differs from Gathering_up in that this frame refers specifically to the acquisition and (according to expectation) long-term possession of entities, rather than (as in the Gathering_up frame) simply talking about causing a group of entities to be located in the same place. In sum, Gathering_up concerns (co-)locations, but Amassing concerns possession. 'Bogs accumulate carbon for thousands of years.'",daily_life,32,True,True,Come_together|Gathering_up
During the 1980s these quasi-government agencies became a convenient means of off-balance-sheet financing ; so much so that they have now amassed nearly $1 trillion-worth of obligations underwritten by the American taxpayer .,amass,Amassing,"A Recipient (who may or may not be agentive) ends up in possession of a Mass_theme (which may be conceptualized as a single mass entity, or may be a group of individual entities). Some lexical units (e.g. stockpile) specifically indicate an intentional Recipient. This frame differs from Gathering_up in that this frame refers specifically to the acquisition and (according to expectation) long-term possession of entities, rather than (as in the Gathering_up frame) simply talking about causing a group of entities to be located in the same place. In sum, Gathering_up concerns (co-)locations, but Amassing concerns possession. 'Bogs accumulate carbon for thousands of years.'",news_politics,33,True,True,Come_together|Gathering_up
"After being ignored by streams of tight-lipped Brits , the Goldsmiths graduate finally amassed almost 400 portraits , a selection of which are on display at the Marconi Gallery in Milan this month .",amass,Amassing,"A Recipient (who may or may not be agentive) ends up in possession of a Mass_theme (which may be conceptualized as a single mass entity, or may be a group of individual entities). Some lexical units (e.g. stockpile) specifically indicate an intentional Recipient. This frame differs from Gathering_up in that this frame refers specifically to the acquisition and (according to expectation) long-term possession of entities, rather than (as in the Gathering_up frame) simply talking about causing a group of entities to be located in the same place. In sum, Gathering_up concerns (co-)locations, but Amassing concerns possession. 'Bogs accumulate carbon for thousands of years.'",general,34,True,True,Come_together|Gathering_up
"I have always been deeply suspicious of Roddick and her cliche-ridden slogans and highly-publicised efforts to save the world , while quietly amassing a fortune on the side .",amass,Amassing,"A Recipient (who may or may not be agentive) ends up in possession of a Mass_theme (which may be conceptualized as a single mass entity, or may be a group of individual entities). Some lexical units (e.g. stockpile) specifically indicate an intentional Recipient. This frame differs from Gathering_up in that this frame refers specifically to the acquisition and (according to expectation) long-term possession of entities, rather than (as in the Gathering_up frame) simply talking about causing a group of entities to be located in the same place. In sum, Gathering_up concerns (co-)locations, but Amassing concerns possession. 'Bogs accumulate carbon for thousands of years.'",general,29,True,True,Come_together|Gathering_up
"In a week of feverish detective work , he amassed a dossier on the publishing arrangements of Sting 's manager , Miles Copeland .",amass,Amassing,"A Recipient (who may or may not be agentive) ends up in possession of a Mass_theme (which may be conceptualized as a single mass entity, or may be a group of individual entities). Some lexical units (e.g. stockpile) specifically indicate an intentional Recipient. This frame differs from Gathering_up in that this frame refers specifically to the acquisition and (according to expectation) long-term possession of entities, rather than (as in the Gathering_up frame) simply talking about causing a group of entities to be located in the same place. In sum, Gathering_up concerns (co-)locations, but Amassing concerns possession. 'Bogs accumulate carbon for thousands of years.'",general,24,True,True,Come_together|Gathering_up
Another advantage of the gens system was that you could keep the fortune you had amassed in one incarnation and use it in the next .,amass,Amassing,"A Recipient (who may or may not be agentive) ends up in possession of a Mass_theme (which may be conceptualized as a single mass entity, or may be a group of individual entities). Some lexical units (e.g. stockpile) specifically indicate an intentional Recipient. This frame differs from Gathering_up in that this frame refers specifically to the acquisition and (according to expectation) long-term possession of entities, rather than (as in the Gathering_up frame) simply talking about causing a group of entities to be located in the same place. In sum, Gathering_up concerns (co-)locations, but Amassing concerns possession. 'Bogs accumulate carbon for thousands of years.'",daily_life,26,True,True,Come_together|Gathering_up
"Nevertheless , this happened to many , but I would question if anyone in the Command had amassed the experience of Fraser Barron in such a relatively short time .",amass,Amassing,"A Recipient (who may or may not be agentive) ends up in possession of a Mass_theme (which may be conceptualized as a single mass entity, or may be a group of individual entities). Some lexical units (e.g. stockpile) specifically indicate an intentional Recipient. This frame differs from Gathering_up in that this frame refers specifically to the acquisition and (according to expectation) long-term possession of entities, rather than (as in the Gathering_up frame) simply talking about causing a group of entities to be located in the same place. In sum, Gathering_up concerns (co-)locations, but Amassing concerns possession. 'Bogs accumulate carbon for thousands of years.'",general,30,True,True,Come_together|Gathering_up
"Reportedly the division has amassed a wealth of productivity tools from independent software vendors in support of the programme which in turn supports IBM mainframes , AS/400s , VAXes , Sparcs , PCs and perhaps eventually Macs .",amass,Amassing,"A Recipient (who may or may not be agentive) ends up in possession of a Mass_theme (which may be conceptualized as a single mass entity, or may be a group of individual entities). Some lexical units (e.g. stockpile) specifically indicate an intentional Recipient. This frame differs from Gathering_up in that this frame refers specifically to the acquisition and (according to expectation) long-term possession of entities, rather than (as in the Gathering_up frame) simply talking about causing a group of entities to be located in the same place. In sum, Gathering_up concerns (co-)locations, but Amassing concerns possession. 'Bogs accumulate carbon for thousands of years.'",news_politics,38,True,True,Come_together|Gathering_up
"By the time I was 16 , I was winning major contests , amassing a few quid in the bank as a part-time model and walking as though I had a brush handle up my arse .",amass,Amassing,"A Recipient (who may or may not be agentive) ends up in possession of a Mass_theme (which may be conceptualized as a single mass entity, or may be a group of individual entities). Some lexical units (e.g. stockpile) specifically indicate an intentional Recipient. This frame differs from Gathering_up in that this frame refers specifically to the acquisition and (according to expectation) long-term possession of entities, rather than (as in the Gathering_up frame) simply talking about causing a group of entities to be located in the same place. In sum, Gathering_up concerns (co-)locations, but Amassing concerns possession. 'Bogs accumulate carbon for thousands of years.'",business,37,True,True,Come_together|Gathering_up
"Places that are dank in winter but pleasantly cool in summer , are made delightful by a stone bowl or tulips or a tumble of petunias .",cool,Ambient_temperature,"The Temperature in a certain environment, determined by Time and Place, is specified. 'It's too hot to do anything today.' 'Nome is pretty cold this time of year' 'Last Tuesday was a real scorcher.' 'Tomorrow is gonna be chilly.' 'I ca n't go out into the cold . DNI DNI'",general,27,True,True,Cause_temperature_change|Change_of_temperature|Desirability|Experiencer_focus|Popularity
"The pale blue vertical blind in G was half closed to cut out the sun , and the room was refreshingly cool .",cool,Ambient_temperature,"The Temperature in a certain environment, determined by Time and Place, is specified. 'It's too hot to do anything today.' 'Nome is pretty cold this time of year' 'Last Tuesday was a real scorcher.' 'Tomorrow is gonna be chilly.' 'I ca n't go out into the cold . DNI DNI'",daily_life,23,True,True,Cause_temperature_change|Change_of_temperature|Desirability|Experiencer_focus|Popularity
The surface must not be touched and it must be stored in a cool dry place away from electrical equipment because it is magnetic .,cool,Ambient_temperature,"The Temperature in a certain environment, determined by Time and Place, is specified. 'It's too hot to do anything today.' 'Nome is pretty cold this time of year' 'Last Tuesday was a real scorcher.' 'Tomorrow is gonna be chilly.' 'I ca n't go out into the cold . DNI DNI'",general,25,True,True,Cause_temperature_change|Change_of_temperature|Desirability|Experiencer_focus|Popularity
"Last year sales of paintings totalled £1.3 million , netting a £330,000 commission for the Academy ( at 25% on works sold ) , out of which the administration and handling expenses had to be paid .",total,Amounting_to,"The absolute Value of a quantifiable Attribute of an item is determined by adding up the values for the Attribute of the individuals or parts that make up the item. The item is not expressed as a separate constituent but it is presupposed by the concept of Attribute. Alternatively, the Numbers form an implicit set whose sum is the Value associated with the set. In some cases what is reported is just the cardinality of the individuals that make up the item so that in effect the Value is a count. In other cases the identity of the Attribute can only be inferred from the Value. There is no cognizer on the scene in this frame. Instead, the frame focuses on the relationship between the Attribute or Numbers and the Value, which is stable and unchanging regardless of who performs the calculation. 'Defence is provided in West Germany by armed forces whose number totals close to half a million men and women ' . ' Revenues totalled 568.86m pounds ' 'The WHO estimated that the cumulative total of AIDS cases was more than 1,500,000. '",general,37,True,True,Adding_up|Completeness|Render_nonfunctional
"Development expenditure was expected to total almost Rps20,000,000 million , an increase of 23 per cent , with priority for infrastructure construction , basic services , human resources development , and operational and maintenance expenses .",total,Amounting_to,"The absolute Value of a quantifiable Attribute of an item is determined by adding up the values for the Attribute of the individuals or parts that make up the item. The item is not expressed as a separate constituent but it is presupposed by the concept of Attribute. Alternatively, the Numbers form an implicit set whose sum is the Value associated with the set. In some cases what is reported is just the cardinality of the individuals that make up the item so that in effect the Value is a count. In other cases the identity of the Attribute can only be inferred from the Value. There is no cognizer on the scene in this frame. Instead, the frame focuses on the relationship between the Attribute or Numbers and the Value, which is stable and unchanging regardless of who performs the calculation. 'Defence is provided in West Germany by armed forces whose number totals close to half a million men and women ' . ' Revenues totalled 568.86m pounds ' 'The WHO estimated that the cumulative total of AIDS cases was more than 1,500,000. '",general,36,True,True,Adding_up|Completeness|Render_nonfunctional
"An agreement was signed for Spanish loans to Honduras totalling US$70,000,000 over the next four years , and Spanish financial participation in the building of a new airport near Tegucigalpa was confirmed .",total,Amounting_to,"The absolute Value of a quantifiable Attribute of an item is determined by adding up the values for the Attribute of the individuals or parts that make up the item. The item is not expressed as a separate constituent but it is presupposed by the concept of Attribute. Alternatively, the Numbers form an implicit set whose sum is the Value associated with the set. In some cases what is reported is just the cardinality of the individuals that make up the item so that in effect the Value is a count. In other cases the identity of the Attribute can only be inferred from the Value. There is no cognizer on the scene in this frame. Instead, the frame focuses on the relationship between the Attribute or Numbers and the Value, which is stable and unchanging regardless of who performs the calculation. 'Defence is provided in West Germany by armed forces whose number totals close to half a million men and women ' . ' Revenues totalled 568.86m pounds ' 'The WHO estimated that the cumulative total of AIDS cases was more than 1,500,000. '",general,33,True,True,Adding_up|Completeness|Render_nonfunctional
"Another British merchant bank , Kleinwort Benson , owned up to writing off loans totalling $23m which it had sunk into an American partnership controlled by one of its directors .",total,Amounting_to,"The absolute Value of a quantifiable Attribute of an item is determined by adding up the values for the Attribute of the individuals or parts that make up the item. The item is not expressed as a separate constituent but it is presupposed by the concept of Attribute. Alternatively, the Numbers form an implicit set whose sum is the Value associated with the set. In some cases what is reported is just the cardinality of the individuals that make up the item so that in effect the Value is a count. In other cases the identity of the Attribute can only be inferred from the Value. There is no cognizer on the scene in this frame. Instead, the frame focuses on the relationship between the Attribute or Numbers and the Value, which is stable and unchanging regardless of who performs the calculation. 'Defence is provided in West Germany by armed forces whose number totals close to half a million men and women ' . ' Revenues totalled 568.86m pounds ' 'The WHO estimated that the cumulative total of AIDS cases was more than 1,500,000. '",business,31,True,True,Adding_up|Completeness|Render_nonfunctional
"In November , UN sources confirmed that contributions totalling $140,830,531 had so far been promised for the UNHCR 's 1991 programmes .",total,Amounting_to,"The absolute Value of a quantifiable Attribute of an item is determined by adding up the values for the Attribute of the individuals or parts that make up the item. The item is not expressed as a separate constituent but it is presupposed by the concept of Attribute. Alternatively, the Numbers form an implicit set whose sum is the Value associated with the set. In some cases what is reported is just the cardinality of the individuals that make up the item so that in effect the Value is a count. In other cases the identity of the Attribute can only be inferred from the Value. There is no cognizer on the scene in this frame. Instead, the frame focuses on the relationship between the Attribute or Numbers and the Value, which is stable and unchanging regardless of who performs the calculation. 'Defence is provided in West Germany by armed forces whose number totals close to half a million men and women ' . ' Revenues totalled 568.86m pounds ' 'The WHO estimated that the cumulative total of AIDS cases was more than 1,500,000. '",general,22,True,True,Adding_up|Completeness|Render_nonfunctional
Paul Ride and Michael Wainwright made their plea while waiting for news of appeals to Iraq 's Supreme Court .,appeal,Appeal,In the Appeal stage of the criminal process the Convict or his or her Representative applies to a higher Court to reverse the Decision of the lower court on certain Grounds. ' The defense plans to appeal the court's decision on the grounds that the judge violated Code 81.b . ' ' John Michaels will appeal his conviction .',news_politics,20,True,True,Experiencer_obj|Request
Mrs Spence is a former legal secretary who is considering an appeal against an industrial tribunal decision which went against her last week .,appeal,Appeal,In the Appeal stage of the criminal process the Convict or his or her Representative applies to a higher Court to reverse the Decision of the lower court on certain Grounds. ' The defense plans to appeal the court's decision on the grounds that the judge violated Code 81.b . ' ' John Michaels will appeal his conviction .',legal,24,True,True,Experiencer_obj|Request
They decided that her objections to adoption were not unreasonable and dismissed an appeal by the local authority against a county court judge 's rejection of its adoption proposal on the grounds that it was premature .,appeal,Appeal,In the Appeal stage of the criminal process the Convict or his or her Representative applies to a higher Court to reverse the Decision of the lower court on certain Grounds. ' The defense plans to appeal the court's decision on the grounds that the judge violated Code 81.b . ' ' John Michaels will appeal his conviction .',legal,37,True,True,Experiencer_obj|Request
"An appeal against Langbaurgh planners ' refusal to allow a hot food takeaway premises at 46 West Road , Loftus , to operate on Sundays between 7 pm and 11 pm has been dismissed .",appeal,Appeal,In the Appeal stage of the criminal process the Convict or his or her Representative applies to a higher Court to reverse the Decision of the lower court on certain Grounds. ' The defense plans to appeal the court's decision on the grounds that the judge violated Code 81.b . ' ' John Michaels will appeal his conviction .',daily_life,35,True,True,Experiencer_obj|Request
Unless an appeal is lodged within 28 days of sentencing he could be free in a little over two years .,appeal,Appeal,In the Appeal stage of the criminal process the Convict or his or her Representative applies to a higher Court to reverse the Decision of the lower court on certain Grounds. ' The defense plans to appeal the court's decision on the grounds that the judge violated Code 81.b . ' ' John Michaels will appeal his conviction .',general,21,True,True,Experiencer_obj|Request
"Rehabilitation officer Margaret Harding , 64 , was not meant to know that a special presentation had been organised , but word soon got out .",officer,Appellations,"This frame is only for words that are used as the Titles of individuals. The Title is applied to a Name (surname or full name) and often designates their rank within a man-made institution (e.g. chief, king, bishop, brother) or general social status (mr., miss), or may indicate a kinship relationship (cousin, aunt). Pairings of Title and Name can be used as vocatives (see Attention_getting), while the Titles may not always be vocative on their own. 'He saluted General Fightmeister walking into the room.' 'Everyone stood as Captain Jack Aubrey delivered a toast.' 'Supreme Court Chief Justice John Roberts is sticking to his guns .' 'Captain Mike Eruzione of the USA Miracle on Ice hockey team in 1980 turns 58 today.' Most LUs of this frame are related to LUs of the Leadership or Kinship frames, but some (e.g. Lady, Mr., Brother) occur only here. These LUs differ from normal examples of LUs in Leadership or Kinship in that the LUs are used simply as vocatives or as modifiers of names, to indicate how the individual fits into the general or specific social context.",general,26,True,True,Attention_getting|Leadership|People_by_vocation
"Dog attack : RSPCA officer Albert Morland was savaged by a dog after calling at a home in Aigburth , Liverpool .",officer,Appellations,"This frame is only for words that are used as the Titles of individuals. The Title is applied to a Name (surname or full name) and often designates their rank within a man-made institution (e.g. chief, king, bishop, brother) or general social status (mr., miss), or may indicate a kinship relationship (cousin, aunt). Pairings of Title and Name can be used as vocatives (see Attention_getting), while the Titles may not always be vocative on their own. 'He saluted General Fightmeister walking into the room.' 'Everyone stood as Captain Jack Aubrey delivered a toast.' 'Supreme Court Chief Justice John Roberts is sticking to his guns .' 'Captain Mike Eruzione of the USA Miracle on Ice hockey team in 1980 turns 58 today.' Most LUs of this frame are related to LUs of the Leadership or Kinship frames, but some (e.g. Lady, Mr., Brother) occur only here. These LUs differ from normal examples of LUs in Leadership or Kinship in that the LUs are used simply as vocatives or as modifiers of names, to indicate how the individual fits into the general or specific social context.",daily_life,22,True,True,Attention_getting|Leadership|People_by_vocation
BMC access officer Bill Wright has ascertained that the caves to be ( or not to be ? ) blown up lie below and to the side of the main embankments of Hodge .,officer,Appellations,"This frame is only for words that are used as the Titles of individuals. The Title is applied to a Name (surname or full name) and often designates their rank within a man-made institution (e.g. chief, king, bishop, brother) or general social status (mr., miss), or may indicate a kinship relationship (cousin, aunt). Pairings of Title and Name can be used as vocatives (see Attention_getting), while the Titles may not always be vocative on their own. 'He saluted General Fightmeister walking into the room.' 'Everyone stood as Captain Jack Aubrey delivered a toast.' 'Supreme Court Chief Justice John Roberts is sticking to his guns .' 'Captain Mike Eruzione of the USA Miracle on Ice hockey team in 1980 turns 58 today.' Most LUs of this frame are related to LUs of the Leadership or Kinship frames, but some (e.g. Lady, Mr., Brother) occur only here. These LUs differ from normal examples of LUs in Leadership or Kinship in that the LUs are used simply as vocatives or as modifiers of names, to indicate how the individual fits into the general or specific social context.",business,34,True,True,Attention_getting|Leadership|People_by_vocation
"Wirral Ranger Services principal officer Jim Lester said : ` The number of cocklers in the estuary is much lower than it has been , partly due to the cockle beds being reduced .",officer,Appellations,"This frame is only for words that are used as the Titles of individuals. The Title is applied to a Name (surname or full name) and often designates their rank within a man-made institution (e.g. chief, king, bishop, brother) or general social status (mr., miss), or may indicate a kinship relationship (cousin, aunt). Pairings of Title and Name can be used as vocatives (see Attention_getting), while the Titles may not always be vocative on their own. 'He saluted General Fightmeister walking into the room.' 'Everyone stood as Captain Jack Aubrey delivered a toast.' 'Supreme Court Chief Justice John Roberts is sticking to his guns .' 'Captain Mike Eruzione of the USA Miracle on Ice hockey team in 1980 turns 58 today.' Most LUs of this frame are related to LUs of the Leadership or Kinship frames, but some (e.g. Lady, Mr., Brother) occur only here. These LUs differ from normal examples of LUs in Leadership or Kinship in that the LUs are used simply as vocatives or as modifiers of names, to indicate how the individual fits into the general or specific social context.",general,34,True,True,Attention_getting|Leadership|People_by_vocation
"US Cup press officer Jim Trecker says : ` If you did n't know the story , you would n't think it was anything out of the ordinary , it looks just like a plain grass field .",officer,Appellations,"This frame is only for words that are used as the Titles of individuals. The Title is applied to a Name (surname or full name) and often designates their rank within a man-made institution (e.g. chief, king, bishop, brother) or general social status (mr., miss), or may indicate a kinship relationship (cousin, aunt). Pairings of Title and Name can be used as vocatives (see Attention_getting), while the Titles may not always be vocative on their own. 'He saluted General Fightmeister walking into the room.' 'Everyone stood as Captain Jack Aubrey delivered a toast.' 'Supreme Court Chief Justice John Roberts is sticking to his guns .' 'Captain Mike Eruzione of the USA Miracle on Ice hockey team in 1980 turns 58 today.' Most LUs of this frame are related to LUs of the Leadership or Kinship frames, but some (e.g. Lady, Mr., Brother) occur only here. These LUs differ from normal examples of LUs in Leadership or Kinship in that the LUs are used simply as vocatives or as modifiers of names, to indicate how the individual fits into the general or specific social context.",general,38,True,True,Attention_getting|Leadership|People_by_vocation
Star of the Swansea show against the overrun police was CID officer Simon Davies with a hat-trick of tries .,officer,Appellations,"This frame is only for words that are used as the Titles of individuals. The Title is applied to a Name (surname or full name) and often designates their rank within a man-made institution (e.g. chief, king, bishop, brother) or general social status (mr., miss), or may indicate a kinship relationship (cousin, aunt). Pairings of Title and Name can be used as vocatives (see Attention_getting), while the Titles may not always be vocative on their own. 'He saluted General Fightmeister walking into the room.' 'Everyone stood as Captain Jack Aubrey delivered a toast.' 'Supreme Court Chief Justice John Roberts is sticking to his guns .' 'Captain Mike Eruzione of the USA Miracle on Ice hockey team in 1980 turns 58 today.' Most LUs of this frame are related to LUs of the Leadership or Kinship frames, but some (e.g. Lady, Mr., Brother) occur only here. These LUs differ from normal examples of LUs in Leadership or Kinship in that the LUs are used simply as vocatives or as modifiers of names, to indicate how the individual fits into the general or specific social context.",legal,20,True,True,Attention_getting|Leadership|People_by_vocation
"Arranging them in a curved shape , I used a small fern , some gorse , a few ` Canary Bird "" roses and some pansies .",arrange,Arranging,"An Agent puts a complex Theme into a particular Configuration, which can be a proper order, a correct or suitable sequence, or a spatial position. 'He arranged the elements in the pattern that we now call the periodic table.' 'Try to order them by importance. CNI '",general,27,True,True,Placing|Scheduling
"Take about three bananas , and cut them up and arrange them on a plate in four pieces to look like a monster .",arrange,Arranging,"An Agent puts a complex Theme into a particular Configuration, which can be a proper order, a correct or suitable sequence, or a spatial position. 'He arranged the elements in the pattern that we now call the periodic table.' 'Try to order them by importance. CNI '",general,24,True,True,Placing|Scheduling
"Far above in the belfry , the huge bronze bells , mounted on wheels , swing madly through a full 360 degrees , starting and ending , surprisingly , in the inverted , or mouth-up position .",wheel,Artifact,"An Artifact is deliberately made or modified by an intelligent entity to be put to a certain kind of Use. Various properties of the Artifact may be specified, such as its Creator, Time_of_creation, Name, Type, and the Material of which it is composed. The Artifact may or may not be a physical entity. 'There are reports that Kim Il Sung asked China to share its nuclear weapons technology.'",general,37,True,True,Bringing|Vehicle_subpart
"Drumheller told the Post he was surprised when a few days later , on February 5, 2003 , Powell told the U.N. Security Council that `` we have first-hand descriptions of biological weapons factories on wheels and rails . ''",wheel,Artifact,"An Artifact is deliberately made or modified by an intelligent entity to be put to a certain kind of Use. Various properties of the Artifact may be specified, such as its Creator, Time_of_creation, Name, Type, and the Material of which it is composed. The Artifact may or may not be a physical entity. 'There are reports that Kim Il Sung asked China to share its nuclear weapons technology.'",news_politics,40,True,True,Bringing|Vehicle_subpart
"Only then , when the wheels were almost moving , did I suddenly realize that my liberty lay in my own hands .",wheel,Artifact,"An Artifact is deliberately made or modified by an intelligent entity to be put to a certain kind of Use. Various properties of the Artifact may be specified, such as its Creator, Time_of_creation, Name, Type, and the Material of which it is composed. The Artifact may or may not be a physical entity. 'There are reports that Kim Il Sung asked China to share its nuclear weapons technology.'",general,23,True,True,Bringing|Vehicle_subpart
"The sound is equal parts glam , punk , and metal , and features Cheap Trick guitarist Rick Nielsen .",sound,Artistic_style,This frame contains LUs that express the Form which a piece of Artwork represents. The Form may also represent the entire body of an Artist's work. The Form may be further characterized by the Time of some Artwork's creation or other Descriptors. 'Her style of painting is an excellent blend of traditional and modern.' 'The whimsical style of this piece is very effective.',general,20,True,True,Cause_to_make_noise|Give_impression|Make_noise|Natural_features|Sensation
"A quick check into the sounds of its era reveals what the set 's 198 pages of liner notes do n't -- that 1959 , the year Sketches of Spain was recorded , was also the year The Soul of Spain by the mood orchestra 101 Strings hit the Top 40 .",sound,Artistic_style,This frame contains LUs that express the Form which a piece of Artwork represents. The Form may also represent the entire body of an Artist's work. The Form may be further characterized by the Time of some Artwork's creation or other Descriptors. 'Her style of painting is an excellent blend of traditional and modern.' 'The whimsical style of this piece is very effective.',general,52,True,True,Cause_to_make_noise|Give_impression|Make_noise|Natural_features|Sensation
"Meanwhile , the music 's sound and technology was providing the sonic space and public rituals for hip-hop -- as electrifying a pop form as I 've ever heard .",sound,Artistic_style,This frame contains LUs that express the Form which a piece of Artwork represents. The Form may also represent the entire body of an Artist's work. The Form may be further characterized by the Time of some Artwork's creation or other Descriptors. 'Her style of painting is an excellent blend of traditional and modern.' 'The whimsical style of this piece is very effective.',general,30,True,True,Cause_to_make_noise|Give_impression|Make_noise|Natural_features|Sensation
"Of the relatively few exceptions to the pattern two which call for mention are Chicheley Hall , Buckinghamshire ( 1719-21 ) , and Sutton Scarsdale , Derbyshire ( begun 1724 ) : the exotic façade of the former probably owes more to the taste of the patron , Sir John Chester , than to Smith 's own devising ; but Sutton Scarsdale , in part evidently inspired by Gibbs 's unexecuted design of 1721 for the university buildings at Cambridge , is his finest work , a wholly convincing essay in the heroic grand manner , in which the giant Corinthian order is handled with total assurance .",order,Artistic_style,This frame contains LUs that express the Form which a piece of Artwork represents. The Form may also represent the entire body of an Artist's work. The Form may be further characterized by the Time of some Artwork's creation or other Descriptors. 'Her style of painting is an excellent blend of traditional and modern.' 'The whimsical style of this piece is very effective.',daily_life,108,True,True,Arranging|Bail_decision|Biological_classification|Chaos|Law
"The interior walls are alternately recessed with square and semicircular niches and there are eight columns of the Corinthian order supporting an entablature , with , above , eight further columns of the Composite order .",order,Artistic_style,This frame contains LUs that express the Form which a piece of Artwork represents. The Form may also represent the entire body of an Artist's work. The Form may be further characterized by the Time of some Artwork's creation or other Descriptors. 'Her style of painting is an excellent blend of traditional and modern.' 'The whimsical style of this piece is very effective.',general,36,True,True,Arranging|Bail_decision|Biological_classification|Chaos|Law
"Also in the Corinthian Order , it has an almost intact peristyle of 20 columns but the entablature has been replaced by a modern roof .",order,Artistic_style,This frame contains LUs that express the Form which a piece of Artwork represents. The Form may also represent the entire body of an Artist's work. The Form may be further characterized by the Time of some Artwork's creation or other Descriptors. 'Her style of painting is an excellent blend of traditional and modern.' 'The whimsical style of this piece is very effective.',general,26,True,True,Arranging|Bail_decision|Biological_classification|Chaos|Law
It is still in use as the town gateway as is the other example on the other side of the town which uses the Corinthian Order ( 163 ) .,order,Artistic_style,This frame contains LUs that express the Form which a piece of Artwork represents. The Form may also represent the entire body of an Artist's work. The Form may be further characterized by the Time of some Artwork's creation or other Descriptors. 'Her style of painting is an excellent blend of traditional and modern.' 'The whimsical style of this piece is very effective.',general,30,True,True,Arranging|Bail_decision|Biological_classification|Chaos|Law
The arch has three openings divided by columns of the Corinthian Order based on sculptured pedestals ; the entablature is returned over each column .,order,Artistic_style,This frame contains LUs that express the Form which a piece of Artwork represents. The Form may also represent the entire body of an Artist's work. The Form may be further characterized by the Time of some Artwork's creation or other Descriptors. 'Her style of painting is an excellent blend of traditional and modern.' 'The whimsical style of this piece is very effective.',general,25,True,True,Arranging|Bail_decision|Biological_classification|Chaos|Law
"The annual opening ceremonies and the regular sessions are open to visitors , who can sit in the public gallery to watch the robed and white - wigged Speaker preside over the legislative deliberations ( the Assembly meets on Fridays from late October until early July ) .",meet,Assemble,"In this frame a group of Individuals intentionally come together to form a Group. Alternatively, a grammatically more prominent Party_1 assembles with a Party_2, expressed as an oblique phrase. If this asymmetric construal is chosen, Purpose only relates to Party_1. 'We assembled in the courtyard to talk about our future plans.' 'Our study group is convening outside today.' 'The Dodgers meet the San Francisco Giants tomorrow at Dodger Stadium.'",general,48,True,True,Come_together|Locative_relation|Make_acquaintance|Meet_specifications|Meet_with_response
"Saturday my study group ( go ahead , laugh ) met to discuss Doug Henwood 's new book Wall Street ( I missed this session because I had n't read the book ) and at lunchtime they went to a demonstration in Union Square , that was supposed to be of Latino sweatshop workers , and came away reeling : maybe fifteen people , mostly ancient sectarians and a few young ones , all full of the old rhetoric ( a moment of silence followed by a `` moment of rage '' with raised fists but some people did n't know how to do it , memories of the black athletes ' stand at the Mexico City Olympics having faded ) .",meet,Assemble,"In this frame a group of Individuals intentionally come together to form a Group. Alternatively, a grammatically more prominent Party_1 assembles with a Party_2, expressed as an oblique phrase. If this asymmetric construal is chosen, Purpose only relates to Party_1. 'We assembled in the courtyard to talk about our future plans.' 'Our study group is convening outside today.' 'The Dodgers meet the San Francisco Giants tomorrow at Dodger Stadium.'",general,122,True,True,Come_together|Locative_relation|Make_acquaintance|Meet_specifications|Meet_with_response
The two chambers of the modern House of Assembly meet in the so-called western building ( on the right side if you 're facing from the square ) ; the public - records office and government publications department are housed in the other historic buildings .,meet,Assemble,"In this frame a group of Individuals intentionally come together to form a Group. Alternatively, a grammatically more prominent Party_1 assembles with a Party_2, expressed as an oblique phrase. If this asymmetric construal is chosen, Purpose only relates to Party_1. 'We assembled in the courtyard to talk about our future plans.' 'Our study group is convening outside today.' 'The Dodgers meet the San Francisco Giants tomorrow at Dodger Stadium.'",news_politics,46,True,True,Come_together|Locative_relation|Make_acquaintance|Meet_specifications|Meet_with_response
Every August young women convene to light joss sticks and some even climb the nine - meter ( 30 - ft ) rock to pray for good husbands .,convene,Assemble,"In this frame a group of Individuals intentionally come together to form a Group. Alternatively, a grammatically more prominent Party_1 assembles with a Party_2, expressed as an oblique phrase. If this asymmetric construal is chosen, Purpose only relates to Party_1. 'We assembled in the courtyard to talk about our future plans.' 'Our study group is convening outside today.' 'The Dodgers meet the San Francisco Giants tomorrow at Dodger Stadium.'",general,29,True,True,Come_together|Gathering_up
"A cop for 13 years , he fled his post during the uprising , he said , but returned a week later because police work is all he knows .",post,Assigned_location,"An Individual is assigned a Station to remain at, usually in order to accomplish a task. The Station may have an intended use based on its features (e.g., a vendor's booth), or it may be temporarily assigned a use. 'The guards who remained at their stations had no idea what was going on two floors below.' 'Return to your post!'",legal,30,True,True,Sending|Sent_items|Time_vector
"The new , better-trained and better-equipped Iraqi forces include police who have defended their stations during insurgent attacks in Baghdad -- though some officers abandoned their posts in Mosul this month .",post,Assigned_location,"An Individual is assigned a Station to remain at, usually in order to accomplish a task. The Station may have an intended use based on its features (e.g., a vendor's booth), or it may be temporarily assigned a use. 'The guards who remained at their stations had no idea what was going on two floors below.' 'Return to your post!'",legal,32,True,True,Sending|Sent_items|Time_vector
"Three-quarters of the members of the 4,000-strong Mosul police force have abandoned their posts , said a senior military official in Iraq .",post,Assigned_location,"An Individual is assigned a Station to remain at, usually in order to accomplish a task. The Station may have an intended use based on its features (e.g., a vendor's booth), or it may be temporarily assigned a use. 'The guards who remained at their stations had no idea what was going on two floors below.' 'Return to your post!'",legal,23,True,True,Sending|Sent_items|Time_vector
Six of the engineers had swum to the northern bank where they were fastening a rope to a great elm tree .,fasten,Attaching,"The Attaching frame covers two situations: a scene in which somebody causes one thing to be physically connected to something else; or a scene in which somebody causes two things to be connected to each other. In the first, the frame includes an Agent who attaches an Item to a Goal by manipulating a Connector, creating an asymmetric relationship between the Item and the Goal. In the second, the Agent attaches two Items to each other, where each serves as a Goal for the other, creating a symmetric relationship between the two Items. In both cases, the Connector remains to bind the two entities (either Item and Goal, or two Items), without creating a new entity. 'The robber tied Harry to the chair.' 'Make sure you bind his wrists as tightly as possible.'",business,22,True,True,Becoming_attached|Closure
"At the Grand , David Swan fastened his amended photopass to his jacket and set off briskly towards the conference centre some two hundred yards away .",fasten,Attaching,"The Attaching frame covers two situations: a scene in which somebody causes one thing to be physically connected to something else; or a scene in which somebody causes two things to be connected to each other. In the first, the frame includes an Agent who attaches an Item to a Goal by manipulating a Connector, creating an asymmetric relationship between the Item and the Goal. In the second, the Agent attaches two Items to each other, where each serves as a Goal for the other, creating a symmetric relationship between the two Items. In both cases, the Connector remains to bind the two entities (either Item and Goal, or two Items), without creating a new entity. 'The robber tied Harry to the chair.' 'Make sure you bind his wrists as tightly as possible.'",news_politics,27,True,True,Becoming_attached|Closure
"The wire is generally fastened to the bracelet with a popper so even if she forgets about it and walks away from her machine with it still attached , it will just pop apart .",fasten,Attaching,"The Attaching frame covers two situations: a scene in which somebody causes one thing to be physically connected to something else; or a scene in which somebody causes two things to be connected to each other. In the first, the frame includes an Agent who attaches an Item to a Goal by manipulating a Connector, creating an asymmetric relationship between the Item and the Goal. In the second, the Agent attaches two Items to each other, where each serves as a Goal for the other, creating a symmetric relationship between the two Items. In both cases, the Connector remains to bind the two entities (either Item and Goal, or two Items), without creating a new entity. 'The robber tied Harry to the chair.' 'Make sure you bind his wrists as tightly as possible.'",sports,35,True,True,Becoming_attached|Closure
The edges of adjacent planks were not fastened together mechanically but stood open so as to form a V-shaped groove .,fasten,Attaching,"The Attaching frame covers two situations: a scene in which somebody causes one thing to be physically connected to something else; or a scene in which somebody causes two things to be connected to each other. In the first, the frame includes an Agent who attaches an Item to a Goal by manipulating a Connector, creating an asymmetric relationship between the Item and the Goal. In the second, the Agent attaches two Items to each other, where each serves as a Goal for the other, creating a symmetric relationship between the two Items. In both cases, the Connector remains to bind the two entities (either Item and Goal, or two Items), without creating a new entity. 'The robber tied Harry to the chair.' 'Make sure you bind his wrists as tightly as possible.'",general,21,True,True,Becoming_attached|Closure
A TRANMERE man who attacked two sisters at a party told police he remembered little or nothing about it because of the quantity of drink he had consumed .,attack,Attack,"An Assailant physically attacks a Victim (which is usually but not always sentient), causing or intending to cause the Victim physical damage. A Weapon used by the Assailant may also be mentioned, in addition to the usual Place, Time, Purpose, Explanation, etc. Sometimes a location is used metonymically to stand for the Assailant or the Victim, and in such cases the Place FE will be annotated on a second FE layer. 'As soon as he stepped out of the bar he was set upon by four men in ski-masks.' 'Is he invading Iraq just to cover other shortcomings?' 'Then Jon-O's forces ambushed them on the left flank from a line of low hills.'",legal,29,True,True,Firefighting|Judgment_communication
On Feb. 26 the UK forces suffered their worst losses when nine soldiers were killed after being mistakenly attacked by a US aircraft .,attack,Attack,"An Assailant physically attacks a Victim (which is usually but not always sentient), causing or intending to cause the Victim physical damage. A Weapon used by the Assailant may also be mentioned, in addition to the usual Place, Time, Purpose, Explanation, etc. Sometimes a location is used metonymically to stand for the Assailant or the Victim, and in such cases the Place FE will be annotated on a second FE layer. 'As soon as he stepped out of the bar he was set upon by four men in ski-masks.' 'Is he invading Iraq just to cover other shortcomings?' 'Then Jon-O's forces ambushed them on the left flank from a line of low hills.'",general,24,True,True,Firefighting|Judgment_communication
"The man was speaking two days after his 14-year-old daughter was attacked in a garden 100 yards from her home in Lanchester , Co Durham .",attack,Attack,"An Assailant physically attacks a Victim (which is usually but not always sentient), causing or intending to cause the Victim physical damage. A Weapon used by the Assailant may also be mentioned, in addition to the usual Place, Time, Purpose, Explanation, etc. Sometimes a location is used metonymically to stand for the Assailant or the Victim, and in such cases the Place FE will be annotated on a second FE layer. 'As soon as he stepped out of the bar he was set upon by four men in ski-masks.' 'Is he invading Iraq just to cover other shortcomings?' 'Then Jon-O's forces ambushed them on the left flank from a line of low hills.'",daily_life,26,True,True,Firefighting|Judgment_communication
"Two American destroyers , the Maddox and the C. Turner Joy , were attacked by North Vietnamese boats in the Gulf of Tonkin .",attack,Attack,"An Assailant physically attacks a Victim (which is usually but not always sentient), causing or intending to cause the Victim physical damage. A Weapon used by the Assailant may also be mentioned, in addition to the usual Place, Time, Purpose, Explanation, etc. Sometimes a location is used metonymically to stand for the Assailant or the Victim, and in such cases the Place FE will be annotated on a second FE layer. 'As soon as he stepped out of the bar he was set upon by four men in ski-masks.' 'Is he invading Iraq just to cover other shortcomings?' 'Then Jon-O's forces ambushed them on the left flank from a line of low hills.'",general,24,True,True,Firefighting|Judgment_communication
"The troops fired blanks into the air , but were attacked by the Uzbeks with stones and petrol bombs , and only succeeded in clearing the area by firing live rounds over the heads of the crowd .",attack,Attack,"An Assailant physically attacks a Victim (which is usually but not always sentient), causing or intending to cause the Victim physical damage. A Weapon used by the Assailant may also be mentioned, in addition to the usual Place, Time, Purpose, Explanation, etc. Sometimes a location is used metonymically to stand for the Assailant or the Victim, and in such cases the Place FE will be annotated on a second FE layer. 'As soon as he stepped out of the bar he was set upon by four men in ski-masks.' 'Is he invading Iraq just to cover other shortcomings?' 'Then Jon-O's forces ambushed them on the left flank from a line of low hills.'",general,38,True,True,Firefighting|Judgment_communication
"Mr Peter Haliday , the district police commander for the area surrounding the Whitehead Detention Centre , Hong Kong 's largest camp for boat people , said the victims were attacked in their sleep by 10 men .",attack,Attack,"An Assailant physically attacks a Victim (which is usually but not always sentient), causing or intending to cause the Victim physical damage. A Weapon used by the Assailant may also be mentioned, in addition to the usual Place, Time, Purpose, Explanation, etc. Sometimes a location is used metonymically to stand for the Assailant or the Victim, and in such cases the Place FE will be annotated on a second FE layer. 'As soon as he stepped out of the bar he was set upon by four men in ski-masks.' 'Is he invading Iraq just to cover other shortcomings?' 'Then Jon-O's forces ambushed them on the left flank from a line of low hills.'",legal,38,True,True,Firefighting|Judgment_communication
"If you really feel that there is no opportunity in your life for you to do any of the things mentioned ( or anything else which appeals to you ) , try using your imagination .",try,Attempt_means,"An Agent attempts to achieve a Goal using some Means. 'John tried using a crowbar to open the door.' 'They tried opening the window in order to rob the store.' Very frequently, an entity involved in a Means action stands in for the Means, and similarly a Goal may be metonymically expressed with an entity related to a Goal situation: 'John tried a crowbar on the door.' 'They tried the window in order to rob the store.' Unlike the Attempt frame, the Means is focused upon, and the Goal is often implicit. This frame answers the question of how something is to be attempted, rather than what is being attempted. The frames can be most reliably distinguished by paraphrasing a sentence with ""give X a try"", since ""give try"" belongs only in this frame.",general,36,True,True,Attempt|Tasting|Try_defendant|Trying_out
"Try using the same number and range of staff that are presently involved in giving nursing care , however it is organised .",try,Attempt_means,"An Agent attempts to achieve a Goal using some Means. 'John tried using a crowbar to open the door.' 'They tried opening the window in order to rob the store.' Very frequently, an entity involved in a Means action stands in for the Means, and similarly a Goal may be metonymically expressed with an entity related to a Goal situation: 'John tried a crowbar on the door.' 'They tried the window in order to rob the store.' Unlike the Attempt frame, the Means is focused upon, and the Goal is often implicit. This frame answers the question of how something is to be attempted, rather than what is being attempted. The frames can be most reliably distinguished by paraphrasing a sentence with ""give X a try"", since ""give try"" belongs only in this frame.",daily_life,23,True,True,Attempt|Tasting|Try_defendant|Trying_out
and the bank has a lot of programs now for child care referrals i 've of course it 's too late for me so i 've i 've not tried them to see how effective they are but,try,Attempt_means,"An Agent attempts to achieve a Goal using some Means. 'John tried using a crowbar to open the door.' 'They tried opening the window in order to rob the store.' Very frequently, an entity involved in a Means action stands in for the Means, and similarly a Goal may be metonymically expressed with an entity related to a Goal situation: 'John tried a crowbar on the door.' 'They tried the window in order to rob the store.' Unlike the Attempt frame, the Means is focused upon, and the Goal is often implicit. This frame answers the question of how something is to be attempted, rather than what is being attempted. The frames can be most reliably distinguished by paraphrasing a sentence with ""give X a try"", since ""give try"" belongs only in this frame.",business,38,True,True,Attempt|Tasting|Try_defendant|Trying_out
One low cost / high value option would be for companies that have already tried a particular research direction to warn TDI if the collaboration was about to investigate a known dead end .,try,Attempt_means,"An Agent attempts to achieve a Goal using some Means. 'John tried using a crowbar to open the door.' 'They tried opening the window in order to rob the store.' Very frequently, an entity involved in a Means action stands in for the Means, and similarly a Goal may be metonymically expressed with an entity related to a Goal situation: 'John tried a crowbar on the door.' 'They tried the window in order to rob the store.' Unlike the Attempt frame, the Means is focused upon, and the Goal is often implicit. This frame answers the question of how something is to be attempted, rather than what is being attempted. The frames can be most reliably distinguished by paraphrasing a sentence with ""give X a try"", since ""give try"" belongs only in this frame.",news_politics,34,True,True,Attempt|Tasting|Try_defendant|Trying_out
"` Please , "" Melissa urged , ` there 's no need to say any more , "" but Madame Gebrec continued as if she had not spoken .",urge,Attempt_suasion,"The Speaker expresses through language his wish to get the Addressee to act in some way that will help to bring about events or states described in the Content. There is no implication that the Addressee forms an intention to act, let alone acts. 'Mr Smithers always encourages the employees to stay late and work harder.' 'Dennis Rodman advises moderation in all things. INI' The Content most prototypically refers to an action that the Addressee will carry out themselves, but may (in the case of valences with a non-finite Content clause) merely refer to a situation that they have indirect influence over, as in the following 'When I talked to her, I suggested that he be removed from office . DNI '",general,29,True,True,Desiring|Request
"` Believe it , Hilary , "" he urged gently , and when she smiled he whispered , ` Can we go back to bed now ? """,urge,Attempt_suasion,"The Speaker expresses through language his wish to get the Addressee to act in some way that will help to bring about events or states described in the Content. There is no implication that the Addressee forms an intention to act, let alone acts. 'Mr Smithers always encourages the employees to stay late and work harder.' 'Dennis Rodman advises moderation in all things. INI' The Content most prototypically refers to an action that the Addressee will carry out themselves, but may (in the case of valences with a non-finite Content clause) merely refer to a situation that they have indirect influence over, as in the following 'When I talked to her, I suggested that he be removed from office . DNI '",general,28,True,True,Desiring|Request
"The conference will be attended by directors , health service chief executives and directors of purchasing , as well as delegates from the independent sector .",attend,Attending,An Agent goes to an Event and is present in a relatively non-participatory way. 'The Angolan guerrillas will attend a September meeting in Zaire.' 'We just go to the movies when it rains.' 'His attendance at the funeral did not go unnoticed.',general,26,True,True,Attention|Perception_active
"To make things worse , he attended a meeting in South Africa without the permission of his Church Chairman .",attend,Attending,An Agent goes to an Event and is present in a relatively non-participatory way. 'The Angolan guerrillas will attend a September meeting in Zaire.' 'We just go to the movies when it rains.' 'His attendance at the funeral did not go unnoticed.',general,20,True,True,Attention|Perception_active
"Mr Wilson , who is a member of the Irish Senate , also announced today that he would be attending the funeral of three-year-old Johnathan Ball , who died in the Warrington blast .",attend,Attending,An Agent goes to an Event and is present in a relatively non-participatory way. 'The Angolan guerrillas will attend a September meeting in Zaire.' 'We just go to the movies when it rains.' 'His attendance at the funeral did not go unnoticed.',news_politics,34,True,True,Attention|Perception_active
"Earlier , 270 candles were lit after a ceremony attended by 1,000 local people in Dryfesdale cemetery to dedicate a garden of remembrance .",attend,Attending,An Agent goes to an Event and is present in a relatively non-participatory way. 'The Angolan guerrillas will attend a September meeting in Zaire.' 'We just go to the movies when it rains.' 'His attendance at the funeral did not go unnoticed.',general,24,True,True,Attention|Perception_active
"In fact the health visitor diagnosed a problem with speech at his screening at age 3 , and he began attending the local health clinic for speech therapy .",attend,Attending,An Agent goes to an Event and is present in a relatively non-participatory way. 'The Angolan guerrillas will attend a September meeting in Zaire.' 'We just go to the movies when it rains.' 'His attendance at the funeral did not go unnoticed.',general,29,True,True,Attention|Perception_active
Tonight the Soviets attend a reception at the House of Commons and another tiny barrier will be broken down on Wednesday when the Combined Services provide the opposition at Aldershot .,attend,Attending,An Agent goes to an Event and is present in a relatively non-participatory way. 'The Angolan guerrillas will attend a September meeting in Zaire.' 'We just go to the movies when it rains.' 'His attendance at the funeral did not go unnoticed.',general,31,True,True,Attention|Perception_active
"Always be alert for a bad swing or a wing-tip touching the ground on take off and have your hand near the release , ready .",alert,Attention,"This frame concerns a Perceiver's state of readiness to process and consider impressions of a Figure within a Ground. It is often unknown to the Perceiver whether or not the Figure exists within the Ground. Alternatively, the Expressor may be expressed as showing signs of the Perceiver's state of attentiveness. 'Legislator tells consumers to be alert to dioxin levels.' 'They demand an attentive gaze, a careful accounting of parts.'",general,26,True,True,Be_on_alert|Warning
"An amorous meeting is forecast , so keep yourself smart , sociable and suitably alert for what promises to be an interesting episode .",alert,Attention,"This frame concerns a Perceiver's state of readiness to process and consider impressions of a Figure within a Ground. It is often unknown to the Perceiver whether or not the Figure exists within the Ground. Alternatively, the Expressor may be expressed as showing signs of the Perceiver's state of attentiveness. 'Legislator tells consumers to be alert to dioxin levels.' 'They demand an attentive gaze, a careful accounting of parts.'",general,24,True,True,Be_on_alert|Warning
"In commercial computer applications , he believes sound will be particularly important in collaborative tasks , where people need to be alert to what colleagues are doing , without having it distractingly thrust upon their attention .",alert,Attention,"This frame concerns a Perceiver's state of readiness to process and consider impressions of a Figure within a Ground. It is often unknown to the Perceiver whether or not the Figure exists within the Ground. Alternatively, the Expressor may be expressed as showing signs of the Perceiver's state of attentiveness. 'Legislator tells consumers to be alert to dioxin levels.' 'They demand an attentive gaze, a careful accounting of parts.'",sports,37,True,True,Be_on_alert|Warning
"From the moment you first suspect you 're pregnant , you are alert to each change in your body and the way you feel .",alert,Attention,"This frame concerns a Perceiver's state of readiness to process and consider impressions of a Figure within a Ground. It is often unknown to the Perceiver whether or not the Figure exists within the Ground. Alternatively, the Expressor may be expressed as showing signs of the Perceiver's state of attentiveness. 'Legislator tells consumers to be alert to dioxin levels.' 'They demand an attentive gaze, a careful accounting of parts.'",general,25,True,True,Be_on_alert|Warning
"He said : ` We would urge people to be aware and be alert with fireworks because your fun might be someone else 's tragedy . """,alert,Attention,"This frame concerns a Perceiver's state of readiness to process and consider impressions of a Figure within a Ground. It is often unknown to the Perceiver whether or not the Figure exists within the Ground. Alternatively, the Expressor may be expressed as showing signs of the Perceiver's state of attentiveness. 'Legislator tells consumers to be alert to dioxin levels.' 'They demand an attentive gaze, a careful accounting of parts.'",news_politics,27,True,True,Be_on_alert|Warning
Much of the game was taken up with mauls which an alert French referee often had to turn into scrums .,alert,Attention,"This frame concerns a Perceiver's state of readiness to process and consider impressions of a Figure within a Ground. It is often unknown to the Perceiver whether or not the Figure exists within the Ground. Alternatively, the Expressor may be expressed as showing signs of the Perceiver's state of attentiveness. 'Legislator tells consumers to be alert to dioxin levels.' 'They demand an attentive gaze, a careful accounting of parts.'",sports,21,True,True,Be_on_alert|Warning
"Sometimes it 's difficult to believe , as I look into Drew 's light face , that he was ever that dark , depressed boy who wore nothing but black and listened to the same song over and over again .",dark,Attitude_description,"The lexical units in this frame are descriptions of a Cognizer's Attitude about or outlook on a State_of_affairs. '' 'Carl is becoming more pessimistic about the negotiations every day.' 'The benefits of cluelessness come from living in a society where people take an optimistic view of life.' '' The State_of_affairs can be expressed without a Cognizer in many cases, as shown in the following: '' 'The situation is fairly grim at the moment.' ''",general,41,True,True,Color_qualities|Level_of_light|Morality_evaluation|Openness
"Inspector Baynes visited us at Baker Street with a printed description of the dark face of the secretary , and of the masterful features , the magnetic black eyes , and the tufted brows of his master .",dark,Attitude_description,"The lexical units in this frame are descriptions of a Cognizer's Attitude about or outlook on a State_of_affairs. '' 'Carl is becoming more pessimistic about the negotiations every day.' 'The benefits of cluelessness come from living in a society where people take an optimistic view of life.' '' The State_of_affairs can be expressed without a Cognizer in many cases, as shown in the following: '' 'The situation is fairly grim at the moment.' ''",general,38,True,True,Color_qualities|Level_of_light|Morality_evaluation|Openness
"Real-estate moguls , the only folks who made real money in D.C. until recently , were shut out of power Washington - except for sports team owners Jack Kent Cooke and Abe Pollin .",power,Authority,An Agent has the means to affect a Theme along the lines of a certain Domain. There is an imbalance of influence or power within a certain Domain that favors the Agent (often due to some Source) over the Theme. 'His authority over his subjects was given to him by God.' 'Congress has the power to enact laws.' 'Only the King has the authority to declare war.',sports,34,True,True,Capability|Electricity|Level_of_force_exertion|Objective_influence
"A new coalition , they hoped , would break the power of the landed élite and bring about a social revolution in the South .",power,Authority,An Agent has the means to affect a Theme along the lines of a certain Domain. There is an imbalance of influence or power within a certain Domain that favors the Agent (often due to some Source) over the Theme. 'His authority over his subjects was given to him by God.' 'Congress has the power to enact laws.' 'Only the King has the authority to declare war.',general,25,True,True,Capability|Electricity|Level_of_force_exertion|Objective_influence
"If Congress `` would not have enacted those provisions which are within its power , independently of that which is not , '' then courts must strike the provisions as a piece .",power,Authority,An Agent has the means to affect a Theme along the lines of a certain Domain. There is an imbalance of influence or power within a certain Domain that favors the Agent (often due to some Source) over the Theme. 'His authority over his subjects was given to him by God.' 'Congress has the power to enact laws.' 'Only the King has the authority to declare war.',news_politics,33,True,True,Capability|Electricity|Level_of_force_exertion|Objective_influence
"It results from the sovereign power of the Government to directly create money and , although not an inflow of resources from the public , does increase the Government 's net position in the same manner as an inflow of resources .",power,Authority,An Agent has the means to affect a Theme along the lines of a certain Domain. There is an imbalance of influence or power within a certain Domain that favors the Agent (often due to some Source) over the Theme. 'His authority over his subjects was given to him by God.' 'Congress has the power to enact laws.' 'Only the King has the authority to declare war.',news_politics,42,True,True,Capability|Electricity|Level_of_force_exertion|Objective_influence
"According to witness reports , the home owners had a new water heater installed just last week , but it is not known if the fire was caused by the heater .",known,Awareness_status,"Some Content is part of the mental model of a Cognizer. The Cognizer arrives at the mental model not by direct perception but by reasoning from perceived phenomena. Alternatively, the Role of a particular object is known to be applicable to that object. 'That fact is known to many.' 'The presumed killer was last seen driving south on the interstate.'",daily_life,32,True,True,Being_named|Fame
"Took him to the station and routine happened -- they had to call the bridewell surgeon and the drunk could call his own doctor , fixing bail and so on .",fix,Bail_decision,"This frame covers a step in a criminal process in which a Judge decides whether the Accused should be released on bail, and, if so, what the amount of the bail should be. '' 'Thorsen, of Grimstad, Norway, was granted $100,000 bail until June 18.' 'He was granted conditional bail by Teesside Magistrates.'",general,31,True,True,Activity_prepare|Attaching|Cooking_creation|Predicament|Resolve_problem
Alleged White House gunman Robert Pickett was arraigned Wednesday at a federal court in Washington and ordered held without bond .,order,Bail_decision,"This frame covers a step in a criminal process in which a Judge decides whether the Accused should be released on bail, and, if so, what the amount of the bail should be. '' 'Thorsen, of Grimstad, Norway, was granted $100,000 bail until June 18.' 'He was granted conditional bail by Teesside Magistrates.'",news_politics,21,True,True,Arranging|Artistic_style|Biological_classification|Chaos|Law
"The treaty of Nanjing had opened the interior of China , but no existing mission had accepted the challenge .",treaty,Be_in_agreement_on_action,"Two (or more) people (the Parties, also encodable as Party_1 and Party_2) have an agreement. Both sides are construed as having a commitment to an Obligation--the relationship is understood to be symmetrical or reciprocal. Instead of a specific mention of the Obligation, a Topic expression may be used to indicate the domain covered. 'The US and Russia have an agreement to share early warning data on missile launches.'",general,20,True,True,Documents|Make_agreement_on_action
"After all , Mr Yeltsin and Mr Gorbachev before him have made more concessions to the western powers than any Russian leader since Lenin in 1918 accepted the Russo-German treaty of Brest-Litovsk .",treaty,Be_in_agreement_on_action,"Two (or more) people (the Parties, also encodable as Party_1 and Party_2) have an agreement. Both sides are construed as having a commitment to an Obligation--the relationship is understood to be symmetrical or reciprocal. Instead of a specific mention of the Obligation, a Topic expression may be used to indicate the domain covered. 'The US and Russia have an agreement to share early warning data on missile launches.'",general,33,True,True,Documents|Make_agreement_on_action
"In view of his assessment of the damage that they are likely to cause to employment in this country , will he say under which article of the treaty of Rome they have been proposed ?",treaty,Be_in_agreement_on_action,"Two (or more) people (the Parties, also encodable as Party_1 and Party_2) have an agreement. Both sides are construed as having a commitment to an Obligation--the relationship is understood to be symmetrical or reciprocal. Instead of a specific mention of the Obligation, a Topic expression may be used to indicate the domain covered. 'The US and Russia have an agreement to share early warning data on missile launches.'",business,36,True,True,Documents|Make_agreement_on_action
"But the settlers had been courtiers , the sons and daughters of kings and dukes exchanged in marriages which formed part of peace treaties between the Black Land and the Nation of the North-East .",treaty,Be_in_agreement_on_action,"Two (or more) people (the Parties, also encodable as Party_1 and Party_2) have an agreement. Both sides are construed as having a commitment to an Obligation--the relationship is understood to be symmetrical or reciprocal. Instead of a specific mention of the Obligation, a Topic expression may be used to indicate the domain covered. 'The US and Russia have an agreement to share early warning data on missile launches.'",news_politics,35,True,True,Documents|Make_agreement_on_action
The union of Marr and Quando was also seen as a peace treaty between The Smiths and The Factory organisation .,treaty,Be_in_agreement_on_action,"Two (or more) people (the Parties, also encodable as Party_1 and Party_2) have an agreement. Both sides are construed as having a commitment to an Obligation--the relationship is understood to be symmetrical or reciprocal. Instead of a specific mention of the Obligation, a Topic expression may be used to indicate the domain covered. 'The US and Russia have an agreement to share early warning data on missile launches.'",general,21,True,True,Documents|Make_agreement_on_action
"King Fahd of Saudi Arabia began a visit to Egypt on March 27 , 1989 , the day after the 10th anniversary of the 1979 treaty between Israel and Egypt .",treaty,Be_in_agreement_on_action,"Two (or more) people (the Parties, also encodable as Party_1 and Party_2) have an agreement. Both sides are construed as having a commitment to an Obligation--the relationship is understood to be symmetrical or reciprocal. Instead of a specific mention of the Obligation, a Topic expression may be used to indicate the domain covered. 'The US and Russia have an agreement to share early warning data on missile launches.'",general,31,True,True,Documents|Make_agreement_on_action
"The ratification of similar treaties with Latvia and Estonia could be jeopardized , according to Shelov-Kovedyayev , by language and draft citizenship laws .",treaty,Be_in_agreement_on_action,"Two (or more) people (the Parties, also encodable as Party_1 and Party_2) have an agreement. Both sides are construed as having a commitment to an Obligation--the relationship is understood to be symmetrical or reciprocal. Instead of a specific mention of the Obligation, a Topic expression may be used to indicate the domain covered. 'The US and Russia have an agreement to share early warning data on missile launches.'",legal,24,True,True,Documents|Make_agreement_on_action
"Like the Permanent Court , Waldock focused on the intention of the parties to the treaty and the consent of the third party to any such right .",treaty,Be_in_agreement_on_action,"Two (or more) people (the Parties, also encodable as Party_1 and Party_2) have an agreement. Both sides are construed as having a commitment to an Obligation--the relationship is understood to be symmetrical or reciprocal. Instead of a specific mention of the Obligation, a Topic expression may be used to indicate the domain covered. 'The US and Russia have an agreement to share early warning data on missile launches.'",news_politics,28,True,True,Documents|Make_agreement_on_action
"Make sure you agree from the start on whether babysitting is part of her job , and if so how often .",agree,Be_in_agreement_on_assessment,"The Cognizers have a similarity (or dissimilarity) in their Opinion. The Cognizers may be expressed separately, with Cognizer_2 being the basis for establishing the Opinion of Cognizer_1. Rather than a specific Opinion, a phenomenon about which a similar or differing Opinion is held, the Topic, may be specified. A specific Opinion may also go unmentioned when the Opinions of the Cognizers are understood as answers to a Question. 'Dr. Gerry and Mr. Pond agree in their impressions.' ' This copyeditor and I mostly see eye to eye on things.' 'I agree with you that everything should be monitored to keep the person from wasting time and protecting the interests of the company.'",general,22,True,True,Agree_or_refuse_to_act|Compatibility|Make_agreement_on_action
"The 44 delegates , drawn from ruling and opposition parties and interest groups , agreed on the need for a United States-style constitution , with an executive president possibly elected by universal suffrage .",agree,Be_in_agreement_on_assessment,"The Cognizers have a similarity (or dissimilarity) in their Opinion. The Cognizers may be expressed separately, with Cognizer_2 being the basis for establishing the Opinion of Cognizer_1. Rather than a specific Opinion, a phenomenon about which a similar or differing Opinion is held, the Topic, may be specified. A specific Opinion may also go unmentioned when the Opinions of the Cognizers are understood as answers to a Question. 'Dr. Gerry and Mr. Pond agree in their impressions.' ' This copyeditor and I mostly see eye to eye on things.' 'I agree with you that everything should be monitored to keep the person from wasting time and protecting the interests of the company.'",news_politics,34,True,True,Agree_or_refuse_to_act|Compatibility|Make_agreement_on_action
I do not agree with his analysis about the Government looking after number one and therefore encouraging people to commit crime .,agree,Be_in_agreement_on_assessment,"The Cognizers have a similarity (or dissimilarity) in their Opinion. The Cognizers may be expressed separately, with Cognizer_2 being the basis for establishing the Opinion of Cognizer_1. Rather than a specific Opinion, a phenomenon about which a similar or differing Opinion is held, the Topic, may be specified. A specific Opinion may also go unmentioned when the Opinions of the Cognizers are understood as answers to a Question. 'Dr. Gerry and Mr. Pond agree in their impressions.' ' This copyeditor and I mostly see eye to eye on things.' 'I agree with you that everything should be monitored to keep the person from wasting time and protecting the interests of the company.'",news_politics,22,True,True,Agree_or_refuse_to_act|Compatibility|Make_agreement_on_action
"The attorney agreed with Haydon about the injustice of the proceedings , and told him to return that evening to settle the matter finally .",agree,Be_in_agreement_on_assessment,"The Cognizers have a similarity (or dissimilarity) in their Opinion. The Cognizers may be expressed separately, with Cognizer_2 being the basis for establishing the Opinion of Cognizer_1. Rather than a specific Opinion, a phenomenon about which a similar or differing Opinion is held, the Topic, may be specified. A specific Opinion may also go unmentioned when the Opinions of the Cognizers are understood as answers to a Question. 'Dr. Gerry and Mr. Pond agree in their impressions.' ' This copyeditor and I mostly see eye to eye on things.' 'I agree with you that everything should be monitored to keep the person from wasting time and protecting the interests of the company.'",general,25,True,True,Agree_or_refuse_to_act|Compatibility|Make_agreement_on_action
"A major Swedish newspaper , Svenska Daghbladet , said Swedish troops stationed at the base were put on standby alert during the mob rampage but were not deployed .",alert,Be_on_alert,A Protagonist has become aware of a possible Danger (a dangerous event or a Dangerous_entity that might participate in an event harmful to the Protagonist) and is ready to engage in an Activity in response to that Danger. 'All tropps are on high alert for possible intruders following an attack on a nearby compound.' 'we're on alert to stop anyone trying to sneak in.' 'we're on guard for possible sabotage.',general,29,True,True,Attention|Warning
"Jordanian security forces were placed on high alert , deploying throughout the capital around hotels , embassies and malls .",alert,Be_on_alert,A Protagonist has become aware of a possible Danger (a dangerous event or a Dangerous_entity that might participate in an event harmful to the Protagonist) and is ready to engage in an Activity in response to that Danger. 'All tropps are on high alert for possible intruders following an attack on a nearby compound.' 'we're on alert to stop anyone trying to sneak in.' 'we're on guard for possible sabotage.',general,20,True,True,Attention|Warning
"U. S. officials said they had not increased security at domestic airports , which have been on alert since an attempt to blow up two U. S. -bound cargo planes in October .",alert,Be_on_alert,A Protagonist has become aware of a possible Danger (a dangerous event or a Dangerous_entity that might participate in an event harmful to the Protagonist) and is ready to engage in an Activity in response to that Danger. 'All tropps are on high alert for possible intruders following an attack on a nearby compound.' 'we're on alert to stop anyone trying to sneak in.' 'we're on guard for possible sabotage.',daily_life,33,True,True,Attention|Warning
"After Wednesday 's attack , court proceedings were suspended , the complex evacuated and the nation placed on alert .",alert,Be_on_alert,A Protagonist has become aware of a possible Danger (a dangerous event or a Dangerous_entity that might participate in an event harmful to the Protagonist) and is ready to engage in an Activity in response to that Danger. 'All tropps are on high alert for possible intruders following an attack on a nearby compound.' 'we're on alert to stop anyone trying to sneak in.' 'we're on guard for possible sabotage.',news_politics,20,True,True,Attention|Warning
"The base was on heightened alert for much of the day , with parts of the installation cleared of personnel and military flights in and out employing defensive measures such as use of chaff and flares .",alert,Be_on_alert,A Protagonist has become aware of a possible Danger (a dangerous event or a Dangerous_entity that might participate in an event harmful to the Protagonist) and is ready to engage in an Activity in response to that Danger. 'All tropps are on high alert for possible intruders following an attack on a nearby compound.' 'we're on alert to stop anyone trying to sneak in.' 'we're on guard for possible sabotage.',general,37,True,True,Attention|Warning
""" General quarters "" was sounded to put the crew on full battle alert as soon as it was realized that the ship was under attack , he said .",alert,Be_on_alert,A Protagonist has become aware of a possible Danger (a dangerous event or a Dangerous_entity that might participate in an event harmful to the Protagonist) and is ready to engage in an Activity in response to that Danger. 'All tropps are on high alert for possible intruders following an attack on a nearby compound.' 'we're on alert to stop anyone trying to sneak in.' 'we're on guard for possible sabotage.',general,30,True,True,Attention|Warning
The House of Mattli was a husband and wife team who were numbered amongst the top ten names in the Incorporated Society of London Fashion Designers .,number,Be_subset_of,A Part is considered to be a member of the set described by the Total. The relationship between Part and Total subset-superset rather than part-whole (as it is in the frames Part_whole and Including). 'Dr. Nelson numbers among the world?s foremost geotechnical engineering experts.' 'Restaurant-Pizzeria Dante counts among the few restaurants of Florence where you can find good typical Tuscan and fish dishes and a first-class pizza.',sports,27,True,True,Amounting_to|Cardinal_numbers|Quantified_mass|Quantity
Two of the top 10 data-processing firms in Japan are numbered among these subsidiaries : Nippon Business Consultants and Hitachi Software Engineering ( HSE ) .,number,Be_subset_of,A Part is considered to be a member of the set described by the Total. The relationship between Part and Total subset-superset rather than part-whole (as it is in the frames Part_whole and Including). 'Dr. Nelson numbers among the world?s foremost geotechnical engineering experts.' 'Restaurant-Pizzeria Dante counts among the few restaurants of Florence where you can find good typical Tuscan and fish dishes and a first-class pizza.',news_politics,26,True,True,Amounting_to|Cardinal_numbers|Quantified_mass|Quantity
"His enemies in the Party , who were numbered among the brightest and the best , suggested unkindly that his libido was turbo-assisted , and that he traded in his women after two years .",number,Be_subset_of,A Part is considered to be a member of the set described by the Total. The relationship between Part and Total subset-superset rather than part-whole (as it is in the frames Part_whole and Including). 'Dr. Nelson numbers among the world?s foremost geotechnical engineering experts.' 'Restaurant-Pizzeria Dante counts among the few restaurants of Florence where you can find good typical Tuscan and fish dishes and a first-class pizza.',business,35,True,True,Amounting_to|Cardinal_numbers|Quantified_mass|Quantity
"Among his colleagues there was his feoffee John Hoton of Tudhoe , who should probably also be numbered among Gloucester 's Durham associates .",number,Be_subset_of,A Part is considered to be a member of the set described by the Total. The relationship between Part and Total subset-superset rather than part-whole (as it is in the frames Part_whole and Including). 'Dr. Nelson numbers among the world?s foremost geotechnical engineering experts.' 'Restaurant-Pizzeria Dante counts among the few restaurants of Florence where you can find good typical Tuscan and fish dishes and a first-class pizza.',sports,24,True,True,Amounting_to|Cardinal_numbers|Quantified_mass|Quantity
"Dying in such a cause , he was to be numbered amongst Christ 's martyrs , much more worthy of the name of Saint Thomas of Canterbury than he whom the Pope falsely before did canonize .",number,Be_subset_of,A Part is considered to be a member of the set described by the Total. The relationship between Part and Total subset-superset rather than part-whole (as it is in the frames Part_whole and Including). 'Dr. Nelson numbers among the world?s foremost geotechnical engineering experts.' 'Restaurant-Pizzeria Dante counts among the few restaurants of Florence where you can find good typical Tuscan and fish dishes and a first-class pizza.',general,37,True,True,Amounting_to|Cardinal_numbers|Quantified_mass|Quantity
"With no patron , and numbering himself among men of ` retired lives , and small-grown fortunes "" , his progress in the church was painfully slow , and he probably remained at Duxford until 1647 .",number,Be_subset_of,A Part is considered to be a member of the set described by the Total. The relationship between Part and Total subset-superset rather than part-whole (as it is in the frames Part_whole and Including). 'Dr. Nelson numbers among the world?s foremost geotechnical engineering experts.' 'Restaurant-Pizzeria Dante counts among the few restaurants of Florence where you can find good typical Tuscan and fish dishes and a first-class pizza.',general,37,True,True,Amounting_to|Cardinal_numbers|Quantified_mass|Quantity
"Nonetheless , he joined the company in 1970 as a sewing machine mechanic but was soon moved to work on one of the large printers .",join,Becoming_a_member,A New_member becomes a member of a socially-constructed Group. 'Seven new members and the three countries joined the alliance five years ago.' 'Most new students enroll in a university without declaring a major.' 'It represents every man and woman who has enlisted in the armed forces to protect our families and serve the community.',business,26,True,True,Amalgamation|Attaching|Cause_to_amalgamate
He joined United Distillers as managing director for the European Region in June 1990 and became deputy managing director of the company in 1992 .,join,Becoming_a_member,A New_member becomes a member of a socially-constructed Group. 'Seven new members and the three countries joined the alliance five years ago.' 'Most new students enroll in a university without declaring a major.' 'It represents every man and woman who has enlisted in the armed forces to protect our families and serve the community.',business,25,True,True,Amalgamation|Attaching|Cause_to_amalgamate
"He joined Neilson & Co. in 1846 at their Hyde Park ( Glasgow ) works , becoming a foreman in the locomotive construction department .",join,Becoming_a_member,A New_member becomes a member of a socially-constructed Group. 'Seven new members and the three countries joined the alliance five years ago.' 'Most new students enroll in a university without declaring a major.' 'It represents every man and woman who has enlisted in the armed forces to protect our families and serve the community.',general,25,True,True,Amalgamation|Attaching|Cause_to_amalgamate
The Portuguese escudo joined the exchange rate mechanism ( ERM ) of the European monetary system ( EMS ) on April 6 .,join,Becoming_a_member,A New_member becomes a member of a socially-constructed Group. 'Seven new members and the three countries joined the alliance five years ago.' 'Most new students enroll in a university without declaring a major.' 'It represents every man and woman who has enlisted in the armed forces to protect our families and serve the community.',general,23,True,True,Amalgamation|Attaching|Cause_to_amalgamate
"Obviously we are hoping David Johnson will join us , and we are confident Kevin Westgarth will stay . """,join,Becoming_a_member,A New_member becomes a member of a socially-constructed Group. 'Seven new members and the three countries joined the alliance five years ago.' 'Most new students enroll in a university without declaring a major.' 'It represents every man and woman who has enlisted in the armed forces to protect our families and serve the community.',general,20,True,True,Amalgamation|Attaching|Cause_to_amalgamate
Particular regions on the coat proteins of viruses must bind to receptor molecules in the cell membrane before the viruses can enter animal cells .,bind,Becoming_attached,"An Item comes to be attached to a Goal, with a Connector forming a bond between the Handle of the Item and the Goal (or some part of it). Alternatively, multiple Items may form a bond between each other. 'According to plan, the front part of the hull quietly attached to the docking gear.' 'The cells bind together.'",science_medical,25,True,True,Attaching|Imposing_obligation|Predicament
"The SAM molecules bind to the faces of the repressors , remote from the DNA , with their positively charged sulphur atoms lying at the carboxy termini of the B helices , as in the holorepressor structure .",bind,Becoming_attached,"An Item comes to be attached to a Goal, with a Connector forming a bond between the Handle of the Item and the Goal (or some part of it). Alternatively, multiple Items may form a bond between each other. 'According to plan, the front part of the hull quietly attached to the docking gear.' 'The cells bind together.'",daily_life,38,True,True,Attaching|Imposing_obligation|Predicament
"A pounce , the cheetah 's jaws fasten on the gazelle 's throat , and it is quickly throttled to death .",fasten,Becoming_attached,"An Item comes to be attached to a Goal, with a Connector forming a bond between the Handle of the Item and the Goal (or some part of it). Alternatively, multiple Items may form a bond between each other. 'According to plan, the front part of the hull quietly attached to the docking gear.' 'The cells bind together.'",general,22,True,True,Attaching|Closure
"But as he went in , something landed on his back and he felt strong , sinewy hands fasten round his throat .",fasten,Becoming_attached,"An Item comes to be attached to a Goal, with a Connector forming a bond between the Handle of the Item and the Goal (or some part of it). Alternatively, multiple Items may form a bond between each other. 'According to plan, the front part of the hull quietly attached to the docking gear.' 'The cells bind together.'",general,23,True,True,Attaching|Closure
"On the journey our eldest child picked up bubonic plague , and when the steamer moored at Chauk my wife managed to get medicines from the BOC Hospital shortly before it closed .",moor,Becoming_attached,"An Item comes to be attached to a Goal, with a Connector forming a bond between the Handle of the Item and the Goal (or some part of it). Alternatively, multiple Items may form a bond between each other. 'According to plan, the front part of the hull quietly attached to the docking gear.' 'The cells bind together.'",sports,33,True,True,Attaching|Biological_area
"Both vessels moored alongside the main jetty in the Royal Navy dockyard , and Eden was there to greet his guests on what he hoped would be an historic visit .",moor,Becoming_attached,"An Item comes to be attached to a Goal, with a Connector forming a bond between the Handle of the Item and the Goal (or some part of it). Alternatively, multiple Items may form a bond between each other. 'According to plan, the front part of the hull quietly attached to the docking gear.' 'The cells bind together.'",general,31,True,True,Attaching|Biological_area
"Moreover , particularly when a complex is relatively unstable , the bound protein can detach from the protected DNA fragment and reassociate to other DNA fragments that have already been modified by DMS .",detach,Becoming_detached,"The Becoming_detached frame covers two situations: a scene in which one thing comes to be physically detached from something else; or a scene in which two things come to be disconnected from each other. In the first, the frame includes an Item that detaches from a Source, creating an asymmetric relationship between the Item and the Source. In the second, the Items detach from each other, where each serves as a Source relative to the other, creating a symmetric relationship between the two Items. The Items that were formerly attached re-appear as the two separate or potentially separate entities that they were throughout. 'The ship became decoupled from the dock.'",general,34,True,True,Attaching|Detaching
"His hand moved to his chest and felt the nipples intact but saliva like blood drying quickly , only the throbbing tenderness remained .",dry,Becoming_dry,An Entity loses moisture with the outcome of being in a dry state. 'The slab dries very quickly.',general,24,True,True,Being_dry|Cause_to_be_dry|Preserving
"It is much better to err on the side of lightness , especially as gouache paint is much darker when it has dried .",dry,Becoming_dry,An Entity loses moisture with the outcome of being in a dry state. 'The slab dries very quickly.',general,24,True,True,Being_dry|Cause_to_be_dry|Preserving
"After that coat of paint has dried , a clear flat coat will be applied over the first that will produce a matt surface which will not fingerprint or stain .",dry,Becoming_dry,An Entity loses moisture with the outcome of being in a dry state. 'The slab dries very quickly.',general,31,True,True,Being_dry|Cause_to_be_dry|Preserving
"The radial shields are large , longer than broad , sometimes contiguous but usually separated by a single row of plates .",separate,Becoming_separated,"A Whole separates into Parts, or one part of a whole, called Part_1, becomes separate from the remaining portion, Part_2. 'This small channel meanders through marsh and wetland, splitting into several smaller channels that empty into Lake St. Clair.' 'Just crack one open and if the yoke quickly separates from the whites, they are probably bad.'",general,22,True,True,Differentiation|Forming_relationships|Separating
It is often more useful for the historian to compare types of local community which are widely separated from each other than to make comparisons with nearby settlements .,separate,Becoming_separated,"A Whole separates into Parts, or one part of a whole, called Part_1, becomes separate from the remaining portion, Part_2. 'This small channel meanders through marsh and wetland, splitting into several smaller channels that empty into Lake St. Clair.' 'Just crack one open and if the yoke quickly separates from the whites, they are probably bad.'",general,29,True,True,Differentiation|Forming_relationships|Separating
"The lenders are being separated into country groups -- Britain , the United States and Canada -- and then separated again into separate projects .",separate,Becoming_separated,"A Whole separates into Parts, or one part of a whole, called Part_1, becomes separate from the remaining portion, Part_2. 'This small channel meanders through marsh and wetland, splitting into several smaller channels that empty into Lake St. Clair.' 'Just crack one open and if the yoke quickly separates from the whites, they are probably bad.'",general,25,True,True,Differentiation|Forming_relationships|Separating
"A family with a rounded flat disk covered by small imbricating plates amongst which the centrodorsal and primary plates usually distinct ; the radial shields small , length less than half the radius of the disk , well separated from one another ; the jaw broader or as broad as long ; usually one sometimes two apical papillae flanked by 5-7 oral papillae on each side the distalmost slightly curved and extending beneath the largest oral papilla just proximal to it , it is possible that this distalmost papillae is part of the second oral tentacle pore ; the adoral shields large and wing-like ; the oral shield large , rounded triangular or arrow shaped , usually longer than broad ; the arms long and slender ; the dorsal and ventral arm plates well developed and contiguous at least proximally ; the tentacle pores moderately large each armed with one or two flat leaf-like tentacle scales ; usually three times long , erect arm spines , equal in length to two arm segments .",separate,Becoming_separated,"A Whole separates into Parts, or one part of a whole, called Part_1, becomes separate from the remaining portion, Part_2. 'This small channel meanders through marsh and wetland, splitting into several smaller channels that empty into Lake St. Clair.' 'Just crack one open and if the yoke quickly separates from the whites, they are probably bad.'",daily_life,174,True,True,Differentiation|Forming_relationships|Separating
"A photograph of the candidate standing in his Army uniform next to his mother is shown , then the advertisement shifts to McCall talking about education , while images of the candidate looking at a computer screen with a small child and of him surrounded by children appear .",appear,Becoming_visible,An Entity that is previously not visible to a Perceiver becomes visible. 'The armada appeared on the horizon at sunset.' 'The captain ordered his men to dig at the X and the corner of a chest appeared.',daily_life,49,True,True,Arriving|Circumscribed_existence|Coming_to_be|Give_impression|Performers_and_roles
"However , when I highlighted antecedent , what appeared on the screen was the same list of synonyms but with antecedent missing , and preceding had reappeared .",appear,Becoming_visible,An Entity that is previously not visible to a Perceiver becomes visible. 'The armada appeared on the horizon at sunset.' 'The captain ordered his men to dig at the X and the corner of a chest appeared.',general,28,True,True,Arriving|Circumscribed_existence|Coming_to_be|Give_impression|Performers_and_roles
"The words `` His resume is an American dream , '' a quotation from Time magazine , appear on the screen .",appear,Becoming_visible,An Entity that is previously not visible to a Perceiver becomes visible. 'The armada appeared on the horizon at sunset.' 'The captain ordered his men to dig at the X and the corner of a chest appeared.',general,22,True,True,Arriving|Circumscribed_existence|Coming_to_be|Give_impression|Performers_and_roles
"Only one thing made me a little suspicious when cranking up the system : in the descriptive text that appears on the screen , the word labeled is spelt `` labelled '' —decidedly un-American .",appear,Becoming_visible,An Entity that is previously not visible to a Perceiver becomes visible. 'The armada appeared on the horizon at sunset.' 'The captain ordered his men to dig at the X and the corner of a chest appeared.',general,35,True,True,Arriving|Circumscribed_existence|Coming_to_be|Give_impression|Performers_and_roles
"Greene remarked on how seldom the nation 's directors used the camera ` to establish a scene , a way of life , with which he and his audience are familiar . """,director,Behind_the_scenes,"Artists work at various tasks that further the completion of a film, play, television show, or other similar Production. Artists never appear on stage or in front of a camera. Some (e.g., a director) may interact with the actors (on-screen participants) of the Production. Often times a particular Production is made for distribution by a Distributor, by a particular Studio, or in a specific Medium. The Artists may be categorized into Type or work in specific Medium. 'Steven Spielberg directed several films for Universal Pictures.' 'Universal Pictures and Amblin Entertainment produced Jurassic Park for MCA.' 'Surprisingly, this film producer was willing to work for a cable company.' 'Independent producers often win big at smaller film festivals.'",general,33,True,True,Appellations|Leadership|People_by_vocation
"The solution to this problem was for Mrs Whitehouse personally to take a private prosecution of the play 's director , Michael Bogdanov .",director,Behind_the_scenes,"Artists work at various tasks that further the completion of a film, play, television show, or other similar Production. Artists never appear on stage or in front of a camera. Some (e.g., a director) may interact with the actors (on-screen participants) of the Production. Often times a particular Production is made for distribution by a Distributor, by a particular Studio, or in a specific Medium. The Artists may be categorized into Type or work in specific Medium. 'Steven Spielberg directed several films for Universal Pictures.' 'Universal Pictures and Amblin Entertainment produced Jurassic Park for MCA.' 'Surprisingly, this film producer was willing to work for a cable company.' 'Independent producers often win big at smaller film festivals.'",general,24,True,True,Appellations|Leadership|People_by_vocation
"Notably , he ran up against director Henry Hathaway who was known as one of the toughest directors in the business , and Hopper had a minor role in From Hell to Texas .",director,Behind_the_scenes,"Artists work at various tasks that further the completion of a film, play, television show, or other similar Production. Artists never appear on stage or in front of a camera. Some (e.g., a director) may interact with the actors (on-screen participants) of the Production. Often times a particular Production is made for distribution by a Distributor, by a particular Studio, or in a specific Medium. The Artists may be categorized into Type or work in specific Medium. 'Steven Spielberg directed several films for Universal Pictures.' 'Universal Pictures and Amblin Entertainment produced Jurassic Park for MCA.' 'Surprisingly, this film producer was willing to work for a cable company.' 'Independent producers often win big at smaller film festivals.'",general,34,True,True,Appellations|Leadership|People_by_vocation
"For the Royal Family to remain secure they have to remain aloof -- I do not believe that is right , but that is what they should have done .",secure,Being_at_risk,"An Asset is in a state where it is exposed to or otherwise liable to be affected by a Harmful_event, which may be metonymically evoked by reference to a Dangerous_entity. Words expressing relative safety (i.e., lack of risk) are also in this frame. 'If you are a farmer, you are at risk for hearing loss caused by noise exposure in your work.' 'No child is secure from the temptation to do what ""my friends"" are doing.' 'Our nation is making a disastrous mistake thinking that we can have security from people: There is only security with people. ' 'You don't have security against impersonation unless you have security against eavesdropping.'",daily_life,30,True,True,Attaching|Getting|Protecting|Taking_captive
"In the past , firms not authorised for investment business could feel fairly secure in the knowledge that if they did stray into it they would only be investigated in the event of a complaint .",secure,Being_at_risk,"An Asset is in a state where it is exposed to or otherwise liable to be affected by a Harmful_event, which may be metonymically evoked by reference to a Dangerous_entity. Words expressing relative safety (i.e., lack of risk) are also in this frame. 'If you are a farmer, you are at risk for hearing loss caused by noise exposure in your work.' 'No child is secure from the temptation to do what ""my friends"" are doing.' 'Our nation is making a disastrous mistake thinking that we can have security from people: There is only security with people. ' 'You don't have security against impersonation unless you have security against eavesdropping.'",general,36,True,True,Attaching|Getting|Protecting|Taking_captive
"Actually , they were feeling quite secure at the time for the Museum building was hurricane proof , one of the strongest around .",secure,Being_at_risk,"An Asset is in a state where it is exposed to or otherwise liable to be affected by a Harmful_event, which may be metonymically evoked by reference to a Dangerous_entity. Words expressing relative safety (i.e., lack of risk) are also in this frame. 'If you are a farmer, you are at risk for hearing loss caused by noise exposure in your work.' 'No child is secure from the temptation to do what ""my friends"" are doing.' 'Our nation is making a disastrous mistake thinking that we can have security from people: There is only security with people. ' 'You don't have security against impersonation unless you have security against eavesdropping.'",general,24,True,True,Attaching|Getting|Protecting|Taking_captive
The onus must now be on the industry to provide more secure machines and on users to make sure that their own security procedures ( including the simple step of locking office doors ) is unimpeachable .,secure,Being_at_risk,"An Asset is in a state where it is exposed to or otherwise liable to be affected by a Harmful_event, which may be metonymically evoked by reference to a Dangerous_entity. Words expressing relative safety (i.e., lack of risk) are also in this frame. 'If you are a farmer, you are at risk for hearing loss caused by noise exposure in your work.' 'No child is secure from the temptation to do what ""my friends"" are doing.' 'Our nation is making a disastrous mistake thinking that we can have security from people: There is only security with people. ' 'You don't have security against impersonation unless you have security against eavesdropping.'",business,37,True,True,Attaching|Getting|Protecting|Taking_captive
Software users should operate secure and efficient housekeeping systems to reduce the danger of unauthorized copies being made of programs .,secure,Being_at_risk,"An Asset is in a state where it is exposed to or otherwise liable to be affected by a Harmful_event, which may be metonymically evoked by reference to a Dangerous_entity. Words expressing relative safety (i.e., lack of risk) are also in this frame. 'If you are a farmer, you are at risk for hearing loss caused by noise exposure in your work.' 'No child is secure from the temptation to do what ""my friends"" are doing.' 'Our nation is making a disastrous mistake thinking that we can have security from people: There is only security with people. ' 'You don't have security against impersonation unless you have security against eavesdropping.'",news_politics,21,True,True,Attaching|Getting|Protecting|Taking_captive
"Leeds Education Authority has abandoned plans for ` drastic "" cuts in travel subsidies for some Catholic students .",abandon,Abandonment,An Agent leaves behind a Theme effectively rendering it no longer within their control or of the normal security as one's property. 'Carolyn abandoned her car and jumped on a red double decker bus.' 'Perhaps he left the key in the ignition' 'Abandonment of a child is considered to be a serious crime in many jurisdictions.' There are also metaphorically used examples: 'She left her old ways behind .',general,19,False,True,Activity_stop|Quitting_a_place
"Morton drifted into the grand salon , which was teeming with people .",teem,Abounding_with,"A Location is filled or covered with the Theme. The Location is realized as the External Argument, and the Theme either as PP complement headed by with, in or of. NB: This frame does not include uses of adjectives like paved when they merely specify the Type of some location, as in ""paved and unpaved roads"". 'The waters of the bay teemed with fish.' 'The waters of the bay were teeming with fish.' 'The road was completely covered in mud.'",general,13,False,True,Abundance|Mass_motion
"If the Universe is teeming with technological civilizations , why have they not come to visit us ?",teem,Abounding_with,"A Location is filled or covered with the Theme. The Location is realized as the External Argument, and the Theme either as PP complement headed by with, in or of. NB: This frame does not include uses of adjectives like paved when they merely specify the Type of some location, as in ""paved and unpaved roads"". 'The waters of the bay teemed with fish.' 'The waters of the bay were teeming with fish.' 'The road was completely covered in mud.'",general,18,False,True,Abundance|Mass_motion
"Until the 1940s , its beaches teemed with wildlife .",teem,Abounding_with,"A Location is filled or covered with the Theme. The Location is realized as the External Argument, and the Theme either as PP complement headed by with, in or of. NB: This frame does not include uses of adjectives like paved when they merely specify the Type of some location, as in ""paved and unpaved roads"". 'The waters of the bay teemed with fish.' 'The waters of the bay were teeming with fish.' 'The road was completely covered in mud.'",general,10,False,True,Abundance|Mass_motion
The wild pigs on the spit sizzled gently .,sizzle,Absorb_heat,"An Entity (generally food) is exposed to a Heat_source whose Temperature may also be specified. Generally, the Entity undergoes some sort of change as a result of this process. 'Bacon was frying in the pan, and a great heap of eggs already lay steaming on a plate.' 'If it cooks at 400 for an hour, it 'll be nothing but a pile of ash!'",general,9,False,True,Make_noise|Sounds
"Breakfast of sausage , egg and chips was sizzling over camp-fires .",sizzle,Absorb_heat,"An Entity (generally food) is exposed to a Heat_source whose Temperature may also be specified. Generally, the Entity undergoes some sort of change as a result of this process. 'Bacon was frying in the pan, and a great heap of eggs already lay steaming on a plate.' 'If it cooks at 400 for an hour, it 'll be nothing but a pile of ash!'",general,12,False,True,Make_noise|Sounds
"The torsos sizzle in their own fat , swell and explode . """,sizzle,Absorb_heat,"An Entity (generally food) is exposed to a Heat_source whose Temperature may also be specified. Generally, the Entity undergoes some sort of change as a result of this process. 'Bacon was frying in the pan, and a great heap of eggs already lay steaming on a plate.' 'If it cooks at 400 for an hour, it 'll be nothing but a pile of ash!'",general,13,False,True,Make_noise|Sounds
She did this now and the spit sizzled on the iron .,sizzle,Absorb_heat,"An Entity (generally food) is exposed to a Heat_source whose Temperature may also be specified. Generally, the Entity undergoes some sort of change as a result of this process. 'Bacon was frying in the pan, and a great heap of eggs already lay steaming on a plate.' 'If it cooks at 400 for an hour, it 'll be nothing but a pile of ash!'",general,12,False,True,Make_noise|Sounds
The omelette sizzled in the cast-iron pan .,sizzle,Absorb_heat,"An Entity (generally food) is exposed to a Heat_source whose Temperature may also be specified. Generally, the Entity undergoes some sort of change as a result of this process. 'Bacon was frying in the pan, and a great heap of eggs already lay steaming on a plate.' 'If it cooks at 400 for an hour, it 'll be nothing but a pile of ash!'",general,8,False,True,Make_noise|Sounds
Droplets of coffee sizzled on the hotplate .,sizzle,Absorb_heat,"An Entity (generally food) is exposed to a Heat_source whose Temperature may also be specified. Generally, the Entity undergoes some sort of change as a result of this process. 'Bacon was frying in the pan, and a great heap of eggs already lay steaming on a plate.' 'If it cooks at 400 for an hour, it 'll be nothing but a pile of ash!'",general,8,False,True,Make_noise|Sounds
The second generation thrombolytic agents are recombinant tissue plasminogen activator ( rt-PA ) and APSAC ( anistreplase ) .,agent,Active_substance,A Substance causes an Effect. The Substance is produced by a process understood as directed towards the Effect. The Name for the material that makes up the substance may also be given. 'A rationale for using denatured gp160 as a therapeutic agent in HIV-infected people is to boost the immune response .' 'The quinolones now seem to be the antimicrobial agents of choice for acute bacterial prostatitis.' 'Hormonally active chemicals have the potential to cause significant environmental injury.' 'Only after the potion has been drunk does the active ingredient form. DNI' 'The sarin agent might have been a leftover shell from a chemical-arms dump. ',general,19,False,True,Intentionally_act|People_by_vocation
Currently available thrombolytic agents have several important limitations .,agent,Active_substance,A Substance causes an Effect. The Substance is produced by a process understood as directed towards the Effect. The Name for the material that makes up the substance may also be given. 'A rationale for using denatured gp160 as a therapeutic agent in HIV-infected people is to boost the immune response .' 'The quinolones now seem to be the antimicrobial agents of choice for acute bacterial prostatitis.' 'Hormonally active chemicals have the potential to cause significant environmental injury.' 'Only after the potion has been drunk does the active ingredient form. DNI' 'The sarin agent might have been a leftover shell from a chemical-arms dump. ',general,9,False,True,Intentionally_act|People_by_vocation
After any effective thrombolytic agent the patient is usually left with a patent vessel .,agent,Active_substance,A Substance causes an Effect. The Substance is produced by a process understood as directed towards the Effect. The Name for the material that makes up the substance may also be given. 'A rationale for using denatured gp160 as a therapeutic agent in HIV-infected people is to boost the immune response .' 'The quinolones now seem to be the antimicrobial agents of choice for acute bacterial prostatitis.' 'Hormonally active chemicals have the potential to cause significant environmental injury.' 'Only after the potion has been drunk does the active ingredient form. DNI' 'The sarin agent might have been a leftover shell from a chemical-arms dump. ',science_medical,15,False,True,Intentionally_act|People_by_vocation
Various pharmacological agents can modulate the IP 3 R but their actions are not particularly specific .,agent,Active_substance,A Substance causes an Effect. The Substance is produced by a process understood as directed towards the Effect. The Name for the material that makes up the substance may also be given. 'A rationale for using denatured gp160 as a therapeutic agent in HIV-infected people is to boost the immune response .' 'The quinolones now seem to be the antimicrobial agents of choice for acute bacterial prostatitis.' 'Hormonally active chemicals have the potential to cause significant environmental injury.' 'Only after the potion has been drunk does the active ingredient form. DNI' 'The sarin agent might have been a leftover shell from a chemical-arms dump. ',general,17,False,True,Intentionally_act|People_by_vocation
"Biological agents provide promising alternatives , but we need to understand more about their modes of action .",agent,Active_substance,A Substance causes an Effect. The Substance is produced by a process understood as directed towards the Effect. The Name for the material that makes up the substance may also be given. 'A rationale for using denatured gp160 as a therapeutic agent in HIV-infected people is to boost the immune response .' 'The quinolones now seem to be the antimicrobial agents of choice for acute bacterial prostatitis.' 'Hormonally active chemicals have the potential to cause significant environmental injury.' 'Only after the potion has been drunk does the active ingredient form. DNI' 'The sarin agent might have been a leftover shell from a chemical-arms dump. ',general,18,False,True,Intentionally_act|People_by_vocation
“ I keep getting interrupted .,keep,Activity_ongoing,"An Agent is performing the portion of an Activity in which there is dynamic stability. '' 'Not noticing the hoards of people rushing by the window, Manny continued eating his lunch.' 'Keep living the dream!'",general,6,False,True,Cause_to_continue|Compliance|Retaining|Storing
"I kept expecting the teacher to praise her , but instead she suddenly cried out ,",keep,Activity_ongoing,"An Agent is performing the portion of an Activity in which there is dynamic stability. '' 'Not noticing the hoards of people rushing by the window, Manny continued eating his lunch.' 'Keep living the dream!'",general,16,False,True,Cause_to_continue|Compliance|Retaining|Storing
"I kept saying to them all in my mind , ` You see ?",keep,Activity_ongoing,"An Agent is performing the portion of an Activity in which there is dynamic stability. '' 'Not noticing the hoards of people rushing by the window, Manny continued eating his lunch.' 'Keep living the dream!'",general,14,False,True,Cause_to_continue|Compliance|Retaining|Storing
I have a friend who owns an ST and he keeps telling me to sell my C64 .,keep,Activity_ongoing,"An Agent is performing the portion of an Activity in which there is dynamic stability. '' 'Not noticing the hoards of people rushing by the window, Manny continued eating his lunch.' 'Keep living the dream!'",daily_life,18,False,True,Cause_to_continue|Compliance|Retaining|Storing
Do n't keep painting over chipped or worn polish .,keep,Activity_ongoing,"An Agent is performing the portion of an Activity in which there is dynamic stability. '' 'Not noticing the hoards of people rushing by the window, Manny continued eating his lunch.' 'Keep living the dream!'",general,10,False,True,Cause_to_continue|Compliance|Retaining|Storing
"` I keep telling him people ca n't see him on the radio . """,keep,Activity_ongoing,"An Agent is performing the portion of an Activity in which there is dynamic stability. '' 'Not noticing the hoards of people rushing by the window, Manny continued eating his lunch.' 'Keep living the dream!'",general,15,False,True,Cause_to_continue|Compliance|Retaining|Storing
I kept my hands clasped tightly to avoid the habitual gesture of hiding myself from sight .,keep,Activity_ongoing,"An Agent is performing the portion of an Activity in which there is dynamic stability. '' 'Not noticing the hoards of people rushing by the window, Manny continued eating his lunch.' 'Keep living the dream!'",general,17,False,True,Cause_to_continue|Compliance|Retaining|Storing
I said after last Tuesday 's game that if we kept working our luck would turn .,keep,Activity_ongoing,"An Agent is performing the portion of an Activity in which there is dynamic stability. '' 'Not noticing the hoards of people rushing by the window, Manny continued eating his lunch.' 'Keep living the dream!'",sports,17,False,True,Cause_to_continue|Compliance|Retaining|Storing
Dougal started with the body .,start,Activity_start,"An Agent initiates the beginning of an ongoing Activity in which he will be continuously involved. '' 'At the same time, city-states began to grow in influence on the southern Greek mainland.' 'Naturally, I started crying to get out of work.'",general,6,False,True,Catching_fire|Process_start|Temporal_subregion
Rostov started to walk towards the door .,start,Activity_start,"An Agent initiates the beginning of an ongoing Activity in which he will be continuously involved. '' 'At the same time, city-states began to grow in influence on the southern Greek mainland.' 'Naturally, I started crying to get out of work.'",news_politics,8,False,True,Catching_fire|Process_start|Temporal_subregion
"Penelope choked on her pudding and started to cry , angry , uncontrollable tears .",start,Activity_start,"An Agent initiates the beginning of an ongoing Activity in which he will be continuously involved. '' 'At the same time, city-states began to grow in influence on the southern Greek mainland.' 'Naturally, I started crying to get out of work.'",general,15,False,True,Catching_fire|Process_start|Temporal_subregion
"Fribble started to speak again , but received such a blazing look from Fael-Inis that he subsided .",start,Activity_start,"An Agent initiates the beginning of an ongoing Activity in which he will be continuously involved. '' 'At the same time, city-states began to grow in influence on the southern Greek mainland.' 'Naturally, I started crying to get out of work.'",general,18,False,True,Catching_fire|Process_start|Temporal_subregion
Gary Kilpartrick has now started working with YWAM in Switzerland .,start,Activity_start,"An Agent initiates the beginning of an ongoing Activity in which he will be continuously involved. '' 'At the same time, city-states began to grow in influence on the southern Greek mainland.' 'Naturally, I started crying to get out of work.'",general,11,False,True,Catching_fire|Process_start|Temporal_subregion
"Luce shivered , her imagination suddenly starting to work overtime .",start,Activity_start,"An Agent initiates the beginning of an ongoing Activity in which he will be continuously involved. '' 'At the same time, city-states began to grow in influence on the southern Greek mainland.' 'Naturally, I started crying to get out of work.'",general,11,False,True,Catching_fire|Process_start|Temporal_subregion
"Then the girl , Dolly , suddenly started to caper .",start,Activity_start,"An Agent initiates the beginning of an ongoing Activity in which he will be continuously involved. '' 'At the same time, city-states began to grow in influence on the southern Greek mainland.' 'Naturally, I started crying to get out of work.'",general,11,False,True,Catching_fire|Process_start|Temporal_subregion
Well the council started then and they took on machines of their own .,start,Activity_start,"An Agent initiates the beginning of an ongoing Activity in which he will be continuously involved. '' 'At the same time, city-states began to grow in influence on the southern Greek mainland.' 'Naturally, I started crying to get out of work.'",news_politics,14,False,True,Catching_fire|Process_start|Temporal_subregion
"Oh , if only she could stop crying …",stop,Activity_stop,"An Agent ceases an Activity without completing it. '' 'After the lawsuit, the company stopped producing the once very profitable toy.' 'The rugby club terminated negotiations with Argyll in September 1988.'",general,9,False,True,Halt|Preventing_or_letting|Process_stop|Thwarting
He stopped buying them for her when they got married .,stop,Activity_stop,"An Agent ceases an Activity without completing it. '' 'After the lawsuit, the company stopped producing the once very profitable toy.' 'The rugby club terminated negotiations with Argyll in September 1988.'",general,11,False,True,Halt|Preventing_or_letting|Process_stop|Thwarting
The little boy stopped crying .,stop,Activity_stop,"An Agent ceases an Activity without completing it. '' 'After the lawsuit, the company stopped producing the once very profitable toy.' 'The rugby club terminated negotiations with Argyll in September 1988.'",general,6,False,True,Halt|Preventing_or_letting|Process_stop|Thwarting
They had almost stopped resuscitating him on the grounds that the doctor had n't remembered his diagnosis .,stop,Activity_stop,"An Agent ceases an Activity without completing it. '' 'After the lawsuit, the company stopped producing the once very profitable toy.' 'The rugby club terminated negotiations with Argyll in September 1988.'",general,18,False,True,Halt|Preventing_or_letting|Process_stop|Thwarting
""" And then , about four months ago , Mr. Andrew stopped coming to the office .",stop,Activity_stop,"An Agent ceases an Activity without completing it. '' 'After the lawsuit, the company stopped producing the once very profitable toy.' 'The rugby club terminated negotiations with Argyll in September 1988.'",general,17,False,True,Halt|Preventing_or_letting|Process_stop|Thwarting
About time there was some acknowledgement of the true value of fans .,true,Actually_occurring_entity,"Against the background of a contextually salient non-real world, for instance a hypothetical, imagined, simulated, expected, projected, or dream world, an Instance of a Type encountered in a relation or event in the real world is presented as being different from the instance found in the non-real world. Of course, the real-world Instance of the expected Type may also be presented as not occurring, as in the last example below. 'Actual results may vary.' 'ACTUAL results may vary.' 'Also present is the actual policeman, now 20 years older and helping to cast and prepare the young actor who'll be portraying him onscreen.' 'Also present is the ACTUAL policeman, now 20 years older and helping to cast and prepare the young actor who'll be portraying him onscreen.' 'Of course, an actual car with all these capabilities simply did not exist.' 'Of course, an ACTUAL car with all these capabilities simply did not exist.'",general,13,False,True,Accuracy|Artificiality|Candidness|Correctness|Exemplar
This is the true story .,true,Actually_occurring_entity,"Against the background of a contextually salient non-real world, for instance a hypothetical, imagined, simulated, expected, projected, or dream world, an Instance of a Type encountered in a relation or event in the real world is presented as being different from the instance found in the non-real world. Of course, the real-world Instance of the expected Type may also be presented as not occurring, as in the last example below. 'Actual results may vary.' 'ACTUAL results may vary.' 'Also present is the actual policeman, now 20 years older and helping to cast and prepare the young actor who'll be portraying him onscreen.' 'Also present is the ACTUAL policeman, now 20 years older and helping to cast and prepare the young actor who'll be portraying him onscreen.' 'Of course, an actual car with all these capabilities simply did not exist.' 'Of course, an ACTUAL car with all these capabilities simply did not exist.'",general,6,False,True,Accuracy|Artificiality|Candidness|Correctness|Exemplar
The debris scores were totalled and divided by the number of surfaces scored to obtain the debris index .,total,Adding_up,"A Cognizer computes a Result on the basis of input Numbers by addition. ' Add up your savings.' ' This is a cumulative figure obtained by adding up the cost of treating a given volume of specific diseases. ' 'When he later took the trouble to add up the bill he discovered that the actual cost was Fr 1,481 , around 140 pounds : an overcharge of 40 pounds' 'Chaperones tallied the number of tickets sold at the school dance at more than 1000.'",general,19,False,True,Amounting_to|Completeness|Render_nonfunctional
"Next , the word count for the sentence is totalled .",total,Adding_up,"A Cognizer computes a Result on the basis of input Numbers by addition. ' Add up your savings.' ' This is a cumulative figure obtained by adding up the cost of treating a given volume of specific diseases. ' 'When he later took the trouble to add up the bill he discovered that the actual cost was Fr 1,481 , around 140 pounds : an overcharge of 40 pounds' 'Chaperones tallied the number of tickets sold at the school dance at more than 1000.'",general,11,False,True,Amounting_to|Completeness|Render_nonfunctional
Each analysis column is totalled separately .,total,Adding_up,"A Cognizer computes a Result on the basis of input Numbers by addition. ' Add up your savings.' ' This is a cumulative figure obtained by adding up the cost of treating a given volume of specific diseases. ' 'When he later took the trouble to add up the bill he discovered that the actual cost was Fr 1,481 , around 140 pounds : an overcharge of 40 pounds' 'Chaperones tallied the number of tickets sold at the school dance at more than 1000.'",general,7,False,True,Amounting_to|Completeness|Render_nonfunctional
"` He amassed wealth in his travels , "" Sir Fulke snapped back .",amass,Amassing,"A Recipient (who may or may not be agentive) ends up in possession of a Mass_theme (which may be conceptualized as a single mass entity, or may be a group of individual entities). Some lexical units (e.g. stockpile) specifically indicate an intentional Recipient. This frame differs from Gathering_up in that this frame refers specifically to the acquisition and (according to expectation) long-term possession of entities, rather than (as in the Gathering_up frame) simply talking about causing a group of entities to be located in the same place. In sum, Gathering_up concerns (co-)locations, but Amassing concerns possession. 'Bogs accumulate carbon for thousands of years.'",general,14,False,True,Come_together|Gathering_up
"It was cool and fresh in the summer , the back yard blooming with wallflowers and purple bells .",cool,Ambient_temperature,"The Temperature in a certain environment, determined by Time and Place, is specified. 'It's too hot to do anything today.' 'Nome is pretty cold this time of year' 'Last Tuesday was a real scorcher.' 'Tomorrow is gonna be chilly.' 'I ca n't go out into the cold . DNI DNI'",general,19,False,True,Cause_temperature_change|Change_of_temperature|Desirability|Experiencer_focus|Popularity
"It was hot outside , but under the trees it was cool .",cool,Ambient_temperature,"The Temperature in a certain environment, determined by Time and Place, is specified. 'It's too hot to do anything today.' 'Nome is pretty cold this time of year' 'Last Tuesday was a real scorcher.' 'Tomorrow is gonna be chilly.' 'I ca n't go out into the cold . DNI DNI'",general,13,False,True,Cause_temperature_change|Change_of_temperature|Desirability|Experiencer_focus|Popularity
It is cool outside as I throw a log on the gently breathing embers .,cool,Ambient_temperature,"The Temperature in a certain environment, determined by Time and Place, is specified. 'It's too hot to do anything today.' 'Nome is pretty cold this time of year' 'Last Tuesday was a real scorcher.' 'Tomorrow is gonna be chilly.' 'I ca n't go out into the cold . DNI DNI'",general,15,False,True,Cause_temperature_change|Change_of_temperature|Desirability|Experiencer_focus|Popularity
The morning was cool and so was Betty .,cool,Ambient_temperature,"The Temperature in a certain environment, determined by Time and Place, is specified. 'It's too hot to do anything today.' 'Nome is pretty cold this time of year' 'Last Tuesday was a real scorcher.' 'Tomorrow is gonna be chilly.' 'I ca n't go out into the cold . DNI DNI'",general,9,False,True,Cause_temperature_change|Change_of_temperature|Desirability|Experiencer_focus|Popularity
"Every Koi keeper should have one of these , stored in a cool , dark place .",cool,Ambient_temperature,"The Temperature in a certain environment, determined by Time and Place, is specified. 'It's too hot to do anything today.' 'Nome is pretty cold this time of year' 'Last Tuesday was a real scorcher.' 'Tomorrow is gonna be chilly.' 'I ca n't go out into the cold . DNI DNI'",general,17,False,True,Cause_temperature_change|Change_of_temperature|Desirability|Experiencer_focus|Popularity
Her suite of rooms was cool and restful and there was a small balcony beyond the bedroom window .,cool,Ambient_temperature,"The Temperature in a certain environment, determined by Time and Place, is specified. 'It's too hot to do anything today.' 'Nome is pretty cold this time of year' 'Last Tuesday was a real scorcher.' 'Tomorrow is gonna be chilly.' 'I ca n't go out into the cold . DNI DNI'",daily_life,19,False,True,Cause_temperature_change|Change_of_temperature|Desirability|Experiencer_focus|Popularity
A round neck T-shirt in purest cotton for cooler days .,cool,Ambient_temperature,"The Temperature in a certain environment, determined by Time and Place, is specified. 'It's too hot to do anything today.' 'Nome is pretty cold this time of year' 'Last Tuesday was a real scorcher.' 'Tomorrow is gonna be chilly.' 'I ca n't go out into the cold . DNI DNI'",general,11,False,True,Cause_temperature_change|Change_of_temperature|Desirability|Experiencer_focus|Popularity
"The entire sale is expected to total around £500,000 ( $860,000 ) .",total,Amounting_to,"The absolute Value of a quantifiable Attribute of an item is determined by adding up the values for the Attribute of the individuals or parts that make up the item. The item is not expressed as a separate constituent but it is presupposed by the concept of Attribute. Alternatively, the Numbers form an implicit set whose sum is the Value associated with the set. In some cases what is reported is just the cardinality of the individuals that make up the item so that in effect the Value is a count. In other cases the identity of the Attribute can only be inferred from the Value. There is no cognizer on the scene in this frame. Instead, the frame focuses on the relationship between the Attribute or Numbers and the Value, which is stable and unchanging regardless of who performs the calculation. 'Defence is provided in West Germany by armed forces whose number totals close to half a million men and women ' . ' Revenues totalled 568.86m pounds ' 'The WHO estimated that the cumulative total of AIDS cases was more than 1,500,000. '",general,13,False,True,Adding_up|Completeness|Render_nonfunctional
"The sale totalled £14,356,595 , with 40 per cent bought in by value .",total,Amounting_to,"The absolute Value of a quantifiable Attribute of an item is determined by adding up the values for the Attribute of the individuals or parts that make up the item. The item is not expressed as a separate constituent but it is presupposed by the concept of Attribute. Alternatively, the Numbers form an implicit set whose sum is the Value associated with the set. In some cases what is reported is just the cardinality of the individuals that make up the item so that in effect the Value is a count. In other cases the identity of the Attribute can only be inferred from the Value. There is no cognizer on the scene in this frame. Instead, the frame focuses on the relationship between the Attribute or Numbers and the Value, which is stable and unchanging regardless of who performs the calculation. 'Defence is provided in West Germany by armed forces whose number totals close to half a million men and women ' . ' Revenues totalled 568.86m pounds ' 'The WHO estimated that the cumulative total of AIDS cases was more than 1,500,000. '",general,14,False,True,Adding_up|Completeness|Render_nonfunctional
In 1989-90 the NAO audited expenditure and revenue totalling over £300 billion .,total,Amounting_to,"The absolute Value of a quantifiable Attribute of an item is determined by adding up the values for the Attribute of the individuals or parts that make up the item. The item is not expressed as a separate constituent but it is presupposed by the concept of Attribute. Alternatively, the Numbers form an implicit set whose sum is the Value associated with the set. In some cases what is reported is just the cardinality of the individuals that make up the item so that in effect the Value is a count. In other cases the identity of the Attribute can only be inferred from the Value. There is no cognizer on the scene in this frame. Instead, the frame focuses on the relationship between the Attribute or Numbers and the Value, which is stable and unchanging regardless of who performs the calculation. 'Defence is provided in West Germany by armed forces whose number totals close to half a million men and women ' . ' Revenues totalled 568.86m pounds ' 'The WHO estimated that the cumulative total of AIDS cases was more than 1,500,000. '",general,13,False,True,Adding_up|Completeness|Render_nonfunctional
"Indeed , our contribution to the UNHCR this financial year totals some £40 million .",total,Amounting_to,"The absolute Value of a quantifiable Attribute of an item is determined by adding up the values for the Attribute of the individuals or parts that make up the item. The item is not expressed as a separate constituent but it is presupposed by the concept of Attribute. Alternatively, the Numbers form an implicit set whose sum is the Value associated with the set. In some cases what is reported is just the cardinality of the individuals that make up the item so that in effect the Value is a count. In other cases the identity of the Attribute can only be inferred from the Value. There is no cognizer on the scene in this frame. Instead, the frame focuses on the relationship between the Attribute or Numbers and the Value, which is stable and unchanging regardless of who performs the calculation. 'Defence is provided in West Germany by armed forces whose number totals close to half a million men and women ' . ' Revenues totalled 568.86m pounds ' 'The WHO estimated that the cumulative total of AIDS cases was more than 1,500,000. '",general,15,False,True,Adding_up|Completeness|Render_nonfunctional
Payments totalling seventy-thousand pounds are said to have been involved .,total,Amounting_to,"The absolute Value of a quantifiable Attribute of an item is determined by adding up the values for the Attribute of the individuals or parts that make up the item. The item is not expressed as a separate constituent but it is presupposed by the concept of Attribute. Alternatively, the Numbers form an implicit set whose sum is the Value associated with the set. In some cases what is reported is just the cardinality of the individuals that make up the item so that in effect the Value is a count. In other cases the identity of the Attribute can only be inferred from the Value. There is no cognizer on the scene in this frame. Instead, the frame focuses on the relationship between the Attribute or Numbers and the Value, which is stable and unchanging regardless of who performs the calculation. 'Defence is provided in West Germany by armed forces whose number totals close to half a million men and women ' . ' Revenues totalled 568.86m pounds ' 'The WHO estimated that the cumulative total of AIDS cases was more than 1,500,000. '",general,11,False,True,Adding_up|Completeness|Render_nonfunctional
"Outside , Clarke 's solicitor , Alan Borland , said he was considering an appeal against sentence .",appeal,Appeal,In the Appeal stage of the criminal process the Convict or his or her Representative applies to a higher Court to reverse the Decision of the lower court on certain Grounds. ' The defense plans to appeal the court's decision on the grounds that the judge violated Code 81.b . ' ' John Michaels will appeal his conviction .',general,18,False,True,Experiencer_obj|Request
Simply because the Crown does not have a right of appeal against sentence .,appeal,Appeal,In the Appeal stage of the criminal process the Convict or his or her Representative applies to a higher Court to reverse the Decision of the lower court on certain Grounds. ' The defense plans to appeal the court's decision on the grounds that the judge violated Code 81.b . ' ' John Michaels will appeal his conviction .',general,14,False,True,Experiencer_obj|Request
I agree that this appeal should be dismissed .,appeal,Appeal,In the Appeal stage of the criminal process the Convict or his or her Representative applies to a higher Court to reverse the Decision of the lower court on certain Grounds. ' The defense plans to appeal the court's decision on the grounds that the judge violated Code 81.b . ' ' John Michaels will appeal his conviction .',general,9,False,True,Experiencer_obj|Request
Viscount Dilhorne had already decided that the appeal should be dismissed before he turned to it .,appeal,Appeal,In the Appeal stage of the criminal process the Convict or his or her Representative applies to a higher Court to reverse the Decision of the lower court on certain Grounds. ' The defense plans to appeal the court's decision on the grounds that the judge violated Code 81.b . ' ' John Michaels will appeal his conviction .',general,17,False,True,Experiencer_obj|Request
After 1854 appeals to the Supreme Court on matters of law were allowed .,appeal,Appeal,In the Appeal stage of the criminal process the Convict or his or her Representative applies to a higher Court to reverse the Decision of the lower court on certain Grounds. ' The defense plans to appeal the court's decision on the grounds that the judge violated Code 81.b . ' ' John Michaels will appeal his conviction .',legal,14,False,True,Experiencer_obj|Request
"[ FBI Officer Fox , speaking on the MacNeil/Lehrer News Hour , 13 December 1994 . ]",officer,Appellations,"This frame is only for words that are used as the Titles of individuals. The Title is applied to a Name (surname or full name) and often designates their rank within a man-made institution (e.g. chief, king, bishop, brother) or general social status (mr., miss), or may indicate a kinship relationship (cousin, aunt). Pairings of Title and Name can be used as vocatives (see Attention_getting), while the Titles may not always be vocative on their own. 'He saluted General Fightmeister walking into the room.' 'Everyone stood as Captain Jack Aubrey delivered a toast.' 'Supreme Court Chief Justice John Roberts is sticking to his guns .' 'Captain Mike Eruzione of the USA Miracle on Ice hockey team in 1980 turns 58 today.' Most LUs of this frame are related to LUs of the Leadership or Kinship frames, but some (e.g. Lady, Mr., Brother) occur only here. These LUs differ from normal examples of LUs in Leadership or Kinship in that the LUs are used simply as vocatives or as modifiers of names, to indicate how the individual fits into the general or specific social context.",general,17,False,True,Attention_getting|Leadership|People_by_vocation
Mine hunting director petty officer Simmo Simmons calls up the image on to his table screen .,officer,Appellations,"This frame is only for words that are used as the Titles of individuals. The Title is applied to a Name (surname or full name) and often designates their rank within a man-made institution (e.g. chief, king, bishop, brother) or general social status (mr., miss), or may indicate a kinship relationship (cousin, aunt). Pairings of Title and Name can be used as vocatives (see Attention_getting), while the Titles may not always be vocative on their own. 'He saluted General Fightmeister walking into the room.' 'Everyone stood as Captain Jack Aubrey delivered a toast.' 'Supreme Court Chief Justice John Roberts is sticking to his guns .' 'Captain Mike Eruzione of the USA Miracle on Ice hockey team in 1980 turns 58 today.' Most LUs of this frame are related to LUs of the Leadership or Kinship frames, but some (e.g. Lady, Mr., Brother) occur only here. These LUs differ from normal examples of LUs in Leadership or Kinship in that the LUs are used simply as vocatives or as modifiers of names, to indicate how the individual fits into the general or specific social context.",general,17,False,True,Attention_getting|Leadership|People_by_vocation
According to British Rail press officer Sue McInstry the term was filched from the navy .,officer,Appellations,"This frame is only for words that are used as the Titles of individuals. The Title is applied to a Name (surname or full name) and often designates their rank within a man-made institution (e.g. chief, king, bishop, brother) or general social status (mr., miss), or may indicate a kinship relationship (cousin, aunt). Pairings of Title and Name can be used as vocatives (see Attention_getting), while the Titles may not always be vocative on their own. 'He saluted General Fightmeister walking into the room.' 'Everyone stood as Captain Jack Aubrey delivered a toast.' 'Supreme Court Chief Justice John Roberts is sticking to his guns .' 'Captain Mike Eruzione of the USA Miracle on Ice hockey team in 1980 turns 58 today.' Most LUs of this frame are related to LUs of the Leadership or Kinship frames, but some (e.g. Lady, Mr., Brother) occur only here. These LUs differ from normal examples of LUs in Leadership or Kinship in that the LUs are used simply as vocatives or as modifiers of names, to indicate how the individual fits into the general or specific social context.",general,16,False,True,Attention_getting|Leadership|People_by_vocation
"` In reality this is not happening , "" said Brecon and Radnor FUW executive officer John Roberts .",officer,Appellations,"This frame is only for words that are used as the Titles of individuals. The Title is applied to a Name (surname or full name) and often designates their rank within a man-made institution (e.g. chief, king, bishop, brother) or general social status (mr., miss), or may indicate a kinship relationship (cousin, aunt). Pairings of Title and Name can be used as vocatives (see Attention_getting), while the Titles may not always be vocative on their own. 'He saluted General Fightmeister walking into the room.' 'Everyone stood as Captain Jack Aubrey delivered a toast.' 'Supreme Court Chief Justice John Roberts is sticking to his guns .' 'Captain Mike Eruzione of the USA Miracle on Ice hockey team in 1980 turns 58 today.' Most LUs of this frame are related to LUs of the Leadership or Kinship frames, but some (e.g. Lady, Mr., Brother) occur only here. These LUs differ from normal examples of LUs in Leadership or Kinship in that the LUs are used simply as vocatives or as modifiers of names, to indicate how the individual fits into the general or specific social context.",general,19,False,True,Attention_getting|Leadership|People_by_vocation
You can brown it in hot fat beforehand if you really want to .,brown,Apply_heat,"A Cook applies heat to Food, where the Temperature_setting of the heat and Duration of application may be specified. A Heating_instrument, generally indicated by a locative phrase, may also be expressed. Some cooking methods involve the use of a Medium (e.g. milk or water) by which heat is transferred to the Food. A less semantically prominent Food or Cook is marked Co-participant. 'Sally fried an egg in butter.' 'Sally fried an egg in a teflon pan.' 'Ellen fried the eggs with chopped tomatoes and garlic.' This frame differs from Cooking_creation in focusing on the process of handling the ingredients, rather than the edible entity that results from the process.",general,14,False,True,Absorb_heat|Color
He arranged them in a Noah row as he talked .,arrange,Arranging,"An Agent puts a complex Theme into a particular Configuration, which can be a proper order, a correct or suitable sequence, or a spatial position. 'He arranged the elements in the pattern that we now call the periodic table.' 'Try to order them by importance. CNI '",general,11,False,True,Placing|Scheduling
Arrange rice in a ring and place chicken in the centre .,arrange,Arranging,"An Agent puts a complex Theme into a particular Configuration, which can be a proper order, a correct or suitable sequence, or a spatial position. 'He arranged the elements in the pattern that we now call the periodic table.' 'Try to order them by importance. CNI '",general,12,False,True,Placing|Scheduling
Arrange fish in a single layer in the tin .,arrange,Arranging,"An Agent puts a complex Theme into a particular Configuration, which can be a proper order, a correct or suitable sequence, or a spatial position. 'He arranged the elements in the pattern that we now call the periodic table.' 'Try to order them by importance. CNI '",general,10,False,True,Placing|Scheduling
Burger deftly arranged the creases in his trousers .,arrange,Arranging,"An Agent puts a complex Theme into a particular Configuration, which can be a proper order, a correct or suitable sequence, or a spatial position. 'He arranged the elements in the pattern that we now call the periodic table.' 'Try to order them by importance. CNI '",general,9,False,True,Placing|Scheduling
They arrange them in series and plug them into the mains supply .,arrange,Arranging,"An Agent puts a complex Theme into a particular Configuration, which can be a proper order, a correct or suitable sequence, or a spatial position. 'He arranged the elements in the pattern that we now call the periodic table.' 'Try to order them by importance. CNI '",general,13,False,True,Placing|Scheduling
"All day , they helped Mother to unpack and arrange everything in the rooms .",arrange,Arranging,"An Agent puts a complex Theme into a particular Configuration, which can be a proper order, a correct or suitable sequence, or a spatial position. 'He arranged the elements in the pattern that we now call the periodic table.' 'Try to order them by importance. CNI '",daily_life,15,False,True,Placing|Scheduling
"He arranged the jharo in two pyramids at the edge of the roof , between the flowers .",arrange,Arranging,"An Agent puts a complex Theme into a particular Configuration, which can be a proper order, a correct or suitable sequence, or a spatial position. 'He arranged the elements in the pattern that we now call the periodic table.' 'Try to order them by importance. CNI '",general,18,False,True,Placing|Scheduling
Arrange the courgettes on a serving platter with the trout and reserved grapefruit segments .,arrange,Arranging,"An Agent puts a complex Theme into a particular Configuration, which can be a proper order, a correct or suitable sequence, or a spatial position. 'He arranged the elements in the pattern that we now call the periodic table.' 'Try to order them by importance. CNI '",general,15,False,True,Placing|Scheduling
"There 's an edginess , a tough guy 's melancholy , to Davis ' sound .",sound,Artistic_style,This frame contains LUs that express the Form which a piece of Artwork represents. The Form may also represent the entire body of an Artist's work. The Form may be further characterized by the Time of some Artwork's creation or other Descriptors. 'Her style of painting is an excellent blend of traditional and modern.' 'The whimsical style of this piece is very effective.',general,16,False,True,Cause_to_make_noise|Give_impression|Make_noise|Natural_features|Sensation
"This is a very early example of a three-arched design , in the Corinthian Order .",order,Artistic_style,This frame contains LUs that express the Form which a piece of Artwork represents. The Form may also represent the entire body of an Artist's work. The Form may be further characterized by the Time of some Artwork's creation or other Descriptors. 'Her style of painting is an excellent blend of traditional and modern.' 'The whimsical style of this piece is very effective.',general,16,False,True,Arranging|Bail_decision|Biological_classification|Chaos|Law
and have everybody meet someplace where they do not really know,meet,Assemble,"In this frame a group of Individuals intentionally come together to form a Group. Alternatively, a grammatically more prominent Party_1 assembles with a Party_2, expressed as an oblique phrase. If this asymmetric construal is chosen, Purpose only relates to Party_1. 'We assembled in the courtyard to talk about our future plans.' 'Our study group is convening outside today.' 'The Dodgers meet the San Francisco Giants tomorrow at Dodger Stadium.'",general,11,False,True,Come_together|Locative_relation|Make_acquaintance|Meet_specifications|Meet_with_response
But rebels claimed that hundreds of Kadafi loyalists and soldiers had abandoned their posts .,post,Assigned_location,"An Individual is assigned a Station to remain at, usually in order to accomplish a task. The Station may have an intended use based on its features (e.g., a vendor's booth), or it may be temporarily assigned a use. 'The guards who remained at their stations had no idea what was going on two floors below.' 'Return to your post!'",general,15,False,True,Sending|Sent_items|Time_vector
People were fastening a rope to the ring .,fasten,Attaching,"The Attaching frame covers two situations: a scene in which somebody causes one thing to be physically connected to something else; or a scene in which somebody causes two things to be connected to each other. In the first, the frame includes an Agent who attaches an Item to a Goal by manipulating a Connector, creating an asymmetric relationship between the Item and the Goal. In the second, the Agent attaches two Items to each other, where each serves as a Goal for the other, creating a symmetric relationship between the two Items. In both cases, the Connector remains to bind the two entities (either Item and Goal, or two Items), without creating a new entity. 'The robber tied Harry to the chair.' 'Make sure you bind his wrists as tightly as possible.'",general,9,False,True,Becoming_attached|Closure
Now we fasten pinecones to the dahlia sticks and shake them out every few days .,fasten,Attaching,"The Attaching frame covers two situations: a scene in which somebody causes one thing to be physically connected to something else; or a scene in which somebody causes two things to be connected to each other. In the first, the frame includes an Agent who attaches an Item to a Goal by manipulating a Connector, creating an asymmetric relationship between the Item and the Goal. In the second, the Agent attaches two Items to each other, where each serves as a Goal for the other, creating a symmetric relationship between the two Items. In both cases, the Connector remains to bind the two entities (either Item and Goal, or two Items), without creating a new entity. 'The robber tied Harry to the chair.' 'Make sure you bind his wrists as tightly as possible.'",general,16,False,True,Becoming_attached|Closure
A dozen suited men were fastening the edges of the insulator to the brace of the frame .,fasten,Attaching,"The Attaching frame covers two situations: a scene in which somebody causes one thing to be physically connected to something else; or a scene in which somebody causes two things to be connected to each other. In the first, the frame includes an Agent who attaches an Item to a Goal by manipulating a Connector, creating an asymmetric relationship between the Item and the Goal. In the second, the Agent attaches two Items to each other, where each serves as a Goal for the other, creating a symmetric relationship between the two Items. In both cases, the Connector remains to bind the two entities (either Item and Goal, or two Items), without creating a new entity. 'The robber tied Harry to the chair.' 'Make sure you bind his wrists as tightly as possible.'",sports,18,False,True,Becoming_attached|Closure
"Then , very slowly , Mr Evans fastened his belt round his trousers …",fasten,Attaching,"The Attaching frame covers two situations: a scene in which somebody causes one thing to be physically connected to something else; or a scene in which somebody causes two things to be connected to each other. In the first, the frame includes an Agent who attaches an Item to a Goal by manipulating a Connector, creating an asymmetric relationship between the Item and the Goal. In the second, the Agent attaches two Items to each other, where each serves as a Goal for the other, creating a symmetric relationship between the two Items. In both cases, the Connector remains to bind the two entities (either Item and Goal, or two Items), without creating a new entity. 'The robber tied Harry to the chair.' 'Make sure you bind his wrists as tightly as possible.'",general,14,False,True,Becoming_attached|Closure
He fastened his cloak round his shoulders .,fasten,Attaching,"The Attaching frame covers two situations: a scene in which somebody causes one thing to be physically connected to something else; or a scene in which somebody causes two things to be connected to each other. In the first, the frame includes an Agent who attaches an Item to a Goal by manipulating a Connector, creating an asymmetric relationship between the Item and the Goal. In the second, the Agent attaches two Items to each other, where each serves as a Goal for the other, creating a symmetric relationship between the two Items. In both cases, the Connector remains to bind the two entities (either Item and Goal, or two Items), without creating a new entity. 'The robber tied Harry to the chair.' 'Make sure you bind his wrists as tightly as possible.'",general,8,False,True,Becoming_attached|Closure
The huge black doors of the boat-house had been fastened back to allow free access .,fasten,Attaching,"The Attaching frame covers two situations: a scene in which somebody causes one thing to be physically connected to something else; or a scene in which somebody causes two things to be connected to each other. In the first, the frame includes an Agent who attaches an Item to a Goal by manipulating a Connector, creating an asymmetric relationship between the Item and the Goal. In the second, the Agent attaches two Items to each other, where each serves as a Goal for the other, creating a symmetric relationship between the two Items. In both cases, the Connector remains to bind the two entities (either Item and Goal, or two Items), without creating a new entity. 'The robber tied Harry to the chair.' 'Make sure you bind his wrists as tightly as possible.'",general,16,False,True,Becoming_attached|Closure
Their sordid dormitory was attacked by hooligans .,attack,Attack,"An Assailant physically attacks a Victim (which is usually but not always sentient), causing or intending to cause the Victim physical damage. A Weapon used by the Assailant may also be mentioned, in addition to the usual Place, Time, Purpose, Explanation, etc. Sometimes a location is used metonymically to stand for the Assailant or the Victim, and in such cases the Place FE will be annotated on a second FE layer. 'As soon as he stepped out of the bar he was set upon by four men in ski-masks.' 'Is he invading Iraq just to cover other shortcomings?' 'Then Jon-O's forces ambushed them on the left flank from a line of low hills.'",general,8,False,True,Firefighting|Judgment_communication
` But why they attacked in such numbers and with such determination is beyond my ken .,attack,Attack,"An Assailant physically attacks a Victim (which is usually but not always sentient), causing or intending to cause the Victim physical damage. A Weapon used by the Assailant may also be mentioned, in addition to the usual Place, Time, Purpose, Explanation, etc. Sometimes a location is used metonymically to stand for the Assailant or the Victim, and in such cases the Place FE will be annotated on a second FE layer. 'As soon as he stepped out of the bar he was set upon by four men in ski-masks.' 'Is he invading Iraq just to cover other shortcomings?' 'Then Jon-O's forces ambushed them on the left flank from a line of low hills.'",general,17,False,True,Firefighting|Judgment_communication
` He and a Ukrainian Nazi attacked and killed a woman during the Russian campaign .,attack,Attack,"An Assailant physically attacks a Victim (which is usually but not always sentient), causing or intending to cause the Victim physical damage. A Weapon used by the Assailant may also be mentioned, in addition to the usual Place, Time, Purpose, Explanation, etc. Sometimes a location is used metonymically to stand for the Assailant or the Victim, and in such cases the Place FE will be annotated on a second FE layer. 'As soon as he stepped out of the bar he was set upon by four men in ski-masks.' 'Is he invading Iraq just to cover other shortcomings?' 'Then Jon-O's forces ambushed them on the left flank from a line of low hills.'",general,16,False,True,Firefighting|Judgment_communication
Jack and Rose Hayward were attacked by two men who fired at them at close range .,attack,Attack,"An Assailant physically attacks a Victim (which is usually but not always sentient), causing or intending to cause the Victim physical damage. A Weapon used by the Assailant may also be mentioned, in addition to the usual Place, Time, Purpose, Explanation, etc. Sometimes a location is used metonymically to stand for the Assailant or the Victim, and in such cases the Place FE will be annotated on a second FE layer. 'As soon as he stepped out of the bar he was set upon by four men in ski-masks.' 'Is he invading Iraq just to cover other shortcomings?' 'Then Jon-O's forces ambushed them on the left flank from a line of low hills.'",news_politics,17,False,True,Firefighting|Judgment_communication
She confirmed that when seeing each other they always tried to use separate entrances and exits .,try,Attempt_means,"An Agent attempts to achieve a Goal using some Means. 'John tried using a crowbar to open the door.' 'They tried opening the window in order to rob the store.' Very frequently, an entity involved in a Means action stands in for the Means, and similarly a Goal may be metonymically expressed with an entity related to a Goal situation: 'John tried a crowbar on the door.' 'They tried the window in order to rob the store.' Unlike the Attempt frame, the Means is focused upon, and the Goal is often implicit. This frame answers the question of how something is to be attempted, rather than what is being attempted. The frames can be most reliably distinguished by paraphrasing a sentence with ""give X a try"", since ""give try"" belongs only in this frame.",general,17,False,True,Attempt|Tasting|Try_defendant|Trying_out
He tried the back door but it was firmly bolted .,try,Attempt_means,"An Agent attempts to achieve a Goal using some Means. 'John tried using a crowbar to open the door.' 'They tried opening the window in order to rob the store.' Very frequently, an entity involved in a Means action stands in for the Means, and similarly a Goal may be metonymically expressed with an entity related to a Goal situation: 'John tried a crowbar on the door.' 'They tried the window in order to rob the store.' Unlike the Attempt frame, the Means is focused upon, and the Goal is often implicit. This frame answers the question of how something is to be attempted, rather than what is being attempted. The frames can be most reliably distinguished by paraphrasing a sentence with ""give X a try"", since ""give try"" belongs only in this frame.",general,11,False,True,Attempt|Tasting|Try_defendant|Trying_out
"Try smearing the spanner jaws with light oil , then dipping them in fine sand .",try,Attempt_means,"An Agent attempts to achieve a Goal using some Means. 'John tried using a crowbar to open the door.' 'They tried opening the window in order to rob the store.' Very frequently, an entity involved in a Means action stands in for the Means, and similarly a Goal may be metonymically expressed with an entity related to a Goal situation: 'John tried a crowbar on the door.' 'They tried the window in order to rob the store.' Unlike the Attempt frame, the Means is focused upon, and the Goal is often implicit. This frame answers the question of how something is to be attempted, rather than what is being attempted. The frames can be most reliably distinguished by paraphrasing a sentence with ""give X a try"", since ""give try"" belongs only in this frame.",general,16,False,True,Attempt|Tasting|Try_defendant|Trying_out
well if you if you 're on you 're on the usenet groups you might try uh alt privacy,try,Attempt_means,"An Agent attempts to achieve a Goal using some Means. 'John tried using a crowbar to open the door.' 'They tried opening the window in order to rob the store.' Very frequently, an entity involved in a Means action stands in for the Means, and similarly a Goal may be metonymically expressed with an entity related to a Goal situation: 'John tried a crowbar on the door.' 'They tried the window in order to rob the store.' Unlike the Attempt frame, the Means is focused upon, and the Goal is often implicit. This frame answers the question of how something is to be attempted, rather than what is being attempted. The frames can be most reliably distinguished by paraphrasing a sentence with ""give X a try"", since ""give try"" belongs only in this frame.",general,19,False,True,Attempt|Tasting|Try_defendant|Trying_out
"Try saying that in Latin , Dr . Egg .",try,Attempt_means,"An Agent attempts to achieve a Goal using some Means. 'John tried using a crowbar to open the door.' 'They tried opening the window in order to rob the store.' Very frequently, an entity involved in a Means action stands in for the Means, and similarly a Goal may be metonymically expressed with an entity related to a Goal situation: 'John tried a crowbar on the door.' 'They tried the window in order to rob the store.' Unlike the Attempt frame, the Means is focused upon, and the Goal is often implicit. This frame answers the question of how something is to be attempted, rather than what is being attempted. The frames can be most reliably distinguished by paraphrasing a sentence with ""give X a try"", since ""give try"" belongs only in this frame.",general,10,False,True,Attempt|Tasting|Try_defendant|Trying_out
It was no use trying the lift .,try,Attempt_means,"An Agent attempts to achieve a Goal using some Means. 'John tried using a crowbar to open the door.' 'They tried opening the window in order to rob the store.' Very frequently, an entity involved in a Means action stands in for the Means, and similarly a Goal may be metonymically expressed with an entity related to a Goal situation: 'John tried a crowbar on the door.' 'They tried the window in order to rob the store.' Unlike the Attempt frame, the Means is focused upon, and the Goal is often implicit. This frame answers the question of how something is to be attempted, rather than what is being attempted. The frames can be most reliably distinguished by paraphrasing a sentence with ""give X a try"", since ""give try"" belongs only in this frame.",general,8,False,True,Attempt|Tasting|Try_defendant|Trying_out
"“ Go on , ” she urged .",urge,Attempt_suasion,"The Speaker expresses through language his wish to get the Addressee to act in some way that will help to bring about events or states described in the Content. There is no implication that the Addressee forms an intention to act, let alone acts. 'Mr Smithers always encourages the employees to stay late and work harder.' 'Dennis Rodman advises moderation in all things. INI' The Content most prototypically refers to an action that the Addressee will carry out themselves, but may (in the case of valences with a non-finite Content clause) merely refer to a situation that they have indirect influence over, as in the following 'When I talked to her, I suggested that he be removed from office . DNI '",general,8,False,True,Desiring|Request
"` Drink some of this tea , "" Maggie urged , handing it to Laura .",urge,Attempt_suasion,"The Speaker expresses through language his wish to get the Addressee to act in some way that will help to bring about events or states described in the Content. There is no implication that the Addressee forms an intention to act, let alone acts. 'Mr Smithers always encourages the employees to stay late and work harder.' 'Dennis Rodman advises moderation in all things. INI' The Content most prototypically refers to an action that the Addressee will carry out themselves, but may (in the case of valences with a non-finite Content clause) merely refer to a situation that they have indirect influence over, as in the following 'When I talked to her, I suggested that he be removed from office . DNI '",general,16,False,True,Desiring|Request
"` This is nineteen forty seven Moll , not the dark ages , "" he urged .",urge,Attempt_suasion,"The Speaker expresses through language his wish to get the Addressee to act in some way that will help to bring about events or states described in the Content. There is no implication that the Addressee forms an intention to act, let alone acts. 'Mr Smithers always encourages the employees to stay late and work harder.' 'Dennis Rodman advises moderation in all things. INI' The Content most prototypically refers to an action that the Addressee will carry out themselves, but may (in the case of valences with a non-finite Content clause) merely refer to a situation that they have indirect influence over, as in the following 'When I talked to her, I suggested that he be removed from office . DNI '",general,17,False,True,Desiring|Request
"` Hush , my treasure , "" I urged , ` Pas devant ! """,urge,Attempt_suasion,"The Speaker expresses through language his wish to get the Addressee to act in some way that will help to bring about events or states described in the Content. There is no implication that the Addressee forms an intention to act, let alone acts. 'Mr Smithers always encourages the employees to stay late and work harder.' 'Dennis Rodman advises moderation in all things. INI' The Content most prototypically refers to an action that the Addressee will carry out themselves, but may (in the case of valences with a non-finite Content clause) merely refer to a situation that they have indirect influence over, as in the following 'When I talked to her, I suggested that he be removed from office . DNI '",general,15,False,True,Desiring|Request
"` Wait for me , "" she urged .",urge,Attempt_suasion,"The Speaker expresses through language his wish to get the Addressee to act in some way that will help to bring about events or states described in the Content. There is no implication that the Addressee forms an intention to act, let alone acts. 'Mr Smithers always encourages the employees to stay late and work harder.' 'Dennis Rodman advises moderation in all things. INI' The Content most prototypically refers to an action that the Addressee will carry out themselves, but may (in the case of valences with a non-finite Content clause) merely refer to a situation that they have indirect influence over, as in the following 'When I talked to her, I suggested that he be removed from office . DNI '",general,9,False,True,Desiring|Request
"` Well , go out and win it ! "" urged Beegee .",urge,Attempt_suasion,"The Speaker expresses through language his wish to get the Addressee to act in some way that will help to bring about events or states described in the Content. There is no implication that the Addressee forms an intention to act, let alone acts. 'Mr Smithers always encourages the employees to stay late and work harder.' 'Dennis Rodman advises moderation in all things. INI' The Content most prototypically refers to an action that the Addressee will carry out themselves, but may (in the case of valences with a non-finite Content clause) merely refer to a situation that they have indirect influence over, as in the following 'When I talked to her, I suggested that he be removed from office . DNI '",general,13,False,True,Desiring|Request
"` Come on , slowcoach , "" urged George .",urge,Attempt_suasion,"The Speaker expresses through language his wish to get the Addressee to act in some way that will help to bring about events or states described in the Content. There is no implication that the Addressee forms an intention to act, let alone acts. 'Mr Smithers always encourages the employees to stay late and work harder.' 'Dennis Rodman advises moderation in all things. INI' The Content most prototypically refers to an action that the Addressee will carry out themselves, but may (in the case of valences with a non-finite Content clause) merely refer to a situation that they have indirect influence over, as in the following 'When I talked to her, I suggested that he be removed from office . DNI '",general,10,False,True,Desiring|Request
"` Think what you see ! "" urged Sergeant Juron .",urge,Attempt_suasion,"The Speaker expresses through language his wish to get the Addressee to act in some way that will help to bring about events or states described in the Content. There is no implication that the Addressee forms an intention to act, let alone acts. 'Mr Smithers always encourages the employees to stay late and work harder.' 'Dennis Rodman advises moderation in all things. INI' The Content most prototypically refers to an action that the Addressee will carry out themselves, but may (in the case of valences with a non-finite Content clause) merely refer to a situation that they have indirect influence over, as in the following 'When I talked to her, I suggested that he be removed from office . DNI '",general,11,False,True,Desiring|Request
This question came from the management representative who was attending the meeting .,attend,Attending,An Agent goes to an Event and is present in a relatively non-participatory way. 'The Angolan guerrillas will attend a September meeting in Zaire.' 'We just go to the movies when it rains.' 'His attendance at the funeral did not go unnoticed.',general,13,False,True,Attention|Perception_active
In 1990 Bustin attended a fresco course near Florence .,attend,Attending,An Agent goes to an Event and is present in a relatively non-participatory way. 'The Angolan guerrillas will attend a September meeting in Zaire.' 'We just go to the movies when it rains.' 'His attendance at the funeral did not go unnoticed.',general,10,False,True,Attention|Perception_active
All patients attended the clinic monthly for six months .,attend,Attending,An Agent goes to an Event and is present in a relatively non-participatory way. 'The Angolan guerrillas will attend a September meeting in Zaire.' 'We just go to the movies when it rains.' 'His attendance at the funeral did not go unnoticed.',science_medical,10,False,True,Attention|Perception_active
The workshop was attended by 25 participants from academia and industry .,attend,Attending,An Agent goes to an Event and is present in a relatively non-participatory way. 'The Angolan guerrillas will attend a September meeting in Zaire.' 'We just go to the movies when it rains.' 'His attendance at the funeral did not go unnoticed.',business,12,False,True,Attention|Perception_active
We should be alert for the side-effects of critical doubt .,alert,Attention,"This frame concerns a Perceiver's state of readiness to process and consider impressions of a Figure within a Ground. It is often unknown to the Perceiver whether or not the Figure exists within the Ground. Alternatively, the Expressor may be expressed as showing signs of the Perceiver's state of attentiveness. 'Legislator tells consumers to be alert to dioxin levels.' 'They demand an attentive gaze, a careful accounting of parts.'",general,11,False,True,Be_on_alert|Warning
Harbury 's green eyes were alert for her slightest response .,alert,Attention,"This frame concerns a Perceiver's state of readiness to process and consider impressions of a Figure within a Ground. It is often unknown to the Perceiver whether or not the Figure exists within the Ground. Alternatively, the Expressor may be expressed as showing signs of the Perceiver's state of attentiveness. 'Legislator tells consumers to be alert to dioxin levels.' 'They demand an attentive gaze, a careful accounting of parts.'",general,11,False,True,Be_on_alert|Warning
If he had been alert to everyday things he knew he would have heard it sooner .,alert,Attention,"This frame concerns a Perceiver's state of readiness to process and consider impressions of a Figure within a Ground. It is often unknown to the Perceiver whether or not the Figure exists within the Ground. Alternatively, the Expressor may be expressed as showing signs of the Perceiver's state of attentiveness. 'Legislator tells consumers to be alert to dioxin levels.' 'They demand an attentive gaze, a careful accounting of parts.'",general,17,False,True,Be_on_alert|Warning
"Parents , and GPs must be alert to the symptoms .",alert,Attention,"This frame concerns a Perceiver's state of readiness to process and consider impressions of a Figure within a Ground. It is often unknown to the Perceiver whether or not the Figure exists within the Ground. Alternatively, the Expressor may be expressed as showing signs of the Perceiver's state of attentiveness. 'Legislator tells consumers to be alert to dioxin levels.' 'They demand an attentive gaze, a careful accounting of parts.'",general,11,False,True,Be_on_alert|Warning
The Constitution recognizes no power higher than the will of `` We the People . '',power,Authority,An Agent has the means to affect a Theme along the lines of a certain Domain. There is an imbalance of influence or power within a certain Domain that favors the Agent (often due to some Source) over the Theme. 'His authority over his subjects was given to him by God.' 'Congress has the power to enact laws.' 'Only the King has the authority to declare war.',general,16,False,True,Capability|Electricity|Level_of_force_exertion|Objective_influence
uh given the the uh military powers on both sides i think it 's always a threat,power,Authority,An Agent has the means to affect a Theme along the lines of a certain Domain. There is an imbalance of influence or power within a certain Domain that favors the Agent (often due to some Source) over the Theme. 'His authority over his subjects was given to him by God.' 'Congress has the power to enact laws.' 'Only the King has the authority to declare war.',general,17,False,True,Capability|Electricity|Level_of_force_exertion|Objective_influence
the glamour and the power and whatnot and probably make bad decisions bad choices sometimes,power,Authority,An Agent has the means to affect a Theme along the lines of a certain Domain. There is an imbalance of influence or power within a certain Domain that favors the Agent (often due to some Source) over the Theme. 'His authority over his subjects was given to him by God.' 'Congress has the power to enact laws.' 'Only the King has the authority to declare war.',general,15,False,True,Capability|Electricity|Level_of_force_exertion|Objective_influence
Numerous Supreme Court precedents recognize a broad and encompassing power in Congress to engage in oversight and investigation .,power,Authority,An Agent has the means to affect a Theme along the lines of a certain Domain. There is an imbalance of influence or power within a certain Domain that favors the Agent (often due to some Source) over the Theme. 'His authority over his subjects was given to him by God.' 'Congress has the power to enact laws.' 'Only the King has the authority to declare war.',news_politics,19,False,True,Capability|Electricity|Level_of_force_exertion|Objective_influence
The cause of the fire is not known .,known,Awareness_status,"Some Content is part of the mental model of a Cognizer. The Cognizer arrives at the mental model not by direct perception but by reasoning from perceived phenomena. Alternatively, the Role of a particular object is known to be applicable to that object. 'That fact is known to many.' 'The presumed killer was last seen driving south on the interstate.'",general,9,False,True,Being_named|Fame
The names of the injured firefighters are not known .,known,Awareness_status,"Some Content is part of the mental model of a Cognizer. The Cognizer arrives at the mental model not by direct perception but by reasoning from perceived phenomena. Alternatively, the Role of a particular object is known to be applicable to that object. 'That fact is known to many.' 'The presumed killer was last seen driving south on the interstate.'",general,10,False,True,Being_named|Fame
He fixed bail for appeal but said McGuigan was not to be released pending appeal .,fix,Bail_decision,"This frame covers a step in a criminal process in which a Judge decides whether the Accused should be released on bail, and, if so, what the amount of the bail should be. '' 'Thorsen, of Grimstad, Norway, was granted $100,000 bail until June 18.' 'He was granted conditional bail by Teesside Magistrates.'",general,16,False,True,Activity_prepare|Attaching|Cooking_creation|Predicament|Resolve_problem
The magistrate set a preliminary hearing for next Tuesday and ordered Pickett held without bond .,order,Bail_decision,"This frame covers a step in a criminal process in which a Judge decides whether the Accused should be released on bail, and, if so, what the amount of the bail should be. '' 'Thorsen, of Grimstad, Norway, was granted $100,000 bail until June 18.' 'He was granted conditional bail by Teesside Magistrates.'",general,16,False,True,Arranging|Artistic_style|Biological_classification|Chaos|Law
Decision to end 1948 treaty with Soviet Union,treaty,Be_in_agreement_on_action,"Two (or more) people (the Parties, also encodable as Party_1 and Party_2) have an agreement. Both sides are construed as having a commitment to an Obligation--the relationship is understood to be symmetrical or reciprocal. Instead of a specific mention of the Obligation, a Topic expression may be used to indicate the domain covered. 'The US and Russia have an agreement to share early warning data on missile launches.'",general,8,False,True,Documents|Make_agreement_on_action
Now the Clinton administration is trying to negotiate a more liberal air treaty with Britain .,treaty,Be_in_agreement_on_action,"Two (or more) people (the Parties, also encodable as Party_1 and Party_2) have an agreement. Both sides are construed as having a commitment to an Obligation--the relationship is understood to be symmetrical or reciprocal. Instead of a specific mention of the Obligation, a Topic expression may be used to indicate the domain covered. 'The US and Russia have an agreement to share early warning data on missile launches.'",general,16,False,True,Documents|Make_agreement_on_action
"No one agrees , for example , on what is "" hazardous "" waste .",agree,Be_in_agreement_on_assessment,"The Cognizers have a similarity (or dissimilarity) in their Opinion. The Cognizers may be expressed separately, with Cognizer_2 being the basis for establishing the Opinion of Cognizer_1. Rather than a specific Opinion, a phenomenon about which a similar or differing Opinion is held, the Topic, may be specified. A specific Opinion may also go unmentioned when the Opinions of the Cognizers are understood as answers to a Question. 'Dr. Gerry and Mr. Pond agree in their impressions.' ' This copyeditor and I mostly see eye to eye on things.' 'I agree with you that everything should be monitored to keep the person from wasting time and protecting the interests of the company.'",general,15,False,True,Agree_or_refuse_to_act|Compatibility|Make_agreement_on_action
I agree with what was said about joyriding .,agree,Be_in_agreement_on_assessment,"The Cognizers have a similarity (or dissimilarity) in their Opinion. The Cognizers may be expressed separately, with Cognizer_2 being the basis for establishing the Opinion of Cognizer_1. Rather than a specific Opinion, a phenomenon about which a similar or differing Opinion is held, the Topic, may be specified. A specific Opinion may also go unmentioned when the Opinions of the Cognizers are understood as answers to a Question. 'Dr. Gerry and Mr. Pond agree in their impressions.' ' This copyeditor and I mostly see eye to eye on things.' 'I agree with you that everything should be monitored to keep the person from wasting time and protecting the interests of the company.'",general,9,False,True,Agree_or_refuse_to_act|Compatibility|Make_agreement_on_action
But not everyone agrees about the quality of epoflex .,agree,Be_in_agreement_on_assessment,"The Cognizers have a similarity (or dissimilarity) in their Opinion. The Cognizers may be expressed separately, with Cognizer_2 being the basis for establishing the Opinion of Cognizer_1. Rather than a specific Opinion, a phenomenon about which a similar or differing Opinion is held, the Topic, may be specified. A specific Opinion may also go unmentioned when the Opinions of the Cognizers are understood as answers to a Question. 'Dr. Gerry and Mr. Pond agree in their impressions.' ' This copyeditor and I mostly see eye to eye on things.' 'I agree with you that everything should be monitored to keep the person from wasting time and protecting the interests of the company.'",general,10,False,True,Agree_or_refuse_to_act|Compatibility|Make_agreement_on_action
I agree with him about the irreversibility of the peace process .,agree,Be_in_agreement_on_assessment,"The Cognizers have a similarity (or dissimilarity) in their Opinion. The Cognizers may be expressed separately, with Cognizer_2 being the basis for establishing the Opinion of Cognizer_1. Rather than a specific Opinion, a phenomenon about which a similar or differing Opinion is held, the Topic, may be specified. A specific Opinion may also go unmentioned when the Opinions of the Cognizers are understood as answers to a Question. 'Dr. Gerry and Mr. Pond agree in their impressions.' ' This copyeditor and I mostly see eye to eye on things.' 'I agree with you that everything should be monitored to keep the person from wasting time and protecting the interests of the company.'",general,12,False,True,Agree_or_refuse_to_act|Compatibility|Make_agreement_on_action
I agree with you about a striker though .,agree,Be_in_agreement_on_assessment,"The Cognizers have a similarity (or dissimilarity) in their Opinion. The Cognizers may be expressed separately, with Cognizer_2 being the basis for establishing the Opinion of Cognizer_1. Rather than a specific Opinion, a phenomenon about which a similar or differing Opinion is held, the Topic, may be specified. A specific Opinion may also go unmentioned when the Opinions of the Cognizers are understood as answers to a Question. 'Dr. Gerry and Mr. Pond agree in their impressions.' ' This copyeditor and I mostly see eye to eye on things.' 'I agree with you that everything should be monitored to keep the person from wasting time and protecting the interests of the company.'",general,9,False,True,Agree_or_refuse_to_act|Compatibility|Make_agreement_on_action
Coarse vox man Rikky Turner agrees with my assertion about his native Ashton .,agree,Be_in_agreement_on_assessment,"The Cognizers have a similarity (or dissimilarity) in their Opinion. The Cognizers may be expressed separately, with Cognizer_2 being the basis for establishing the Opinion of Cognizer_1. Rather than a specific Opinion, a phenomenon about which a similar or differing Opinion is held, the Topic, may be specified. A specific Opinion may also go unmentioned when the Opinions of the Cognizers are understood as answers to a Question. 'Dr. Gerry and Mr. Pond agree in their impressions.' ' This copyeditor and I mostly see eye to eye on things.' 'I agree with you that everything should be monitored to keep the person from wasting time and protecting the interests of the company.'",general,14,False,True,Agree_or_refuse_to_act|Compatibility|Make_agreement_on_action
The Marines appeared to be on high alert at sunset Friday .,alert,Be_on_alert,A Protagonist has become aware of a possible Danger (a dangerous event or a Dangerous_entity that might participate in an event harmful to the Protagonist) and is ready to engage in an Activity in response to that Danger. 'All tropps are on high alert for possible intruders following an attack on a nearby compound.' 'we're on alert to stop anyone trying to sneak in.' 'we're on guard for possible sabotage.',general,12,False,True,Attention|Warning
"Israel had been on high alert against attacks during Passover , which ends tonight .",alert,Be_on_alert,A Protagonist has become aware of a possible Danger (a dangerous event or a Dangerous_entity that might participate in an event harmful to the Protagonist) and is ready to engage in an Activity in response to that Danger. 'All tropps are on high alert for possible intruders following an attack on a nearby compound.' 'we're on alert to stop anyone trying to sneak in.' 'we're on guard for possible sabotage.',general,15,False,True,Attention|Warning
Other embassies in Rome were placed on alert after the explosions .,alert,Be_on_alert,A Protagonist has become aware of a possible Danger (a dangerous event or a Dangerous_entity that might participate in an event harmful to the Protagonist) and is ready to engage in an Activity in response to that Danger. 'All tropps are on high alert for possible intruders following an attack on a nearby compound.' 'we're on alert to stop anyone trying to sneak in.' 'we're on guard for possible sabotage.',general,12,False,True,Attention|Warning
"Mumbai was placed on high alert , and residents were told to avoid crowded places .",alert,Be_on_alert,A Protagonist has become aware of a possible Danger (a dangerous event or a Dangerous_entity that might participate in an event harmful to the Protagonist) and is ready to engage in an Activity in response to that Danger. 'All tropps are on high alert for possible intruders following an attack on a nearby compound.' 'we're on alert to stop anyone trying to sneak in.' 'we're on guard for possible sabotage.',general,16,False,True,Attention|Warning
Stewart joined BRM in 1965 where he replaced American riche Ginther as Graham Hill 's new stablemate .,join,Becoming_a_member,A New_member becomes a member of a socially-constructed Group. 'Seven new members and the three countries joined the alliance five years ago.' 'Most new students enroll in a university without declaring a major.' 'It represents every man and woman who has enlisted in the armed forces to protect our families and serve the community.',news_politics,18,False,True,Amalgamation|Attaching|Cause_to_amalgamate
He joined LASMO in August 1991 and was subsequently appointed production and operations director in February 1992 .,join,Becoming_a_member,A New_member becomes a member of a socially-constructed Group. 'Seven new members and the three countries joined the alliance five years ago.' 'Most new students enroll in a university without declaring a major.' 'It represents every man and woman who has enlisted in the armed forces to protect our families and serve the community.',general,18,False,True,Amalgamation|Attaching|Cause_to_amalgamate
"When he left school , he joined the Kansas City Star as a cub reporter in 1917 .",join,Becoming_a_member,A New_member becomes a member of a socially-constructed Group. 'Seven new members and the three countries joined the alliance five years ago.' 'Most new students enroll in a university without declaring a major.' 'It represents every man and woman who has enlisted in the armed forces to protect our families and serve the community.',general,18,False,True,Amalgamation|Attaching|Cause_to_amalgamate
"When war broke out with Germany , many UVF members and National Volunteers joined the armed forces .",join,Becoming_a_member,A New_member becomes a member of a socially-constructed Group. 'Seven new members and the three countries joined the alliance five years ago.' 'Most new students enroll in a university without declaring a major.' 'It represents every man and woman who has enlisted in the armed forces to protect our families and serve the community.',news_politics,18,False,True,Amalgamation|Attaching|Cause_to_amalgamate
I have invited her to join us .,join,Becoming_a_member,A New_member becomes a member of a socially-constructed Group. 'Seven new members and the three countries joined the alliance five years ago.' 'Most new students enroll in a university without declaring a major.' 'It represents every man and woman who has enlisted in the armed forces to protect our families and serve the community.',general,8,False,True,Amalgamation|Attaching|Cause_to_amalgamate
Recombinant Oct-11 protein binds specifically to an octamer sequence in vitro .,bind,Becoming_attached,"An Item comes to be attached to a Goal, with a Connector forming a bond between the Handle of the Item and the Goal (or some part of it). Alternatively, multiple Items may form a bond between each other. 'According to plan, the front part of the hull quietly attached to the docking gear.' 'The cells bind together.'",general,12,False,True,Attaching|Imposing_obligation|Predicament
The two remaining types bind to the surface of the cube .,bind,Becoming_attached,"An Item comes to be attached to a Goal, with a Connector forming a bond between the Handle of the Item and the Goal (or some part of it). Alternatively, multiple Items may form a bond between each other. 'According to plan, the front part of the hull quietly attached to the docking gear.' 'The cells bind together.'",general,12,False,True,Attaching|Imposing_obligation|Predicament
ANSTRUTHER North Carr Light Vessel moored at East Pier .,moor,Becoming_attached,"An Item comes to be attached to a Goal, with a Connector forming a bond between the Handle of the Item and the Goal (or some part of it). Alternatively, multiple Items may form a bond between each other. 'According to plan, the front part of the hull quietly attached to the docking gear.' 'The cells bind together.'",daily_life,10,False,True,Attaching|Biological_area
He cut and chopped and she felt herself detached from the rotten wood .,detach,Becoming_detached,"The Becoming_detached frame covers two situations: a scene in which one thing comes to be physically detached from something else; or a scene in which two things come to be disconnected from each other. In the first, the frame includes an Item that detaches from a Source, creating an asymmetric relationship between the Item and the Source. In the second, the Items detach from each other, where each serves as a Source relative to the other, creating a symmetric relationship between the two Items. The Items that were formerly attached re-appear as the two separate or potentially separate entities that they were throughout. 'The ship became decoupled from the dock.'",general,14,False,True,Attaching|Detaching
Her tears dried as suddenly as they had appeared .,dry,Becoming_dry,An Entity loses moisture with the outcome of being in a dry state. 'The slab dries very quickly.',general,10,False,True,Being_dry|Cause_to_be_dry|Preserving
These original works should be separated so that individual indexing and conservation can be carried out .,separate,Becoming_separated,"A Whole separates into Parts, or one part of a whole, called Part_1, becomes separate from the remaining portion, Part_2. 'This small channel meanders through marsh and wetland, splitting into several smaller channels that empty into Lake St. Clair.' 'Just crack one open and if the yoke quickly separates from the whites, they are probably bad.'",daily_life,17,False,True,Differentiation|Forming_relationships|Separating
Stirling and Mayne then separated from the others .,separate,Becoming_separated,"A Whole separates into Parts, or one part of a whole, called Part_1, becomes separate from the remaining portion, Part_2. 'This small channel meanders through marsh and wetland, splitting into several smaller channels that empty into Lake St. Clair.' 'Just crack one open and if the yoke quickly separates from the whites, they are probably bad.'",general,9,False,True,Differentiation|Forming_relationships|Separating
The mass spectral measurements separated into eight groups .,separate,Becoming_separated,"A Whole separates into Parts, or one part of a whole, called Part_1, becomes separate from the remaining portion, Part_2. 'This small channel meanders through marsh and wetland, splitting into several smaller channels that empty into Lake St. Clair.' 'Just crack one open and if the yoke quickly separates from the whites, they are probably bad.'",general,9,False,True,Differentiation|Forming_relationships|Separating
They found that the mammals had been separated into three groups .,separate,Becoming_separated,"A Whole separates into Parts, or one part of a whole, called Part_1, becomes separate from the remaining portion, Part_2. 'This small channel meanders through marsh and wetland, splitting into several smaller channels that empty into Lake St. Clair.' 'Just crack one open and if the yoke quickly separates from the whites, they are probably bad.'",general,12,False,True,Differentiation|Forming_relationships|Separating
"He speaks to them and they separate into two groups , trembling .",separate,Becoming_separated,"A Whole separates into Parts, or one part of a whole, called Part_1, becomes separate from the remaining portion, Part_2. 'This small channel meanders through marsh and wetland, splitting into several smaller channels that empty into Lake St. Clair.' 'Just crack one open and if the yoke quickly separates from the whites, they are probably bad.'",general,13,False,True,Differentiation|Forming_relationships|Separating
Why natural lacquers separate chronologically so clearly is not vet fully understood .,separate,Becoming_separated,"A Whole separates into Parts, or one part of a whole, called Part_1, becomes separate from the remaining portion, Part_2. 'This small channel meanders through marsh and wetland, splitting into several smaller channels that empty into Lake St. Clair.' 'Just crack one open and if the yoke quickly separates from the whites, they are probably bad.'",general,13,False,True,Differentiation|Forming_relationships|Separating
"Harper stared down at her bent over stomach , where three miniscule rolls of fat had appeared .",appear,Becoming_visible,An Entity that is previously not visible to a Perceiver becomes visible. 'The armada appeared on the horizon at sunset.' 'The captain ordered his men to dig at the X and the corner of a chest appeared.',general,18,False,True,Arriving|Circumscribed_existence|Coming_to_be|Give_impression|Performers_and_roles
I called up the synonyms for the adj and the following appeared:,appear,Becoming_visible,An Entity that is previously not visible to a Perceiver becomes visible. 'The armada appeared on the horizon at sunset.' 'The captain ordered his men to dig at the X and the corner of a chest appeared.',general,12,False,True,Arriving|Circumscribed_existence|Coming_to_be|Give_impression|Performers_and_roles
"I will not answer the phone for a week , no matter whose face appears on it .",appear,Becoming_visible,An Entity that is previously not visible to a Perceiver becomes visible. 'The armada appeared on the horizon at sunset.' 'The captain ordered his men to dig at the X and the corner of a chest appeared.',general,18,False,True,Arriving|Circumscribed_existence|Coming_to_be|Give_impression|Performers_and_roles
Carl McCall '' appear on the screen .,appear,Becoming_visible,An Entity that is previously not visible to a Perceiver becomes visible. 'The armada appeared on the horizon at sunset.' 'The captain ordered his men to dig at the X and the corner of a chest appeared.',daily_life,8,False,True,Arriving|Circumscribed_existence|Coming_to_be|Give_impression|Performers_and_roles
A new screen has appeared !,appear,Becoming_visible,An Entity that is previously not visible to a Perceiver becomes visible. 'The armada appeared on the horizon at sunset.' 'The captain ordered his men to dig at the X and the corner of a chest appeared.',general,6,False,True,Arriving|Circumscribed_existence|Coming_to_be|Give_impression|Performers_and_roles
Several technical crew members were less enamoured by the director .,director,Behind_the_scenes,"Artists work at various tasks that further the completion of a film, play, television show, or other similar Production. Artists never appear on stage or in front of a camera. Some (e.g., a director) may interact with the actors (on-screen participants) of the Production. Often times a particular Production is made for distribution by a Distributor, by a particular Studio, or in a specific Medium. The Artists may be categorized into Type or work in specific Medium. 'Steven Spielberg directed several films for Universal Pictures.' 'Universal Pictures and Amblin Entertainment produced Jurassic Park for MCA.' 'Surprisingly, this film producer was willing to work for a cable company.' 'Independent producers often win big at smaller film festivals.'",general,11,False,True,Appellations|Leadership|People_by_vocation
I feel secure with Stewart ; he 's not a problem .,secure,Being_at_risk,"An Asset is in a state where it is exposed to or otherwise liable to be affected by a Harmful_event, which may be metonymically evoked by reference to a Dangerous_entity. Words expressing relative safety (i.e., lack of risk) are also in this frame. 'If you are a farmer, you are at risk for hearing loss caused by noise exposure in your work.' 'No child is secure from the temptation to do what ""my friends"" are doing.' 'Our nation is making a disastrous mistake thinking that we can have security from people: There is only security with people. ' 'You don't have security against impersonation unless you have security against eavesdropping.'",news_politics,12,False,True,Attaching|Getting|Protecting|Taking_captive
Only in the homogeneous white population of the United Provinces of the River Plate did independence seem secure .,secure,Being_at_risk,"An Asset is in a state where it is exposed to or otherwise liable to be affected by a Harmful_event, which may be metonymically evoked by reference to a Dangerous_entity. Words expressing relative safety (i.e., lack of risk) are also in this frame. 'If you are a farmer, you are at risk for hearing loss caused by noise exposure in your work.' 'No child is secure from the temptation to do what ""my friends"" are doing.' 'Our nation is making a disastrous mistake thinking that we can have security from people: There is only security with people. ' 'You don't have security against impersonation unless you have security against eavesdropping.'",general,19,False,True,Attaching|Getting|Protecting|Taking_captive
"So secure is this home that once the female spider has built it , she never leaves it .",secure,Being_at_risk,"An Asset is in a state where it is exposed to or otherwise liable to be affected by a Harmful_event, which may be metonymically evoked by reference to a Dangerous_entity. Words expressing relative safety (i.e., lack of risk) are also in this frame. 'If you are a farmer, you are at risk for hearing loss caused by noise exposure in your work.' 'No child is secure from the temptation to do what ""my friends"" are doing.' 'Our nation is making a disastrous mistake thinking that we can have security from people: There is only security with people. ' 'You don't have security against impersonation unless you have security against eavesdropping.'",daily_life,19,False,True,Attaching|Getting|Protecting|Taking_captive
So he felt secure as he sat looking over the rolling lawns of Bloomwater .,secure,Being_at_risk,"An Asset is in a state where it is exposed to or otherwise liable to be affected by a Harmful_event, which may be metonymically evoked by reference to a Dangerous_entity. Words expressing relative safety (i.e., lack of risk) are also in this frame. 'If you are a farmer, you are at risk for hearing loss caused by noise exposure in your work.' 'No child is secure from the temptation to do what ""my friends"" are doing.' 'Our nation is making a disastrous mistake thinking that we can have security from people: There is only security with people. ' 'You don't have security against impersonation unless you have security against eavesdropping.'",legal,15,False,True,Attaching|Getting|Protecting|Taking_captive
These goldsmiths had secure safes and employed guards to protect their gold stocks .,secure,Being_at_risk,"An Asset is in a state where it is exposed to or otherwise liable to be affected by a Harmful_event, which may be metonymically evoked by reference to a Dangerous_entity. Words expressing relative safety (i.e., lack of risk) are also in this frame. 'If you are a farmer, you are at risk for hearing loss caused by noise exposure in your work.' 'No child is secure from the temptation to do what ""my friends"" are doing.' 'Our nation is making a disastrous mistake thinking that we can have security from people: There is only security with people. ' 'You don't have security against impersonation unless you have security against eavesdropping.'",general,14,False,True,Attaching|Getting|Protecting|Taking_captive
"Agnes waited for George , but when he stayed quiet , she said : ` Harry , Neptune Court and its purlieus will be absolutely crawling with cops .",crawling,Abounding_with,"A Location is filled or covered with the Theme. The Location is realized as the External Argument, and the Theme either as PP complement headed by with, in or of. NB: This frame does not include uses of adjectives like paved when they merely specify the Type of some location, as in ""paved and unpaved roads"". 'The waters of the bay teemed with fish.' 'The waters of the bay were teeming with fish.' 'The road was completely covered in mud.'",news_politics,29,True,False,
"And when they died and the fleas had finished feasting on their blood , which was by then putrid and crawling with the bacilli , the fleas looked round for another host , and if they could not find another rat , or any small hairy creature to their liking , they settled for the next best thing , which was usually human .",crawling,Abounding_with,"A Location is filled or covered with the Theme. The Location is realized as the External Argument, and the Theme either as PP complement headed by with, in or of. NB: This frame does not include uses of adjectives like paved when they merely specify the Type of some location, as in ""paved and unpaved roads"". 'The waters of the bay teemed with fish.' 'The waters of the bay were teeming with fish.' 'The road was completely covered in mud.'",general,64,True,False,
"Similarly , Thatcher provides abundant evidence which shows that while most of the workers made redundant in the industrial sector were men , most of the expansion in the public services was in female employment .",abundant,Abundance,The Quantity of a Collection occurring in a Place has a particular Measure. The Measure of the Collection is referred to only in terms of how the Measure diverges from a norm for Collections of the specified type. Degree may further refine the relation of the Measure to the norm. 'Beauty is abundant in a land flowing with snowmelt.' 'Detritus of life abounds in the atmosphere. ' 'There was a recent discovery that exotic microbes teem in the rocks hundreds of metres beneath the floor of the Pacific Ocean.',business,36,True,False,
"As far as actual examples of volcanic rocks are concerned , it was mentioned that the most abundant are basalts , which form at mid-ocean ridges , and andesites , which are formed at destructive plate margins .",abundant,Abundance,The Quantity of a Collection occurring in a Place has a particular Measure. The Measure of the Collection is referred to only in terms of how the Measure diverges from a norm for Collections of the specified type. Degree may further refine the relation of the Measure to the norm. 'Beauty is abundant in a land flowing with snowmelt.' 'Detritus of life abounds in the atmosphere. ' 'There was a recent discovery that exotic microbes teem in the rocks hundreds of metres beneath the floor of the Pacific Ocean.',general,38,True,False,
"There is abundant evidence from government and private research which shows quite clearly that manual workers , and particularly the unskilled , are more likely to suffer from both short-term and long-term unemployment than the non-manual groups .",abundant,Abundance,The Quantity of a Collection occurring in a Place has a particular Measure. The Measure of the Collection is referred to only in terms of how the Measure diverges from a norm for Collections of the specified type. Degree may further refine the relation of the Measure to the norm. 'Beauty is abundant in a land flowing with snowmelt.' 'Detritus of life abounds in the atmosphere. ' 'There was a recent discovery that exotic microbes teem in the rocks hundreds of metres beneath the floor of the Pacific Ocean.',news_politics,38,True,False,
"In the Mediterranean coral was so abundant and so easily harvested that it never became valuable , at least in the home territory .",abundant,Abundance,The Quantity of a Collection occurring in a Place has a particular Measure. The Measure of the Collection is referred to only in terms of how the Measure diverges from a norm for Collections of the specified type. Degree may further refine the relation of the Measure to the norm. 'Beauty is abundant in a land flowing with snowmelt.' 'Detritus of life abounds in the atmosphere. ' 'There was a recent discovery that exotic microbes teem in the rocks hundreds of metres beneath the floor of the Pacific Ocean.',daily_life,24,True,False,
"They would n't have to pull in their belts , they would n't have to eke it out and ration themselves because there was n't enough , it was an abundant harvest !",abundant,Abundance,The Quantity of a Collection occurring in a Place has a particular Measure. The Measure of the Collection is referred to only in terms of how the Measure diverges from a norm for Collections of the specified type. Degree may further refine the relation of the Measure to the norm. 'Beauty is abundant in a land flowing with snowmelt.' 'Detritus of life abounds in the atmosphere. ' 'There was a recent discovery that exotic microbes teem in the rocks hundreds of metres beneath the floor of the Pacific Ocean.',general,33,True,False,
"Nevertheless , echo sounding shows that fish are abundant over the entire surface to a depth of at least 30 m .",abundant,Abundance,The Quantity of a Collection occurring in a Place has a particular Measure. The Measure of the Collection is referred to only in terms of how the Measure diverges from a norm for Collections of the specified type. Degree may further refine the relation of the Measure to the norm. 'Beauty is abundant in a land flowing with snowmelt.' 'Detritus of life abounds in the atmosphere. ' 'There was a recent discovery that exotic microbes teem in the rocks hundreds of metres beneath the floor of the Pacific Ocean.',general,22,True,False,
"Though several tigers are sometimes found together because , perhaps , prey is particularly abundant in that area , tigers are essentially solitary .",abundant,Abundance,The Quantity of a Collection occurring in a Place has a particular Measure. The Measure of the Collection is referred to only in terms of how the Measure diverges from a norm for Collections of the specified type. Degree may further refine the relation of the Measure to the norm. 'Beauty is abundant in a land flowing with snowmelt.' 'Detritus of life abounds in the atmosphere. ' 'There was a recent discovery that exotic microbes teem in the rocks hundreds of metres beneath the floor of the Pacific Ocean.',general,24,True,False,
"Today , we serve children and families with a multitude of problems : emotional , physical , psychological and sexual abuse .",abuse,Abusing,"In this frame an Abuser repeatedly treats the Victim in a cruel and violent way, including physically harming or forcing the Victim to engage in sexual activity against their will. The Victim usually lacks the power to resist or fight back. A Type of abuse may be indicated. There may also be a Degree. ' Her father verbally abused her mother. '",daily_life,22,True,False,
"Doug had heard that his wife Danielle had been known to appear at the store with a black eye or other signs of physical abuse , and it was well known that he hated Dempster ; he had frequently said so himself in front of witnesses .",abuse,Abusing,"In this frame an Abuser repeatedly treats the Victim in a cruel and violent way, including physically harming or forcing the Victim to engage in sexual activity against their will. The Victim usually lacks the power to resist or fight back. A Type of abuse may be indicated. There may also be a Degree. ' Her father verbally abused her mother. '",general,47,True,False,
"Though the number of cases where a link between HIV/AIDS and child sexual abuse has been made is relatively small , the long-term implications can not be ignored .",abuse,Abusing,"In this frame an Abuser repeatedly treats the Victim in a cruel and violent way, including physically harming or forcing the Victim to engage in sexual activity against their will. The Victim usually lacks the power to resist or fight back. A Type of abuse may be indicated. There may also be a Degree. ' Her father verbally abused her mother. '",legal,29,True,False,
"In the USA some interesting research ( Zuravin and Watson , 1987 ) has been conducted into anonymous reports of child physical abuse , which indicated that reports made by anonymous sources were more likely to be unfounded than reports made by professionals and nonprofessionals .",abuse,Abusing,"In this frame an Abuser repeatedly treats the Victim in a cruel and violent way, including physically harming or forcing the Victim to engage in sexual activity against their will. The Victim usually lacks the power to resist or fight back. A Type of abuse may be indicated. There may also be a Degree. ' Her father verbally abused her mother. '",science_medical,46,True,False,
"No one , either in Orkney or beyond , denies that child abuse exists ; some say that the sexual abuse of children is rife in today 's society .",abuse,Abusing,"In this frame an Abuser repeatedly treats the Victim in a cruel and violent way, including physically harming or forcing the Victim to engage in sexual activity against their will. The Victim usually lacks the power to resist or fight back. A Type of abuse may be indicated. There may also be a Degree. ' Her father verbally abused her mother. '",daily_life,30,True,False,
A FULL public inquiry was promised last night into allegations of sexual and physical abuse of children in council care .,abuse,Abusing,"In this frame an Abuser repeatedly treats the Victim in a cruel and violent way, including physically harming or forcing the Victim to engage in sexual activity against their will. The Victim usually lacks the power to resist or fight back. A Type of abuse may be indicated. There may also be a Degree. ' Her father verbally abused her mother. '",daily_life,21,True,False,
"Reports on the armed conflict in the former Yugoslavia , however , suggest not only that rape and the sexual abuse of women have been carried out on a massive scale , but that it has been systematic and organised .",abuse,Abusing,"In this frame an Abuser repeatedly treats the Victim in a cruel and violent way, including physically harming or forcing the Victim to engage in sexual activity against their will. The Victim usually lacks the power to resist or fight back. A Type of abuse may be indicated. There may also be a Degree. ' Her father verbally abused her mother. '",daily_life,41,True,False,
Abuse of children has been recognised as an important concern because children are seen to represent the future ; to abuse them is to abuse the future welfare of the nation .,abuse,Abusing,"In this frame an Abuser repeatedly treats the Victim in a cruel and violent way, including physically harming or forcing the Victim to engage in sexual activity against their will. The Victim usually lacks the power to resist or fight back. A Type of abuse may be indicated. There may also be a Degree. ' Her father verbally abused her mother. '",daily_life,32,True,False,
"The king tried to rally the city to his defence , but failed utterly and withdrew westwards with the Despensers and a few remaining friends .",with,Accompaniment,A Co_participant fills the same role as the Participant in an event or relation. '' 'The mayor was killed along with three bodyguards and his driver.' 'The doctor told me to take my regular pill in combination with the new drug and I will be cured of my symptoms.',news_politics,26,True,False,Have_associated
"He finally withdrew with Rupert and , like him , was at length formally reconciled to the king , being pardoned on 3 April 1646 and created baronet on 11 June .",with,Accompaniment,A Co_participant fills the same role as the Participant in an event or relation. '' 'The mayor was killed along with three bodyguards and his driver.' 'The doctor told me to take my regular pill in combination with the new drug and I will be cured of my symptoms.',general,32,True,False,Have_associated
"With his family and friends Doak has pioneered work and communication with dolphins in the wild , interacting with them on their terms , and in their environment .",with,Accompaniment,A Co_participant fills the same role as the Participant in an event or relation. '' 'The mayor was killed along with three bodyguards and his driver.' 'The doctor told me to take my regular pill in combination with the new drug and I will be cured of my symptoms.',daily_life,29,True,False,Have_associated
"While I was standing on the lawn with Mame , waiting for another tremor , I noticed that all the earthworms were emerging from the ground and slithering across the lawn !",with,Accompaniment,A Co_participant fills the same role as the Participant in an event or relation. '' 'The mayor was killed along with three bodyguards and his driver.' 'The doctor told me to take my regular pill in combination with the new drug and I will be cured of my symptoms.',legal,32,True,False,Have_associated
"In the early 1980 s , Libya accelerated its efforts to obtain a longer-range ballistic missile with the al-Fatah , reportedly with a range of 950 km .",with,Accompaniment,A Co_participant fills the same role as the Participant in an event or relation. '' 'The mayor was killed along with three bodyguards and his driver.' 'The doctor told me to take my regular pill in combination with the new drug and I will be cured of my symptoms.',general,28,True,False,Have_associated
"When Jesus was born in about 4 b.c. , Joseph and Mary escaped Herod 's paranoia by fleeing into Egypt with the new - born infant .",with,Accompaniment,A Co_participant fills the same role as the Participant in an event or relation. '' 'The mayor was killed along with three bodyguards and his driver.' 'The doctor told me to take my regular pill in combination with the new drug and I will be cured of my symptoms.',general,27,True,False,Have_associated
"So this is the reality we 're living in al-Anbar in general , and Ramadi in particular , that is the head Sheiks of some tribes , and symbols of the Islamic Party , sat with the Americans in Jordan , and other places , to fight terrorism and its people .",with,Accompaniment,A Co_participant fills the same role as the Participant in an event or relation. '' 'The mayor was killed along with three bodyguards and his driver.' 'The doctor told me to take my regular pill in combination with the new drug and I will be cured of my symptoms.',general,52,True,False,Have_associated
"With the help of friends like you , Goodwill has continued to adapt our services to meet the human needs of our changing society .",with,Accompaniment,A Co_participant fills the same role as the Participant in an event or relation. '' 'The mayor was killed along with three bodyguards and his driver.' 'The doctor told me to take my regular pill in combination with the new drug and I will be cured of my symptoms.',daily_life,25,True,False,Have_associated
"They accomplish this task by listening to papers delivered on them and by attending ` pray-ins "" in which they pray to the Implied Reader .",accomplish,Accomplishment,"After a period in which the Agent has been working on a Goal, the Agent manages to attain it. The Goal may be a desired state, or be conceptualized as an event. '' 'Jeremey obediently accomplished this task.' 'In response, the Prime Minister has simply cited his free-market accomplishments. '",general,26,True,False,
In any transient situation there are always institutions and individuals that are able to anticipate the need for change and are sufficiently flexible to be able to accomplish the transition early and in an orderly fashion .,accomplish,Accomplishment,"After a period in which the Agent has been working on a Goal, the Agent manages to attain it. The Goal may be a desired state, or be conceptualized as an event. '' 'Jeremey obediently accomplished this task.' 'In response, the Prime Minister has simply cited his free-market accomplishments. '",general,37,True,False,
Indeed very few presidents in the last half century have accomplished much in the way of substantial policy change .,accomplish,Accomplishment,"After a period in which the Agent has been working on a Goal, the Agent manages to attain it. The Goal may be a desired state, or be conceptualized as an event. '' 'Jeremey obediently accomplished this task.' 'In response, the Prime Minister has simply cited his free-market accomplishments. '",news_politics,20,True,False,
"Recent and current work demonstrates incontrovertibly that if a child is adept at segmenting heard speech into sub-word constituents before tackling the task of learning to read , this task will be accomplished much more easily .",accomplish,Accomplishment,"After a period in which the Agent has been working on a Goal, the Agent manages to attain it. The Goal may be a desired state, or be conceptualized as an event. '' 'Jeremey obediently accomplished this task.' 'In response, the Prime Minister has simply cited his free-market accomplishments. '",general,37,True,False,
"He accomplished much while director of the Metropolitan Museum of Art , but today is apparently content to sit out the art world harbouring bitter memories of what might have been .",accomplish,Accomplishment,"After a period in which the Agent has been working on a Goal, the Agent manages to attain it. The Goal may be a desired state, or be conceptualized as an event. '' 'Jeremey obediently accomplished this task.' 'In response, the Prime Minister has simply cited his free-market accomplishments. '",general,32,True,False,
"Good-nights were exchanged and he left the shop with a feeling of satisfaction , as if a rather difficult task had been successfully accomplished .",accomplish,Accomplishment,"After a period in which the Agent has been working on a Goal, the Agent manages to attain it. The Goal may be a desired state, or be conceptualized as an event. '' 'Jeremey obediently accomplished this task.' 'In response, the Prime Minister has simply cited his free-market accomplishments. '",general,25,True,False,
With some hindsight we began to realise that the design and control of large systems can not be successfully accomplished without exceedingly large quantities of information .,accomplish,Accomplishment,"After a period in which the Agent has been working on a Goal, the Agent manages to attain it. The Goal may be a desired state, or be conceptualized as an event. '' 'Jeremey obediently accomplished this task.' 'In response, the Prime Minister has simply cited his free-market accomplishments. '",general,27,True,False,
"Wan and red-eyed , and nearly always male , they wore rebel chic regalia and communicated in either a hyperactive babble or a laboured monotone .",regalia,Accoutrements,"A Wearer wears accessories, which are made of some Material and may have a Style. Most of the accessories are non-essential (clothing) items. 'She wore a black velvet hat on her head.'",general,26,True,False,Clothing
"Tammuz managed to catch Roirbak just as he was making the finishing touches to his evening regalia : black , matt silk suit with thread-wide yellow pinstripe , understated gold adornments , I-Ching earrings .",regalia,Accoutrements,"A Wearer wears accessories, which are made of some Material and may have a Style. Most of the accessories are non-essential (clothing) items. 'She wore a black velvet hat on her head.'",general,35,True,False,Clothing
"The faces grinning from the tatty punk regalia looked so depraved and hollow-eyed that I could not bear to think of my American blues friends calling them ` sir "" .",regalia,Accoutrements,"A Wearer wears accessories, which are made of some Material and may have a Style. Most of the accessories are non-essential (clothing) items. 'She wore a black velvet hat on her head.'",daily_life,31,True,False,Clothing
"Some of them were dressed in Ottoman regalia or Arab dress or even French cavalry uniform , serious-looking young men who -- in the later pictures -- were carrying Lee-Enfield service rifles .",regalia,Accoutrements,"A Wearer wears accessories, which are made of some Material and may have a Style. Most of the accessories are non-essential (clothing) items. 'She wore a black velvet hat on her head.'",daily_life,33,True,False,Clothing
The wealth of diamonds incorporated in her regalia reflected the fact that Catherine presided over a realm that for a short period was the world 's leading producer .,regalia,Accoutrements,"A Wearer wears accessories, which are made of some Material and may have a Style. Most of the accessories are non-essential (clothing) items. 'She wore a black velvet hat on her head.'",general,29,True,False,Clothing
"Aunt Tossie , Mrs Florence Fox-Collier , was Maman 's ( Lady Forester 's ) elder and widowed sister -- widowed for two years but still wearing full mourning regalia .",regalia,Accoutrements,"A Wearer wears accessories, which are made of some Material and may have a Style. Most of the accessories are non-essential (clothing) items. 'She wore a black velvet hat on her head.'",general,31,True,False,Clothing
"The New Musical Express , stumbling after the new wave , advertised bells and full hippy regalia , from the people who had brought Beatle jackets to the young .",regalia,Accoutrements,"A Wearer wears accessories, which are made of some Material and may have a Style. Most of the accessories are non-essential (clothing) items. 'She wore a black velvet hat on her head.'",general,30,True,False,Clothing
This helps stress the need to get the whole approach right if the landings are to be reasonably accurate .,accurate,Accuracy,"An Agent is involved in an activity whose degree of success is dependent on a parameter of the action matching a particular set of values of a continuous variable or variables (e.g. quantity, location, time). The Agent, or metonymically the Instrument or Means action, is described in terms of the actual or expected Deviation between the location, time, or quantity in the activity and the location, time, or quantity which is necessary for the intended event. 'The Longview Rangefinder is accurate to within one foot per hundred yards .' 'His estimate was off by an order of magnitude .' 'The fork truck operator must be fairly accurate in his aim.' 'The precision of the daily measurements is dependent on a number of factors.'",general,20,True,False,Correctness
"The neolithic builders were highly accurate , curving the stone lintels to follow the circumference of a circle and aligning the stones with the exact positions of the midwinter and midsummer sun .",accurate,Accuracy,"An Agent is involved in an activity whose degree of success is dependent on a parameter of the action matching a particular set of values of a continuous variable or variables (e.g. quantity, location, time). The Agent, or metonymically the Instrument or Means action, is described in terms of the actual or expected Deviation between the location, time, or quantity in the activity and the location, time, or quantity which is necessary for the intended event. 'The Longview Rangefinder is accurate to within one foot per hundred yards .' 'His estimate was off by an order of magnitude .' 'The fork truck operator must be fairly accurate in his aim.' 'The precision of the daily measurements is dependent on a number of factors.'",general,33,True,False,Correctness
"For further and more accurate identification of meiotic bivalents , or in the interpretation of abnormal configurations , C-banding will be found helpful .",accurate,Accuracy,"An Agent is involved in an activity whose degree of success is dependent on a parameter of the action matching a particular set of values of a continuous variable or variables (e.g. quantity, location, time). The Agent, or metonymically the Instrument or Means action, is described in terms of the actual or expected Deviation between the location, time, or quantity in the activity and the location, time, or quantity which is necessary for the intended event. 'The Longview Rangefinder is accurate to within one foot per hundred yards .' 'His estimate was off by an order of magnitude .' 'The fork truck operator must be fairly accurate in his aim.' 'The precision of the daily measurements is dependent on a number of factors.'",general,24,True,False,Correctness
"Speedy , and with neat control , his shooting was accurate and his use of dead-ball situations intelligent and effective .",accurate,Accuracy,"An Agent is involved in an activity whose degree of success is dependent on a parameter of the action matching a particular set of values of a continuous variable or variables (e.g. quantity, location, time). The Agent, or metonymically the Instrument or Means action, is described in terms of the actual or expected Deviation between the location, time, or quantity in the activity and the location, time, or quantity which is necessary for the intended event. 'The Longview Rangefinder is accurate to within one foot per hundred yards .' 'His estimate was off by an order of magnitude .' 'The fork truck operator must be fairly accurate in his aim.' 'The precision of the daily measurements is dependent on a number of factors.'",general,21,True,False,Correctness
It is crucially dependent upon accurate forecasting and the ability of the MAC to deliver the right student numbers in the right field combinations .,accurate,Accuracy,"An Agent is involved in an activity whose degree of success is dependent on a parameter of the action matching a particular set of values of a continuous variable or variables (e.g. quantity, location, time). The Agent, or metonymically the Instrument or Means action, is described in terms of the actual or expected Deviation between the location, time, or quantity in the activity and the location, time, or quantity which is necessary for the intended event. 'The Longview Rangefinder is accurate to within one foot per hundred yards .' 'His estimate was off by an order of magnitude .' 'The fork truck operator must be fairly accurate in his aim.' 'The precision of the daily measurements is dependent on a number of factors.'",general,25,True,False,Correctness
However random access is fast and accurate and VHD is the main rival on the British market to the Active Play laser disc for education and training uses .,accurate,Accuracy,"An Agent is involved in an activity whose degree of success is dependent on a parameter of the action matching a particular set of values of a continuous variable or variables (e.g. quantity, location, time). The Agent, or metonymically the Instrument or Means action, is described in terms of the actual or expected Deviation between the location, time, or quantity in the activity and the location, time, or quantity which is necessary for the intended event. 'The Longview Rangefinder is accurate to within one foot per hundred yards .' 'His estimate was off by an order of magnitude .' 'The fork truck operator must be fairly accurate in his aim.' 'The precision of the daily measurements is dependent on a number of factors.'",business,29,True,False,Correctness
Farmers would have to be 100 per cent accurate in the identification system to avoid losing out on premium payments .,accurate,Accuracy,"An Agent is involved in an activity whose degree of success is dependent on a parameter of the action matching a particular set of values of a continuous variable or variables (e.g. quantity, location, time). The Agent, or metonymically the Instrument or Means action, is described in terms of the actual or expected Deviation between the location, time, or quantity in the activity and the location, time, or quantity which is necessary for the intended event. 'The Longview Rangefinder is accurate to within one foot per hundred yards .' 'His estimate was off by an order of magnitude .' 'The fork truck operator must be fairly accurate in his aim.' 'The precision of the daily measurements is dependent on a number of factors.'",general,21,True,False,Correctness
"In part three next month , we suggest ways of originating your own artwork so that you can design your very own printed circuit boards .",originate,Achieving_first,A Cognizer introduces a New_idea into society. 'It is difficult to imagine how different our lives would be without Edison's invention of the light bulb.',general,26,True,False,Origin
"Monsieur Nýgre himself , who has originated the idea of sweetmeats of crystallised flowers -- you have seen his shop in this very street -- has supplied the violets . """,originate,Achieving_first,A Cognizer introduces a New_idea into society. 'It is difficult to imagine how different our lives would be without Edison's invention of the light bulb.',general,31,True,False,Origin
"In addition it was felt that if regional studios were established as well as transmitters , these would be able to originate their own material for local transmission , which would help redress any cultural imbalance in programming .",originate,Achieving_first,A Cognizer introduces a New_idea into society. 'It is difficult to imagine how different our lives would be without Edison's invention of the light bulb.',general,39,True,False,Origin
"He then made a major contribution to the development of the internal combustion engine , originating the use of aluminium for pistons .",originate,Achieving_first,A Cognizer introduces a New_idea into society. 'It is difficult to imagine how different our lives would be without Edison's invention of the light bulb.',general,23,True,False,Origin
"We believe , as did the Ancient Greeks who originated the word ‘ aristocracy ’ , that every man with the right attitude and talents , regardless of birth or riches , has a capacity of reaching … that status in its true sense . ’",originate,Achieving_first,A Cognizer introduces a New_idea into society. 'It is difficult to imagine how different our lives would be without Edison's invention of the light bulb.',general,46,True,False,Origin
"And by the same token , there is no such thing as an author , that is to say , one who originates a work of fiction ab nihilo .",originate,Achieving_first,A Cognizer introduces a New_idea into society. 'It is difficult to imagine how different our lives would be without Edison's invention of the light bulb.',general,30,True,False,Origin
"William Morris , drawn into politics by the Bulgarian Atrocities agitation , had originated the trend for middle-class intellectuals disillusioned with liberal foreign policy to place their faith in the workers .",originate,Achieving_first,A Cognizer introduces a New_idea into society. 'It is difficult to imagine how different our lives would be without Edison's invention of the light bulb.',news_politics,32,True,False,Origin
"Waddell , a Professor of Tibetan at the University of London , believed that the Aryans were the bearers of culture and had originated all the main civilizations in history .",originate,Achieving_first,A Cognizer introduces a New_idea into society. 'It is difficult to imagine how different our lives would be without Edison's invention of the light bulb.',general,31,True,False,Origin
"Each day , when Tod and I are done with the Gazette , we take it back to the store .",done,Activity_done_state,An Agent has completed an Activity. '' 'Finally I am done cleaning the apartment.' 'Construction on the new Safeway was done by October.',general,21,True,False,Process_completed_state
Lets wait and try to offset the amount we owe them with what they owe us - so I say wait until you get July and August done .,done,Activity_done_state,An Agent has completed an Activity. '' 'Finally I am done cleaning the apartment.' 'Construction on the new Safeway was done by October.',general,29,True,False,Process_completed_state
"Sometimes called Scotland 's Disgrace , because it was never finished for lack of funds , this fragment of a memorial to the fallen in the Napoleonic War was intended to be a facsimile of the parthenon .",finish,Activity_finish,"An Agent finishes an Activity, which can no longer logically continue. This frame is a subframe of Activity. '' 'Jason completed grading the papers late Sunday night.' 'Upon completion of the final exam, Ava tossed out her notes. '",news_politics,38,True,False,
"Malone finished strongly and were rewarded with a try by Stuart Hooks in the final minute which was converted by Bush , whose place kicking was impeccable .",finish,Activity_finish,"An Agent finishes an Activity, which can no longer logically continue. This frame is a subframe of Activity. '' 'Jason completed grading the papers late Sunday night.' 'Upon completion of the final exam, Ava tossed out her notes. '",news_politics,28,True,False,
"However , Price finished strongly and snatched one five minutes from the end and came very close to forcing a replay .",finish,Activity_finish,"An Agent finishes an Activity, which can no longer logically continue. This frame is a subframe of Activity. '' 'Jason completed grading the papers late Sunday night.' 'Upon completion of the final exam, Ava tossed out her notes. '",general,22,True,False,
"Although Pendero had finished strongly at Ascot , that was because it had been a truly run race and the leaders had finished tired .",finish,Activity_finish,"An Agent finishes an Activity, which can no longer logically continue. This frame is a subframe of Activity. '' 'Jason completed grading the papers late Sunday night.' 'Upon completion of the final exam, Ava tossed out her notes. '",sports,25,True,False,
"Under instructions from the Audit Commission , which oversees local-government finances , all councils suspended payments to the banks in November 1989 .",suspend,Activity_pause,An Agent pauses in the course of an Activity. '' 'The government froze settlement construction in 1992 to facilitate peace talks.' 'The lifting of the nuclear freeze was deemed necessary to generate needed electricity.',news_politics,23,True,False,
"The CSCE on July 8 suspended the membership of the rump Yugoslavia , consisting of Serbia and Montenegro , until Oct. 14 .",suspend,Activity_pause,An Agent pauses in the course of an Activity. '' 'The government froze settlement construction in 1992 to facilitate peace talks.' 'The lifting of the nuclear freeze was deemed necessary to generate needed electricity.',general,23,True,False,
THE United Nations suspended humanitarian aid operations in Bosnia-Herzegovina yesterday because of obstruction and interference by all three civil war factions .,suspend,Activity_pause,An Agent pauses in the course of an Activity. '' 'The government froze settlement construction in 1992 to facilitate peace talks.' 'The lifting of the nuclear freeze was deemed necessary to generate needed electricity.',news_politics,22,True,False,
"The majority of the hunger strikers suspended their action on Oct. 12 after Moshe Shahal , the Israeli Minister of Police and Communications , announced the establishment of a special investigative committee to look into their demands .",suspend,Activity_pause,An Agent pauses in the course of an Activity. '' 'The government froze settlement construction in 1992 to facilitate peace talks.' 'The lifting of the nuclear freeze was deemed necessary to generate needed electricity.',news_politics,38,True,False,
The blackout extended to news of the war and the German advance on Paris ; newspapers suspended publication temporarily and crowds gathered round the official bulletins pasted on the walls as rumour raced round the city .,suspend,Activity_pause,An Agent pauses in the course of an Activity. '' 'The government froze settlement construction in 1992 to facilitate peace talks.' 'The lifting of the nuclear freeze was deemed necessary to generate needed electricity.',news_politics,37,True,False,
"BOSNIA 'S Muslim president yesterday suspended temporarily his participation in international peace talks in New York , saying he could not be involved as long as Serbs continued their offensive in eastern Bosnia and Sarajevo .",suspend,Activity_pause,An Agent pauses in the course of an Activity. '' 'The government froze settlement construction in 1992 to facilitate peace talks.' 'The lifting of the nuclear freeze was deemed necessary to generate needed electricity.',news_politics,36,True,False,
"To prepare adequately for a marathon , I think you should allow 26 weeks if you are inexperienced and at least 12 weeks if you have run several .",prepare,Activity_prepare,An Agent prepares for an Activity. '' 'The troops were preparing themselves for the mission.' 'The boats are getting ready to leave the pier.',general,29,True,False,Cooking_creation
You do not feel inhibited because you have n't prepared adequately or fear that other people might catch you out or ridicule you .,prepare,Activity_prepare,An Agent prepares for an Activity. '' 'The troops were preparing themselves for the mission.' 'The boats are getting ready to leave the pier.',general,24,True,False,Cooking_creation
"The allegations broke on Tuesday as Jackson was preparing for the first of two concerts in Bangkok , the first stop in the Asian swing of his Dangerous world tour .",prepare,Activity_prepare,An Agent prepares for an Activity. '' 'The troops were preparing themselves for the mission.' 'The boats are getting ready to leave the pier.',general,31,True,False,Cooking_creation
"North Korea has not conducted a nuclear test , but in early May 2005 , press reports indicated that U.S. satellite imagery had detected signs that North Korea could be preparing for a nuclear test to be conducted in June .",prepare,Activity_prepare,An Agent prepares for an Activity. '' 'The troops were preparing themselves for the mission.' 'The boats are getting ready to leave the pier.',general,41,True,False,Cooking_creation
"Many analysts now believe the talks are dead , and in early May 2005 there were reports that Washington and Tokyo were preparing to refer the issue to the UN Security Council .",prepare,Activity_prepare,An Agent prepares for an Activity. '' 'The troops were preparing themselves for the mission.' 'The boats are getting ready to leave the pier.',news_politics,33,True,False,Cooking_creation
"`` Rhode Island is preparing itself for a major hurricane or other natural disaster , state and local officials testified at a field hearing of the Senate Homeland Security Committee Thursday , including establishing interoperable communications systems and community evacuation plans .",prepare,Activity_prepare,An Agent prepares for an Activity. '' 'The troops were preparing themselves for the mission.' 'The boats are getting ready to leave the pier.',daily_life,42,True,False,Cooking_creation
Paula_Zahn : Today President Bush unveiled a seven point one billion dollar plan to prepare for a possible flu pandemic .,prepare,Activity_prepare,An Agent prepares for an Activity. '' 'The troops were preparing themselves for the mission.' 'The boats are getting ready to leave the pier.',news_politics,21,True,False,Cooking_creation
"Carrying out Jihad is the main reason the members of AL-QAEDA have gathered , together with performing the different duties of Islam as much as possible , shouldering together the duty of Jihad and preparing the efficient duties during conflicts .",prepare,Activity_prepare,An Agent prepares for an Activity. '' 'The troops were preparing themselves for the mission.' 'The boats are getting ready to leave the pier.',daily_life,41,True,False,Cooking_creation
"He was worried about what the cell was planning , thought they were going too far and he was almost ready to come over . ''",ready,Activity_ready_state,"The Protagonist is in an initial state, before beginning to be involved in the Activity, but all pre-conditions for performance of the Activity have been satisfied. In many cases, the Protagonist is an intentional agent, but there are other uses in which the agent is deprofiled, and the Protagonist is an entity which is essential to the Activity. Alternatively, the Activity may be indicated by a Salient_entity which stands in for the Activity. This Salient_entity may also be an intentional agent, but need not be. 'She 's not ready ! DNI.' 'He 's ready to talk , I think .' 'Is the UK government ready to do a u-turn on passport-ID cards ?' 'Check and see if Sal is ready for the bathtub .' 'The world is finally prepared for him !'",general,26,True,False,Activity_prepare
"He was mean of temper , ever ready for fisti-cuffs with all and sundry ; was fond of gambling on horses , dogs and cards ; would spend a lot of money drinking with his mates ; but would begrudge paying his small contribution to the upkeep of our home .",ready,Activity_ready_state,"The Protagonist is in an initial state, before beginning to be involved in the Activity, but all pre-conditions for performance of the Activity have been satisfied. In many cases, the Protagonist is an intentional agent, but there are other uses in which the agent is deprofiled, and the Protagonist is an entity which is essential to the Activity. Alternatively, the Activity may be indicated by a Salient_entity which stands in for the Activity. This Salient_entity may also be an intentional agent, but need not be. 'She 's not ready ! DNI.' 'He 's ready to talk , I think .' 'Is the UK government ready to do a u-turn on passport-ID cards ?' 'Check and see if Sal is ready for the bathtub .' 'The world is finally prepared for him !'",daily_life,51,True,False,Activity_prepare
"We are always ready to assist and advise in the development of video film for your products and company , where none is available .",ready,Activity_ready_state,"The Protagonist is in an initial state, before beginning to be involved in the Activity, but all pre-conditions for performance of the Activity have been satisfied. In many cases, the Protagonist is an intentional agent, but there are other uses in which the agent is deprofiled, and the Protagonist is an entity which is essential to the Activity. Alternatively, the Activity may be indicated by a Salient_entity which stands in for the Activity. This Salient_entity may also be an intentional agent, but need not be. 'She 's not ready ! DNI.' 'He 's ready to talk , I think .' 'Is the UK government ready to do a u-turn on passport-ID cards ?' 'Check and see if Sal is ready for the bathtub .' 'The world is finally prepared for him !'",business,25,True,False,Activity_prepare
"The knight must be ready to fight hard when his prince required it of him ; he must never desert ; nor must he refuse to fight for the common good ; and , above all , he must fight fearlessly .",ready,Activity_ready_state,"The Protagonist is in an initial state, before beginning to be involved in the Activity, but all pre-conditions for performance of the Activity have been satisfied. In many cases, the Protagonist is an intentional agent, but there are other uses in which the agent is deprofiled, and the Protagonist is an entity which is essential to the Activity. Alternatively, the Activity may be indicated by a Salient_entity which stands in for the Activity. This Salient_entity may also be an intentional agent, but need not be. 'She 's not ready ! DNI.' 'He 's ready to talk , I think .' 'Is the UK government ready to do a u-turn on passport-ID cards ?' 'Check and see if Sal is ready for the bathtub .' 'The world is finally prepared for him !'",general,42,True,False,Activity_prepare
I suggest you keep an eye on breeding pairs and be ready to move the female out if things get rough .,ready,Activity_ready_state,"The Protagonist is in an initial state, before beginning to be involved in the Activity, but all pre-conditions for performance of the Activity have been satisfied. In many cases, the Protagonist is an intentional agent, but there are other uses in which the agent is deprofiled, and the Protagonist is an entity which is essential to the Activity. Alternatively, the Activity may be indicated by a Salient_entity which stands in for the Activity. This Salient_entity may also be an intentional agent, but need not be. 'She 's not ready ! DNI.' 'He 's ready to talk , I think .' 'Is the UK government ready to do a u-turn on passport-ID cards ?' 'Check and see if Sal is ready for the bathtub .' 'The world is finally prepared for him !'",general,22,True,False,Activity_prepare
Their pay levels are threatened as they become unable to control the supply of labour into their profession : there is always a ` reserve army '' of suitably qualified workers ready to step into their jobs .,ready,Activity_ready_state,"The Protagonist is in an initial state, before beginning to be involved in the Activity, but all pre-conditions for performance of the Activity have been satisfied. In many cases, the Protagonist is an intentional agent, but there are other uses in which the agent is deprofiled, and the Protagonist is an entity which is essential to the Activity. Alternatively, the Activity may be indicated by a Salient_entity which stands in for the Activity. This Salient_entity may also be an intentional agent, but need not be. 'She 's not ready ! DNI.' 'He 's ready to talk , I think .' 'Is the UK government ready to do a u-turn on passport-ID cards ?' 'Check and see if Sal is ready for the bathtub .' 'The world is finally prepared for him !'",general,38,True,False,Activity_prepare
"All sides of the distributive coal trade in Britain renew their plea made on behalf of their customers , to the Chancellor before the budget , not to create hardship by taxing warmth .",renew,Activity_resume,An Agent resumes participation in an Activity. Progress on the Activity is retained from before the interruption. 'Normal Service Will Be Resumed Shortly. CNI' The Kinshasa government has resumed supporting Rwandan rebels.,news_politics,34,True,False,Rejuvenation
At the same time West German leaders renewed their pressure on the East German regime to follow Mikhail Gorbachev 's advice and bring in glasnost and perestroika .,renew,Activity_resume,An Agent resumes participation in an Activity. Progress on the Activity is retained from before the interruption. 'Normal Service Will Be Resumed Shortly. CNI' The Kinshasa government has resumed supporting Rwandan rebels.,general,28,True,False,Rejuvenation
At the end of November guerrillas renewed their attacks on the wealthy suburbs of Escalón and San Benito and fighting also took place on the flanks of the San Salvador and Guazapa volcanos outside the capital .,renew,Activity_resume,An Agent resumes participation in an Activity. Progress on the Activity is retained from before the interruption. 'Normal Service Will Be Resumed Shortly. CNI' The Kinshasa government has resumed supporting Rwandan rebels.,general,37,True,False,Rejuvenation
The RSNC is using the report to renew demands on Environment Secretary Michael Heseltine for urgent action to curb the over-exploitation of rivers .,renew,Activity_resume,An Agent resumes participation in an Activity. Progress on the Activity is retained from before the interruption. 'Normal Service Will Be Resumed Shortly. CNI' The Kinshasa government has resumed supporting Rwandan rebels.,general,24,True,False,Rejuvenation
In May 1990 the government renewed protests to Romania about pollution in Ruse by chlorine gas from the neighbouring Romanian town of Giurgiu .,renew,Activity_resume,An Agent resumes participation in an Activity. Progress on the Activity is retained from before the interruption. 'Normal Service Will Be Resumed Shortly. CNI' The Kinshasa government has resumed supporting Rwandan rebels.,news_politics,24,True,False,Rejuvenation
"On these occasions Alison gave Franca some embarrassed or ` significant "" looks , but did not renew attempts to have a talk about the ` situation "" .",renew,Activity_resume,An Agent resumes participation in an Activity. Progress on the Activity is retained from before the interruption. 'Normal Service Will Be Resumed Shortly. CNI' The Kinshasa government has resumed supporting Rwandan rebels.,general,29,True,False,Rejuvenation
"It would not be surprising if Malcolm renewed his efforts c.1016--18 , considering the likely state of England at the time , and Cnut could well have acted against him once free to do so .",renew,Activity_resume,An Agent resumes participation in an Activity. Progress on the Activity is retained from before the interruption. 'Normal Service Will Be Resumed Shortly. CNI' The Kinshasa government has resumed supporting Rwandan rebels.,general,36,True,False,Rejuvenation
"In pursuit of this , he renewed his efforts to get new players , and was rewarded with two promising youngsters , outside-right Bainbridge , from Seaton Delaval , and inside-right Price , from Worksop .",renew,Activity_resume,An Agent resumes participation in an Activity. Progress on the Activity is retained from before the interruption. 'Normal Service Will Be Resumed Shortly. CNI' The Kinshasa government has resumed supporting Rwandan rebels.,news_politics,36,True,False,Rejuvenation
"Finally , Meshkinpour 's figures were calculated on the basis of hospital charges for manometry , whereas our figure was derived from actual costs .",actual,Actually_occurring_entity,"Against the background of a contextually salient non-real world, for instance a hypothetical, imagined, simulated, expected, projected, or dream world, an Instance of a Type encountered in a relation or event in the real world is presented as being different from the instance found in the non-real world. Of course, the real-world Instance of the expected Type may also be presented as not occurring, as in the last example below. 'Actual results may vary.' 'ACTUAL results may vary.' 'Also present is the actual policeman, now 20 years older and helping to cast and prepare the young actor who'll be portraying him onscreen.' 'Also present is the ACTUAL policeman, now 20 years older and helping to cast and prepare the young actor who'll be portraying him onscreen.' 'Of course, an actual car with all these capabilities simply did not exist.' 'Of course, an ACTUAL car with all these capabilities simply did not exist.'",general,25,True,False,Artificiality
"Unemployment still is officially recorded at 16.5 % , the highest rate in Europe , although actual joblessness may be lower .",actual,Actually_occurring_entity,"Against the background of a contextually salient non-real world, for instance a hypothetical, imagined, simulated, expected, projected, or dream world, an Instance of a Type encountered in a relation or event in the real world is presented as being different from the instance found in the non-real world. Of course, the real-world Instance of the expected Type may also be presented as not occurring, as in the last example below. 'Actual results may vary.' 'ACTUAL results may vary.' 'Also present is the actual policeman, now 20 years older and helping to cast and prepare the young actor who'll be portraying him onscreen.' 'Also present is the ACTUAL policeman, now 20 years older and helping to cast and prepare the young actor who'll be portraying him onscreen.' 'Of course, an actual car with all these capabilities simply did not exist.' 'Of course, an ACTUAL car with all these capabilities simply did not exist.'",business,22,True,False,Artificiality
"Recent business projections for Las Vegas predict challenges ; tourism revenues must increase substantially to sustain what is already built , while actual figures show visitation as steady or declining .",actual,Actually_occurring_entity,"Against the background of a contextually salient non-real world, for instance a hypothetical, imagined, simulated, expected, projected, or dream world, an Instance of a Type encountered in a relation or event in the real world is presented as being different from the instance found in the non-real world. Of course, the real-world Instance of the expected Type may also be presented as not occurring, as in the last example below. 'Actual results may vary.' 'ACTUAL results may vary.' 'Also present is the actual policeman, now 20 years older and helping to cast and prepare the young actor who'll be portraying him onscreen.' 'Also present is the ACTUAL policeman, now 20 years older and helping to cast and prepare the young actor who'll be portraying him onscreen.' 'Of course, an actual car with all these capabilities simply did not exist.' 'Of course, an ACTUAL car with all these capabilities simply did not exist.'",general,31,True,False,Artificiality
"All along Zen had been haunted by the idea that he might make some blunder which would hang over him for the rest of his life , yet here he was behaving like a dope addict .",addict,Addiction,"This frame concerns an Addict's physiological or psychological compulsive dependence on an Addictant, the substance or behavior to which the Addict is addicted. '' 'Although she was never a big fan of drugs, she became hooked on that designer drug instantly.' 'He is a cocaine addict.' 'There are some cocaine addicts living in the house across the street.'",general,37,True,False,
The mother -- who believes she passed on her 50-a-day habit to the girl while she was pregnant -- revealed that Cherie had been diagnosed a nicotine addict by a doctor .,addict,Addiction,"This frame concerns an Addict's physiological or psychological compulsive dependence on an Addictant, the substance or behavior to which the Addict is addicted. '' 'Although she was never a big fan of drugs, she became hooked on that designer drug instantly.' 'He is a cocaine addict.' 'There are some cocaine addicts living in the house across the street.'",general,32,True,False,
He was a Valium addict who would try anything to obtain a supply of the drug -- including pretending to overdose himself so he would be referred to psychiatry .,addict,Addiction,"This frame concerns an Addict's physiological or psychological compulsive dependence on an Addictant, the substance or behavior to which the Addict is addicted. '' 'Although she was never a big fan of drugs, she became hooked on that designer drug instantly.' 'He is a cocaine addict.' 'There are some cocaine addicts living in the house across the street.'",science_medical,30,True,False,
"Indeed , the average age of new narcotic addicts notified to the Home Office in 1984 was about 26 years .",addict,Addiction,"This frame concerns an Addict's physiological or psychological compulsive dependence on an Addictant, the substance or behavior to which the Addict is addicted. '' 'Although she was never a big fan of drugs, she became hooked on that designer drug instantly.' 'He is a cocaine addict.' 'There are some cocaine addicts living in the house across the street.'",daily_life,21,True,False,
"Mary Clemmey has sold American rights excluding Canada in Ray Shell ` s Diary of a Crack Addict ( published here by HarperCollins ) to Random House US , and German rights to Droemer for DM100,000 .",addict,Addiction,"This frame concerns an Addict's physiological or psychological compulsive dependence on an Addictant, the substance or behavior to which the Addict is addicted. '' 'Although she was never a big fan of drugs, she became hooked on that designer drug instantly.' 'He is a cocaine addict.' 'There are some cocaine addicts living in the house across the street.'",general,37,True,False,
"I 'm a cocaine addict and I need something , 'cause I 've not had none for so many hours now .",addict,Addiction,"This frame concerns an Addict's physiological or psychological compulsive dependence on an Addictant, the substance or behavior to which the Addict is addicted. '' 'Although she was never a big fan of drugs, she became hooked on that designer drug instantly.' 'He is a cocaine addict.' 'There are some cocaine addicts living in the house across the street.'",general,22,True,False,
"In its evidence in chief , the prosecution need do no more than adduce evidence of one of the circumstances required by the offence of criminal sexual conduct .",adduce,Adducing,"A Speaker mentions a Specified_entity filling a Role, thereby providing information which supports a point of the Speaker. 'He cites the chief original observations adduced by Darwin as evidence for his theory.' 'Mexico cited the drought, now in its eighth year, to avoid releasing Texas' full share of 110 billion gallons per year from the reservoirs. DNI' 'An objector will immediately point to the lack of stability of this simple, some will say simple-minded, hierarchy. DNI' 'She expected a restaurant as their meeting place, but instead the lady named the hotel where she was staying.DNI' 'Where is the second-order neural pattern located? Damasio already pointed to the cingulate cortex in his 1994 book.'",general,29,True,False,
"If the parties wish to adduce evidence in support of their cases , the appropriate way of determining the rent is by arbitration .",adduce,Adducing,"A Speaker mentions a Specified_entity filling a Role, thereby providing information which supports a point of the Speaker. 'He cites the chief original observations adduced by Darwin as evidence for his theory.' 'Mexico cited the drought, now in its eighth year, to avoid releasing Texas' full share of 110 billion gallons per year from the reservoirs. DNI' 'An objector will immediately point to the lack of stability of this simple, some will say simple-minded, hierarchy. DNI' 'She expected a restaurant as their meeting place, but instead the lady named the hotel where she was staying.DNI' 'Where is the second-order neural pattern located? Damasio already pointed to the cingulate cortex in his 1994 book.'",legal,24,True,False,
"TNC adduces arguments for a broad and balanced curriculum but implies that there is no possible justification for the pattern of ` small core plus elaborate option scheme "" that is commonly found in secondary schools .",adduce,Adducing,"A Speaker mentions a Specified_entity filling a Role, thereby providing information which supports a point of the Speaker. 'He cites the chief original observations adduced by Darwin as evidence for his theory.' 'Mexico cited the drought, now in its eighth year, to avoid releasing Texas' full share of 110 billion gallons per year from the reservoirs. DNI' 'An objector will immediately point to the lack of stability of this simple, some will say simple-minded, hierarchy. DNI' 'She expected a restaurant as their meeting place, but instead the lady named the hotel where she was staying.DNI' 'Where is the second-order neural pattern located? Damasio already pointed to the cingulate cortex in his 1994 book.'",general,37,True,False,
"( This appears to be the only independent support , apart from introspection , that they adduce for belief - expression 's being essential to assertion . )",adduce,Adducing,"A Speaker mentions a Specified_entity filling a Role, thereby providing information which supports a point of the Speaker. 'He cites the chief original observations adduced by Darwin as evidence for his theory.' 'Mexico cited the drought, now in its eighth year, to avoid releasing Texas' full share of 110 billion gallons per year from the reservoirs. DNI' 'An objector will immediately point to the lack of stability of this simple, some will say simple-minded, hierarchy. DNI' 'She expected a restaurant as their meeting place, but instead the lady named the hotel where she was staying.DNI' 'Where is the second-order neural pattern located? Damasio already pointed to the cingulate cortex in his 1994 book.'",general,28,True,False,
"I adduce as evidence for this statement the standard of living enjoyed by bookmakers , bingo hall proprietors , and gaming machine operators .",adduce,Adducing,"A Speaker mentions a Specified_entity filling a Role, thereby providing information which supports a point of the Speaker. 'He cites the chief original observations adduced by Darwin as evidence for his theory.' 'Mexico cited the drought, now in its eighth year, to avoid releasing Texas' full share of 110 billion gallons per year from the reservoirs. DNI' 'An objector will immediately point to the lack of stability of this simple, some will say simple-minded, hierarchy. DNI' 'She expected a restaurant as their meeting place, but instead the lady named the hotel where she was staying.DNI' 'Where is the second-order neural pattern located? Damasio already pointed to the cingulate cortex in his 1994 book.'",general,24,True,False,
The arguments adduced by Simon reveal a concern with representation : the partial and subjective nature of perception and the flux of experience necessitate an equally disruptive formal structure .,adduce,Adducing,"A Speaker mentions a Specified_entity filling a Role, thereby providing information which supports a point of the Speaker. 'He cites the chief original observations adduced by Darwin as evidence for his theory.' 'Mexico cited the drought, now in its eighth year, to avoid releasing Texas' full share of 110 billion gallons per year from the reservoirs. DNI' 'An objector will immediately point to the lack of stability of this simple, some will say simple-minded, hierarchy. DNI' 'She expected a restaurant as their meeting place, but instead the lady named the hotel where she was staying.DNI' 'Where is the second-order neural pattern located? Damasio already pointed to the cingulate cortex in his 1994 book.'",general,30,True,False,
"Now I have already criticized recall and memory as a guide to advertising effectiveness , so I am clearly vulnerable when I adduce this sort of thing as evidence for long-term effects of advertising .",adduce,Adducing,"A Speaker mentions a Specified_entity filling a Role, thereby providing information which supports a point of the Speaker. 'He cites the chief original observations adduced by Darwin as evidence for his theory.' 'Mexico cited the drought, now in its eighth year, to avoid releasing Texas' full share of 110 billion gallons per year from the reservoirs. DNI' 'An objector will immediately point to the lack of stability of this simple, some will say simple-minded, hierarchy. DNI' 'She expected a restaurant as their meeting place, but instead the lady named the hotel where she was staying.DNI' 'Where is the second-order neural pattern located? Damasio already pointed to the cingulate cortex in his 1994 book.'",general,35,True,False,
"If , in fact , we apply the higher order definition to the evidence she adduces from Wolof schoolchildren we will find that it applies to schooled and unschooled alike .",adduce,Adducing,"A Speaker mentions a Specified_entity filling a Role, thereby providing information which supports a point of the Speaker. 'He cites the chief original observations adduced by Darwin as evidence for his theory.' 'Mexico cited the drought, now in its eighth year, to avoid releasing Texas' full share of 110 billion gallons per year from the reservoirs. DNI' 'An objector will immediately point to the lack of stability of this simple, some will say simple-minded, hierarchy. DNI' 'She expected a restaurant as their meeting place, but instead the lady named the hotel where she was staying.DNI' 'Where is the second-order neural pattern located? Damasio already pointed to the cingulate cortex in his 1994 book.'",daily_life,31,True,False,
"Adjacent to the Star Ferry terminal is Ocean Terminal , where international cruise ships dock , and the gigantic Harbour City , a complex of malls , hotels , and restaurants .",adjacent,Adjacency,"A Figure is located adjacent to a Ground. This is equivalent to the Figure and Ground either constituting or being associated with a zone, with each zone in contact with the zone of the other. 'The two houses were adjacent , so she bought them together .' 'The bedroom adjoining hers was much smaller .' 'The park borders a very upscale neighborhood .' 'While you solder , make sure the neighboring pins don't get overheated . DNI ' This frame is intended to cover productive metaphor cases such as those found in ""adjacent web pages""--referring to pages that metaphorically ""share a border"" by virtue of sharing a hyperlink, as well as many additional cases of entities which are cognitively associated in other ways. There are a number of less productive metaphors that are also intended to be included in this frame, e.g. ""behavior bordering on lunacy"", ""cleanliness is next to godliness"", despite the fact that conventionally we do not find ""adjacent to lunacy"", etc. Though these expressions sound creative, they are immediately understandable and contextually unobjectionable.",general,32,True,False,
"Hanging the strap of her bag round her neck , she began to climb a sturdy sycamore adjacent to the wall .",adjacent,Adjacency,"A Figure is located adjacent to a Ground. This is equivalent to the Figure and Ground either constituting or being associated with a zone, with each zone in contact with the zone of the other. 'The two houses were adjacent , so she bought them together .' 'The bedroom adjoining hers was much smaller .' 'The park borders a very upscale neighborhood .' 'While you solder , make sure the neighboring pins don't get overheated . DNI ' This frame is intended to cover productive metaphor cases such as those found in ""adjacent web pages""--referring to pages that metaphorically ""share a border"" by virtue of sharing a hyperlink, as well as many additional cases of entities which are cognitively associated in other ways. There are a number of less productive metaphors that are also intended to be included in this frame, e.g. ""behavior bordering on lunacy"", ""cleanliness is next to godliness"", despite the fact that conventionally we do not find ""adjacent to lunacy"", etc. Though these expressions sound creative, they are immediately understandable and contextually unobjectionable.",general,22,True,False,
There are no genital slits but the genital plate has two branches : a long one lying adjacent to the arm and a slightly shorter one lying adjacent to that with only a small slit between them .,adjacent,Adjacency,"A Figure is located adjacent to a Ground. This is equivalent to the Figure and Ground either constituting or being associated with a zone, with each zone in contact with the zone of the other. 'The two houses were adjacent , so she bought them together .' 'The bedroom adjoining hers was much smaller .' 'The park borders a very upscale neighborhood .' 'While you solder , make sure the neighboring pins don't get overheated . DNI ' This frame is intended to cover productive metaphor cases such as those found in ""adjacent web pages""--referring to pages that metaphorically ""share a border"" by virtue of sharing a hyperlink, as well as many additional cases of entities which are cognitively associated in other ways. There are a number of less productive metaphors that are also intended to be included in this frame, e.g. ""behavior bordering on lunacy"", ""cleanliness is next to godliness"", despite the fact that conventionally we do not find ""adjacent to lunacy"", etc. Though these expressions sound creative, they are immediately understandable and contextually unobjectionable.",general,38,True,False,
Situated in prime but quiet position adjacent to Floral Clock 300 yards from seafront through graceful Palmeira Square ; easy walking distance to Conference centre .,adjacent,Adjacency,"A Figure is located adjacent to a Ground. This is equivalent to the Figure and Ground either constituting or being associated with a zone, with each zone in contact with the zone of the other. 'The two houses were adjacent , so she bought them together .' 'The bedroom adjoining hers was much smaller .' 'The park borders a very upscale neighborhood .' 'While you solder , make sure the neighboring pins don't get overheated . DNI ' This frame is intended to cover productive metaphor cases such as those found in ""adjacent web pages""--referring to pages that metaphorically ""share a border"" by virtue of sharing a hyperlink, as well as many additional cases of entities which are cognitively associated in other ways. There are a number of less productive metaphors that are also intended to be included in this frame, e.g. ""behavior bordering on lunacy"", ""cleanliness is next to godliness"", despite the fact that conventionally we do not find ""adjacent to lunacy"", etc. Though these expressions sound creative, they are immediately understandable and contextually unobjectionable.",sports,26,True,False,
Precambrian rocks adjacent to the Telegraph Pass granite give well-grouped magnetizations identical in direction to that of the granite ( reverse polarity ) .,adjacent,Adjacency,"A Figure is located adjacent to a Ground. This is equivalent to the Figure and Ground either constituting or being associated with a zone, with each zone in contact with the zone of the other. 'The two houses were adjacent , so she bought them together .' 'The bedroom adjoining hers was much smaller .' 'The park borders a very upscale neighborhood .' 'While you solder , make sure the neighboring pins don't get overheated . DNI ' This frame is intended to cover productive metaphor cases such as those found in ""adjacent web pages""--referring to pages that metaphorically ""share a border"" by virtue of sharing a hyperlink, as well as many additional cases of entities which are cognitively associated in other ways. There are a number of less productive metaphors that are also intended to be included in this frame, e.g. ""behavior bordering on lunacy"", ""cleanliness is next to godliness"", despite the fact that conventionally we do not find ""adjacent to lunacy"", etc. Though these expressions sound creative, they are immediately understandable and contextually unobjectionable.",general,24,True,False,
The upstream regulatory region ( URR ) of the tumorigenic human papillomaviruses HPV 16 and 18 contains an octamer binding site which is located adjacent to a binding site for the ubiquitous transcription factor NFI .,adjacent,Adjacency,"A Figure is located adjacent to a Ground. This is equivalent to the Figure and Ground either constituting or being associated with a zone, with each zone in contact with the zone of the other. 'The two houses were adjacent , so she bought them together .' 'The bedroom adjoining hers was much smaller .' 'The park borders a very upscale neighborhood .' 'While you solder , make sure the neighboring pins don't get overheated . DNI ' This frame is intended to cover productive metaphor cases such as those found in ""adjacent web pages""--referring to pages that metaphorically ""share a border"" by virtue of sharing a hyperlink, as well as many additional cases of entities which are cognitively associated in other ways. There are a number of less productive metaphors that are also intended to be included in this frame, e.g. ""behavior bordering on lunacy"", ""cleanliness is next to godliness"", despite the fact that conventionally we do not find ""adjacent to lunacy"", etc. Though these expressions sound creative, they are immediately understandable and contextually unobjectionable.",general,36,True,False,
"The cure is to move the microphone or to move the loudspeakers , which is not always practical , or adjust the microphone volume to a lower level .",adjust,Adjusting,"An Agent changes a Part of a complex entity with regard to some Feature in order to achieve some Imposed_purpose affected by the Feature. The complex entity is often a device or mechanism, but may also be an abstract entity such as the economy. Also, the full entity may be used in place of the Part. 'I need to adjust the thermostat to around 80 degrees when she visits.' 'It didn't work the first time , so she had to tweak the oven a little .' 'Greenspan expressed confidence that the current calibration of interest rates was not an overcompensation .'",general,29,True,False,
"In this way , a dominant male can adjust the sexual state of the entire community to his benefit , through his scent alone .",adjust,Adjusting,"An Agent changes a Part of a complex entity with regard to some Feature in order to achieve some Imposed_purpose affected by the Feature. The complex entity is often a device or mechanism, but may also be an abstract entity such as the economy. Also, the full entity may be used in place of the Part. 'I need to adjust the thermostat to around 80 degrees when she visits.' 'It didn't work the first time , so she had to tweak the oven a little .' 'Greenspan expressed confidence that the current calibration of interest rates was not an overcompensation .'",general,25,True,False,
"They carefully adjust the pitch of the outgoing hoots , in such a way as to keep the pitch of the echo constant after it has been Doppler-shifted .",adjust,Adjusting,"An Agent changes a Part of a complex entity with regard to some Feature in order to achieve some Imposed_purpose affected by the Feature. The complex entity is often a device or mechanism, but may also be an abstract entity such as the economy. Also, the full entity may be used in place of the Part. 'I need to adjust the thermostat to around 80 degrees when she visits.' 'It didn't work the first time , so she had to tweak the oven a little .' 'Greenspan expressed confidence that the current calibration of interest rates was not an overcompensation .'",daily_life,29,True,False,
"Delivery can be adjusted by turning the nozzle head , fitted on a screw thread , to give a fine jet with a range of 2 metres or more or a fine mist comparable with aerosol sprays .",adjust,Adjusting,"An Agent changes a Part of a complex entity with regard to some Feature in order to achieve some Imposed_purpose affected by the Feature. The complex entity is often a device or mechanism, but may also be an abstract entity such as the economy. Also, the full entity may be used in place of the Part. 'I need to adjust the thermostat to around 80 degrees when she visits.' 'It didn't work the first time , so she had to tweak the oven a little .' 'Greenspan expressed confidence that the current calibration of interest rates was not an overcompensation .'",general,38,True,False,
The thermostat of an immersion heater can usually be adjusted by turning off the double-pole switch and removing the heater cover .,adjust,Adjusting,"An Agent changes a Part of a complex entity with regard to some Feature in order to achieve some Imposed_purpose affected by the Feature. The complex entity is often a device or mechanism, but may also be an abstract entity such as the economy. Also, the full entity may be used in place of the Part. 'I need to adjust the thermostat to around 80 degrees when she visits.' 'It didn't work the first time , so she had to tweak the oven a little .' 'Greenspan expressed confidence that the current calibration of interest rates was not an overcompensation .'",general,22,True,False,
"If the level of water in a cistern is too high or too low , it can be adjusted by bending the float arm ( if it is metal ) .",adjust,Adjusting,"An Agent changes a Part of a complex entity with regard to some Feature in order to achieve some Imposed_purpose affected by the Feature. The complex entity is often a device or mechanism, but may also be an abstract entity such as the economy. Also, the full entity may be used in place of the Part. 'I need to adjust the thermostat to around 80 degrees when she visits.' 'It didn't work the first time , so she had to tweak the oven a little .' 'Greenspan expressed confidence that the current calibration of interest rates was not an overcompensation .'",general,31,True,False,
"Significantly , leading Japanese computer makers have adopted export strategies similar in some respects to those of the car industry .",adopt,Adopt_selection,"An Agent has an Attribute which can take different Values, and the Agent selects and then begins to use some Value for that Attribute. The Attribute includes both physical (shape, color) and abstract (belief, practice) types. For some LUs in this frame, it is common for only the Value to be expressed, with the Attribute implicit. (Often this implicit attribute can be given second-layer expression on the Value. Note that such second-layer annotation should be assumed in the first two examples below.) 'They scoff at their opponents and assume an air of superior knowledge' 'There are times when teachers should adopt a neutral stance in discussion of morally controversial issues.' 'A person does not have to make the statement ""I adopt this as my position"" to do so.'",business,21,True,False,
"` Yes -- bedroom , bathroom , a door opening on to a section of enclosed veranda , and an open veranda beyond that , looking down on to a rather beautiful tropical garden .",beautiful,Aesthetics,An Entity is judged to be sensually pleasing or intellectually interesting to a (generally implicit) Judge. 'We saw this beautiful boat with the red sails several times' 'We camped here on the beach and had an absolutely lovely early morning walk through farm fields',daily_life,35,True,False,
"As part of the UK 's leading group of specialist tour operators to Europe 's most beautiful cities , we have over 36 years experience in providing value for money city breaks .",beautiful,Aesthetics,An Entity is judged to be sensually pleasing or intellectually interesting to a (generally implicit) Judge. 'We saw this beautiful boat with the red sails several times' 'We camped here on the beach and had an absolutely lovely early morning walk through farm fields',general,33,True,False,
"Her son , James , 14th Earl of Glencairn , became a friend and patron to Burns who composed a beautiful lament for him on his early death .",beautiful,Aesthetics,An Entity is judged to be sensually pleasing or intellectually interesting to a (generally implicit) Judge. 'We saw this beautiful boat with the red sails several times' 'We camped here on the beach and had an absolutely lovely early morning walk through farm fields',daily_life,29,True,False,
"` It 's too beautiful a day for you to go on Mr Gajduseking me the whole while , "" he cut her off in easy fashion .",beautiful,Aesthetics,An Entity is judged to be sensually pleasing or intellectually interesting to a (generally implicit) Judge. 'We saw this beautiful boat with the red sails several times' 'We camped here on the beach and had an absolutely lovely early morning walk through farm fields',general,28,True,False,
This phenomenon was not new ; in Haxey 's Case ( 1387 ) and Strode 's Case ( 1512 ) the privilege to say what one liked in Parliament with impunity had been denied but then conceded by the Crown .,concede,Affirm_or_deny,"A Speaker uses language to affirm or deny the truth of a Message to some Addressee. Instead of (or in addition to) a Speaker, a Medium may also be mentioned. Likewise, a Topic may be stated instead of a Message. 'She affirmed her loyalty to the cause.' 'He denied that he had ever believed in the existence of God.' 'BBC News confirmed the story about the refugees.'",legal,41,True,False,
"Greece 's conservative government conceded yesterday that a socialist victory in a weekend by-election in Athens had ` given us a clear message "" .",concede,Affirm_or_deny,"A Speaker uses language to affirm or deny the truth of a Message to some Addressee. Instead of (or in addition to) a Speaker, a Medium may also be mentioned. Likewise, a Topic may be stated instead of a Message. 'She affirmed her loyalty to the cause.' 'He denied that he had ever believed in the existence of God.' 'BBC News confirmed the story about the refugees.'",news_politics,25,True,False,
"Until yesterday , Taylor would concede only that Gascoigne MIGHT be England 's best player , which is a bit like saying that Linford Christie might be our best sprinter .",concede,Affirm_or_deny,"A Speaker uses language to affirm or deny the truth of a Message to some Addressee. Instead of (or in addition to) a Speaker, a Medium may also be mentioned. Likewise, a Topic may be stated instead of a Message. 'She affirmed her loyalty to the cause.' 'He denied that he had ever believed in the existence of God.' 'BBC News confirmed the story about the refugees.'",sports,31,True,False,
"` You 're right -- a badly chosen phrase , "" he conceded derisively as he looked at his watch again .",concede,Affirm_or_deny,"A Speaker uses language to affirm or deny the truth of a Message to some Addressee. Instead of (or in addition to) a Speaker, a Medium may also be mentioned. Likewise, a Topic may be stated instead of a Message. 'She affirmed her loyalty to the cause.' 'He denied that he had ever believed in the existence of God.' 'BBC News confirmed the story about the refugees.'",general,22,True,False,
"Roirbak had mistaken her for another boy : a skinny , awkward creature , but pretty in her own way , he conceded .",concede,Affirm_or_deny,"A Speaker uses language to affirm or deny the truth of a Message to some Addressee. Instead of (or in addition to) a Speaker, a Medium may also be mentioned. Likewise, a Topic may be stated instead of a Message. 'She affirmed her loyalty to the cause.' 'He denied that he had ever believed in the existence of God.' 'BBC News confirmed the story about the refugees.'",news_politics,24,True,False,
"On the other hand , she conceded , someone had to do the kind of menial tasks she was at present condemned to -- but why was it always women who did them ?",concede,Affirm_or_deny,"A Speaker uses language to affirm or deny the truth of a Message to some Addressee. Instead of (or in addition to) a Speaker, a Medium may also be mentioned. Likewise, a Topic may be stated instead of a Message. 'She affirmed her loyalty to the cause.' 'He denied that he had ever believed in the existence of God.' 'BBC News confirmed the story about the refugees.'",general,34,True,False,
It is dangerous to tell a 5 year old boy or girl that his or her mother uses language incorrectly .,old,Age,"An Entity has existed for a length of time, the Age. The Age can be characterized as a value of the age Attribute, or a Degree modifier may express the deviation of the Age from the norm. The Expressor exhibits qualities of the age of the Entity. 'This building is twenty thousand years old.' 'My grandpa is really old' 'Junior is only five weeks old.' 'A cunning oldish voice called out from the crowd.' 'His age was 23 at the time.' ' People of age 55 or older should consult their physician. ' 'I have a 13-year-old cousin' 'My grandma is old' There are additional patterns that the LUs in this frame occur in which are not licensed by a particular lexical head but by a construction. Additionally, there are patterns that evoke this frame without any overt lexical head that are part of this frame. 'She is 45 years of age.' 'Billy is 13.'",general,21,True,False,
"` But amazingly the process of setting up the co-op really did involve some of the men , and even the older boys .",old,Age,"An Entity has existed for a length of time, the Age. The Age can be characterized as a value of the age Attribute, or a Degree modifier may express the deviation of the Age from the norm. The Expressor exhibits qualities of the age of the Entity. 'This building is twenty thousand years old.' 'My grandpa is really old' 'Junior is only five weeks old.' 'A cunning oldish voice called out from the crowd.' 'His age was 23 at the time.' ' People of age 55 or older should consult their physician. ' 'I have a 13-year-old cousin' 'My grandma is old' There are additional patterns that the LUs in this frame occur in which are not licensed by a particular lexical head but by a construction. Additionally, there are patterns that evoke this frame without any overt lexical head that are part of this frame. 'She is 45 years of age.' 'Billy is 13.'",general,24,True,False,
Big Arnie Schwarzenegger would probably prefer to tackle the Penguin than the army of infant terrors he faces in Kindergarten Cop .,army,Aggregate,This frame contains nouns denoting Aggregates of Individuals. The Aggregates may be described by an Aggregate_property. 'An army of postal workers descended on my office.',news_politics,22,True,False,Military
It is at this stage that suddenly the chorus of advice dies away and the armies of theoreticians depart .,army,Aggregate,This frame contains nouns denoting Aggregates of Individuals. The Aggregates may be described by an Aggregate_property. 'An army of postal workers descended on my office.',general,20,True,False,Military
"And what about the small army of Morland Place pensioners -- former employees , who all seemed to enjoy an extraordinary longevity , and who seemed to live in houses needing constant repair ?",army,Aggregate,This frame contains nouns denoting Aggregates of Individuals. The Aggregates may be described by an Aggregate_property. 'An army of postal workers descended on my office.',general,34,True,False,Military
"If not directly representing the official political party just yet , she was anxious to push her views and get her army of young fans to follow suit , and help save the planet .",army,Aggregate,This frame contains nouns denoting Aggregates of Individuals. The Aggregates may be described by an Aggregate_property. 'An army of postal workers descended on my office.',general,35,True,False,Military
"If his growing army of fans are only writing to say they like Merton 's own TV series , then they are either shy or lying .",army,Aggregate,This frame contains nouns denoting Aggregates of Individuals. The Aggregates may be described by an Aggregate_property. 'An army of postal workers descended on my office.',general,27,True,False,Military
DAMON Hill went a long way towards fulfilling the hopes of his family and army of fans when he grabbed provisional pole position for Sunday 's Monaco Grand Prix .,army,Aggregate,This frame contains nouns denoting Aggregates of Individuals. The Aggregates may be described by an Aggregate_property. 'An army of postal workers descended on my office.',news_politics,30,True,False,Military
"A national newspaper had called for an army of Mansell fans to turn out , but fewer than two hundred actually did .",army,Aggregate,This frame contains nouns denoting Aggregates of Individuals. The Aggregates may be described by an Aggregate_property. 'An army of postal workers descended on my office.',general,23,True,False,Military
But perhaps the greatest fear about workfare is that it might reduce the political spur to create jobs and lead to an army of people working in poorly paid conditions .,army,Aggregate,This frame contains nouns denoting Aggregates of Individuals. The Aggregates may be described by an Aggregate_property. 'An army of postal workers descended on my office.',general,31,True,False,Military
"A great army of civil servants will be needed to administer the system , adding nothing whatever to the wealth or gaiety of the nation .",army,Aggregate,This frame contains nouns denoting Aggregates of Individuals. The Aggregates may be described by an Aggregate_property. 'An army of postal workers descended on my office.',news_politics,26,True,False,Military
"Demands for health care are likely to increase because of factors such as the aging population , the spread of HIV , and rising expectations .",aging,Aging,An Entity is undergoing a change in age typically associated with some deterioration or change in state. 'This bark ages and turns black.' 'The U.S. is to upgrade aging missile defense systems with advanced tech.',daily_life,26,True,False,
"Its catchment area encompasses the largest aging population in London , from which two to five new cases of prostatic cancer are diagnosed each week .",aging,Aging,An Entity is undergoing a change in age typically associated with some deterioration or change in state. 'This bark ages and turns black.' 'The U.S. is to upgrade aging missile defense systems with advanced tech.',legal,26,True,False,
Many of the remote areas of Scotland have aging populations and many such people do not have the use of cars .,aging,Aging,An Entity is undergoing a change in age typically associated with some deterioration or change in state. 'This bark ages and turns black.' 'The U.S. is to upgrade aging missile defense systems with advanced tech.',daily_life,22,True,False,
"The aging population creates a greater strain on the Health Service , with the need to provide more day centres and more hospital beds .",aging,Aging,An Entity is undergoing a change in age typically associated with some deterioration or change in state. 'This bark ages and turns black.' 'The U.S. is to upgrade aging missile defense systems with advanced tech.',general,25,True,False,
He had n't dared to dwell on her in those aging arms lest his rage should drive him to deeds he might regret for the rest of his life .,aging,Aging,An Entity is undergoing a change in age typically associated with some deterioration or change in state. 'This bark ages and turns black.' 'The U.S. is to upgrade aging missile defense systems with advanced tech.',general,30,True,False,
HSE will doubtless take speedy action to secure in-built improvements to new tackle but what of the aging and battered equipment which has been given an extended life because of the current recession ?,aging,Aging,An Entity is undergoing a change in age typically associated with some deterioration or change in state. 'This bark ages and turns black.' 'The U.S. is to upgrade aging missile defense systems with advanced tech.',general,34,True,False,
"He was the youngest grandchild , however , and as he grew to be a hulking , noisy ten-year-old , his aging relatives found him very tiring .",aging,Aging,An Entity is undergoing a change in age typically associated with some deterioration or change in state. 'This bark ages and turns black.' 'The U.S. is to upgrade aging missile defense systems with advanced tech.',general,28,True,False,
"That said , I have printed TrueType and Adobe Type Manager fonts with excellent results as well , and seemingly quicker than to my aging PostScript printer .",aging,Aging,An Entity is undergoing a change in age typically associated with some deterioration or change in state. 'This bark ages and turns black.' 'The U.S. is to upgrade aging missile defense systems with advanced tech.',general,28,True,False,
"They should lose their jobs when the "" impossible "" happens , just as the president of Japan Air Lines quit when an aging jet crashed .",aging,Aging,An Entity is undergoing a change in age typically associated with some deterioration or change in state. 'This bark ages and turns black.' 'The U.S. is to upgrade aging missile defense systems with advanced tech.',news_politics,27,True,False,
He refused to send his horses to be shod at our smithy after that ; for once the smith 's verdict got around it would be difficult for him to sell the mare .,refuse,Agree_or_refuse_to_act,"A Speaker either agrees to or refuses to engage in a Proposed_action, proposed by an Interlocutor. '' 'They agreed to express their outrage with editorials in today's paper.' 'The man's refusal to accept blood severely hampered his treatment after the car accident.'",general,34,True,False,Respond_to_proposal
Managers at the Landing Gear factory have so far refused to confirm or deny the report that up to two hundred jobs are to go .,refuse,Agree_or_refuse_to_act,"A Speaker either agrees to or refuses to engage in a Proposed_action, proposed by an Interlocutor. '' 'They agreed to express their outrage with editorials in today's paper.' 'The man's refusal to accept blood severely hampered his treatment after the car accident.'",general,26,True,False,Respond_to_proposal
"Still , even when Grigorovich refused three years ago to let her guest at the Royal Ballet , she did what she was told .",refuse,Agree_or_refuse_to_act,"A Speaker either agrees to or refuses to engage in a Proposed_action, proposed by an Interlocutor. '' 'They agreed to express their outrage with editorials in today's paper.' 'The man's refusal to accept blood severely hampered his treatment after the car accident.'",general,25,True,False,Respond_to_proposal
"A High Court judge refused to grant an injunction which would have forced publishers Methuen to remove the characters , drawn by former Daily Mirror cartoonist Griffin .",refuse,Agree_or_refuse_to_act,"A Speaker either agrees to or refuses to engage in a Proposed_action, proposed by an Interlocutor. '' 'They agreed to express their outrage with editorials in today's paper.' 'The man's refusal to accept blood severely hampered his treatment after the car accident.'",legal,28,True,False,Respond_to_proposal
"TREVOR FRANCIS last night refused to bring down the curtain on his playing career , even though Sheffield Wednesday chairman Dave Richards has begged him to bow out .",refuse,Agree_or_refuse_to_act,"A Speaker either agrees to or refuses to engage in a Proposed_action, proposed by an Interlocutor. '' 'They agreed to express their outrage with editorials in today's paper.' 'The man's refusal to accept blood severely hampered his treatment after the car accident.'",daily_life,29,True,False,Respond_to_proposal
"He refused to give details of the type , quantity and condition of the explosive or identify the ` terrorist paraphernalia "" , although it is possible this might include timing devices or detonators .",refuse,Agree_or_refuse_to_act,"A Speaker either agrees to or refuses to engage in a Proposed_action, proposed by an Interlocutor. '' 'They agreed to express their outrage with editorials in today's paper.' 'The man's refusal to accept blood severely hampered his treatment after the car accident.'",general,35,True,False,Respond_to_proposal
"The economy has a weak base , and only 7 per cent of the land is cultivated , most being under rough grazing ( Turnock 1974 ) .",cultivate,Agriculture,In this frame an Agriculturist cultivates Food. The location or Ground where the Food is cultivated by the Agriculturist is often expressed. '' 'Peasants were encouraged to cultivate basic food crops such as beans and corn'. 'Shrimp farming seems to be a recipe for disaster' 'Some fields were probably cultivated only in the dry season CNI',general,28,True,False,
"It is not enough to enlarge a peasant 's piece of land , he must have the wherewithal to cultivate it .",cultivate,Agriculture,In this frame an Agriculturist cultivates Food. The location or Ground where the Food is cultivated by the Agriculturist is often expressed. '' 'Peasants were encouraged to cultivate basic food crops such as beans and corn'. 'Shrimp farming seems to be a recipe for disaster' 'Some fields were probably cultivated only in the dry season CNI',general,22,True,False,
We cultivated maize and water melons and the crops were just about ripe when the army came one night without warning and destroyed everything .,cultivate,Agriculture,In this frame an Agriculturist cultivates Food. The location or Ground where the Food is cultivated by the Agriculturist is often expressed. '' 'Peasants were encouraged to cultivate basic food crops such as beans and corn'. 'Shrimp farming seems to be a recipe for disaster' 'Some fields were probably cultivated only in the dry season CNI',news_politics,25,True,False,
"It is thought that rice was first cultivated in India and Indo-China , but it is now grown extensively throughout the Far East .",cultivate,Agriculture,In this frame an Agriculturist cultivates Food. The location or Ground where the Food is cultivated by the Agriculturist is often expressed. '' 'Peasants were encouraged to cultivate basic food crops such as beans and corn'. 'Shrimp farming seems to be a recipe for disaster' 'Some fields were probably cultivated only in the dry season CNI',general,24,True,False,
"Consequently a great deal of fulling , spinning , weaving and dyeing was carried out at domestic level , with plants probably being deliberately cultivated to provide dyes .",cultivate,Agriculture,In this frame an Agriculturist cultivates Food. The location or Ground where the Food is cultivated by the Agriculturist is often expressed. '' 'Peasants were encouraged to cultivate basic food crops such as beans and corn'. 'Shrimp farming seems to be a recipe for disaster' 'Some fields were probably cultivated only in the dry season CNI',daily_life,29,True,False,
Land that is cultivated or grazed intensively near the croft is often referred to as inbye to distinguish it from common grazings and more distant fields .,cultivate,Agriculture,In this frame an Agriculturist cultivates Food. The location or Ground where the Food is cultivated by the Agriculturist is often expressed. '' 'Peasants were encouraged to cultivate basic food crops such as beans and corn'. 'Shrimp farming seems to be a recipe for disaster' 'Some fields were probably cultivated only in the dry season CNI',general,27,True,False,
"It is native to China and has been cultivated successfully in a number of countries , including Iran , Turkey , India and the Soviet Union .",cultivate,Agriculture,In this frame an Agriculturist cultivates Food. The location or Ground where the Food is cultivated by the Agriculturist is often expressed. '' 'Peasants were encouraged to cultivate basic food crops such as beans and corn'. 'Shrimp farming seems to be a recipe for disaster' 'Some fields were probably cultivated only in the dry season CNI',general,27,True,False,
"Lepine stops at the door of study room C-228 , raises his rifle and aims at a student at the bottom of the room .",aim,Aiming,"An Agent adjusts an Instrument to enable it to interact directly with a difficult-to-access Target_location. Usually, there is a Targeted entity at the Target_location which is mentioned in its place. 'If you aim your weapons somewhere else , I 'll be more likely to talk .' 'The sortie targeted primarily resupply points , but these included several civilian areas . INI' 'A good marksman still should take aim for a moment before each shot . INI INI'",daily_life,25,True,False,Purpose
"Pulling his rifle to his shoulder he squinted along the barrel , aiming at the broadest part of the deer 's neck .",aim,Aiming,"An Agent adjusts an Instrument to enable it to interact directly with a difficult-to-access Target_location. Usually, there is a Targeted entity at the Target_location which is mentioned in its place. 'If you aim your weapons somewhere else , I 'll be more likely to talk .' 'The sortie targeted primarily resupply points , but these included several civilian areas . INI' 'A good marksman still should take aim for a moment before each shot . INI INI'",general,23,True,False,Purpose
"Not as yet by all three of the men , but by one who already had his handgun set up , aimed fully at John , and the flare in his hand to ignite it .",aim,Aiming,"An Agent adjusts an Instrument to enable it to interact directly with a difficult-to-access Target_location. Usually, there is a Targeted entity at the Target_location which is mentioned in its place. 'If you aim your weapons somewhere else , I 'll be more likely to talk .' 'The sortie targeted primarily resupply points , but these included several civilian areas . INI' 'A good marksman still should take aim for a moment before each shot . INI INI'",general,36,True,False,Purpose
"Hindley put his right arm out through the hole , with the gun in it , and aimed it at his enemy .",aim,Aiming,"An Agent adjusts an Instrument to enable it to interact directly with a difficult-to-access Target_location. Usually, there is a Targeted entity at the Target_location which is mentioned in its place. 'If you aim your weapons somewhere else , I 'll be more likely to talk .' 'The sortie targeted primarily resupply points , but these included several civilian areas . INI' 'A good marksman still should take aim for a moment before each shot . INI INI'",general,23,True,False,Purpose
"The gunners had been ordered to aim at the first two vessels , and at a bare two hundred yards ' range they could scarcely miss .",aim,Aiming,"An Agent adjusts an Instrument to enable it to interact directly with a difficult-to-access Target_location. Usually, there is a Targeted entity at the Target_location which is mentioned in its place. 'If you aim your weapons somewhere else , I 'll be more likely to talk .' 'The sortie targeted primarily resupply points , but these included several civilian areas . INI' 'A good marksman still should take aim for a moment before each shot . INI INI'",daily_life,27,True,False,Purpose
"Checking the magazine of the Luger she had tucked in her waistband , she threw open the door and leapt in , the gun aimed unwaveringly at Froebe .",aim,Aiming,"An Agent adjusts an Instrument to enable it to interact directly with a difficult-to-access Target_location. Usually, there is a Targeted entity at the Target_location which is mentioned in its place. 'If you aim your weapons somewhere else , I 'll be more likely to talk .' 'The sortie targeted primarily resupply points , but these included several civilian areas . INI' 'A good marksman still should take aim for a moment before each shot . INI INI'",general,29,True,False,Purpose
"Such opposition from his former Anglican and Tory allies persuaded James to try to forge an alliance with the Dissenters , in the hope that the disabilities under which they suffered would give them common cause with the Catholics to support the removal of the penal laws .",alliance,Alliance,"After having worked separately for some time, two or more organizational or individual Members are now organized in an Alliance so that they may better pursue some common Purposes. The formerly separate Members may be presented separately as Member_1 and Member_2. 'They formed a loose coalition.'",legal,48,True,False,
"It was proposed that the NLP might form an electoral alliance with the National Peasant Party and the Social Democratic Party ( the two other parties formed , like the NLP , before the Second World War ) .",alliance,Alliance,"After having worked separately for some time, two or more organizational or individual Members are now organized in an Alliance so that they may better pursue some common Purposes. The formerly separate Members may be presented separately as Member_1 and Member_2. 'They formed a loose coalition.'",news_politics,39,True,False,
"He and his daughter , he imagined , would form an alliance based on shared jokes and secret indulgences against a lonely and often disapproving wife .",alliance,Alliance,"After having worked separately for some time, two or more organizational or individual Members are now organized in an Alliance so that they may better pursue some common Purposes. The formerly separate Members may be presented separately as Member_1 and Member_2. 'They formed a loose coalition.'",general,27,True,False,
"The first salvos in what is threatening to develop into the Windows Wars were duly fired yesterday when Sun Microsystems Inc 's SunSelect formally announced its Wabi Windows applications binary interface which enables Windows applications to run under Unix without MS-DOS or Windows being needed , and Microsoft formally announced its alliance with Insignia Solutions Ltd , High Wycombe , to create Windows applications programming interfaces for the Apple Computer Inc Macintosh and Unix and other operating systems .",alliance,Alliance,"After having worked separately for some time, two or more organizational or individual Members are now organized in an Alliance so that they may better pursue some common Purposes. The formerly separate Members may be presented separately as Member_1 and Member_2. 'They formed a loose coalition.'",news_politics,79,True,False,
The dispute within ANZUS reveals the dilemma created by the conclusion of political and military alliances in treaty form .,alliance,Alliance,"After having worked separately for some time, two or more organizational or individual Members are now organized in an Alliance so that they may better pursue some common Purposes. The formerly separate Members may be presented separately as Member_1 and Member_2. 'They formed a loose coalition.'",general,20,True,False,
"Brown underlined a populist stance by refusing individual campaign contributions of over $100 , and promised a crusade against what he called '' the unholy alliance of private greed and corrupt politics '' in Washington .",alliance,Alliance,"After having worked separately for some time, two or more organizational or individual Members are now organized in an Alliance so that they may better pursue some common Purposes. The formerly separate Members may be presented separately as Member_1 and Member_2. 'They formed a loose coalition.'",general,36,True,False,
"` There are no grounds for assuming that Libya was the only country involved , '' he said , suggesting again that there had been ` an unholy alliance '' between Iran , Syria and Libya .",alliance,Alliance,"After having worked separately for some time, two or more organizational or individual Members are now organized in an Alliance so that they may better pursue some common Purposes. The formerly separate Members may be presented separately as Member_1 and Member_2. 'They formed a loose coalition.'",general,37,True,False,
"TV should stick with fact , or with fiction ; not try to make an uneasy alliance of the two .",alliance,Alliance,"After having worked separately for some time, two or more organizational or individual Members are now organized in an Alliance so that they may better pursue some common Purposes. The formerly separate Members may be presented separately as Member_1 and Member_2. 'They formed a loose coalition.'",general,21,True,False,
"We can therefore see such a plasmid as a temporary alliance between genes which induce conjugation in the host bacterium ( and so make transmission of the plasmid itself possible ) , and genes which help the host to survive and multi ply .",alliance,Alliance,"After having worked separately for some time, two or more organizational or individual Members are now organized in an Alliance so that they may better pursue some common Purposes. The formerly separate Members may be presented separately as Member_1 and Member_2. 'They formed a loose coalition.'",general,44,True,False,
"It is remarkable only for the fact that amid a perfect jungle of possibilities we , with our worthy collaborator , the inspector , have kept our close hold on the essentials and so been guided along the crooked and winding path .",possibility,Alternatives,"There exist a number of different possible Situations that may happen in the future. (In some cases, the Situation is concurrent or past, and only the knowledge of which has happened is in the future.) In most cases, there is an Agent involved who has to consider which of the possible Situations will or should occur. A Salient_entity which is deeply involved in the Situation may also be mentioned. 'You have but two choices for your daughter .' While all the members of this frame denote possible situations, in principle, this frame could be split into a number of subtypes on the following basis: ''1. Future.n, and most uses of alternative.n and possibility.n all evoke nothing more than a simple possible situation (not necessarily an Situation) with no Agent; the remaining frames would inherit from this. ''2. Use.n evokes different possible things that can be done with a Salient_entity (i.e., Purposes) and thus uses the Using frame; in this frame, the target denotes the Purpose that can be achieved. ''3. way.n evokes different events that can lead to an Outcome (not necessarily a Purpose); this frame should use the Means frame. In this frame, the target denotes the possible Means actions. ''4. option.n, choice.n, and many instances of alternative.n and possibility.n, evoke possible Situations that an implicit or explicit Agent can bring about at will. A Purpose that would be served by bringing these Situations about may be mentioned. A Salient_entity related to the Purpose may occur in place of the Purpose.",general,43,True,False,Likelihood
"`` They are inevitably inclined to echo the conventional pap , since this is the least controversial option that is open to them .",option,Alternatives,"There exist a number of different possible Situations that may happen in the future. (In some cases, the Situation is concurrent or past, and only the knowledge of which has happened is in the future.) In most cases, there is an Agent involved who has to consider which of the possible Situations will or should occur. A Salient_entity which is deeply involved in the Situation may also be mentioned. 'You have but two choices for your daughter .' While all the members of this frame denote possible situations, in principle, this frame could be split into a number of subtypes on the following basis: ''1. Future.n, and most uses of alternative.n and possibility.n all evoke nothing more than a simple possible situation (not necessarily an Situation) with no Agent; the remaining frames would inherit from this. ''2. Use.n evokes different possible things that can be done with a Salient_entity (i.e., Purposes) and thus uses the Using frame; in this frame, the target denotes the Purpose that can be achieved. ''3. way.n evokes different events that can lead to an Outcome (not necessarily a Purpose); this frame should use the Means frame. In this frame, the target denotes the possible Means actions. ''4. option.n, choice.n, and many instances of alternative.n and possibility.n, evoke possible Situations that an implicit or explicit Agent can bring about at will. A Purpose that would be served by bringing these Situations about may be mentioned. A Salient_entity related to the Purpose may occur in place of the Purpose.",general,24,True,False,
Cornell found a number of employment options that he never dreamed existed after a work - site injury forced him out of his job at a foundry .,option,Alternatives,"There exist a number of different possible Situations that may happen in the future. (In some cases, the Situation is concurrent or past, and only the knowledge of which has happened is in the future.) In most cases, there is an Agent involved who has to consider which of the possible Situations will or should occur. A Salient_entity which is deeply involved in the Situation may also be mentioned. 'You have but two choices for your daughter .' While all the members of this frame denote possible situations, in principle, this frame could be split into a number of subtypes on the following basis: ''1. Future.n, and most uses of alternative.n and possibility.n all evoke nothing more than a simple possible situation (not necessarily an Situation) with no Agent; the remaining frames would inherit from this. ''2. Use.n evokes different possible things that can be done with a Salient_entity (i.e., Purposes) and thus uses the Using frame; in this frame, the target denotes the Purpose that can be achieved. ''3. way.n evokes different events that can lead to an Outcome (not necessarily a Purpose); this frame should use the Means frame. In this frame, the target denotes the possible Means actions. ''4. option.n, choice.n, and many instances of alternative.n and possibility.n, evoke possible Situations that an implicit or explicit Agent can bring about at will. A Purpose that would be served by bringing these Situations about may be mentioned. A Salient_entity related to the Purpose may occur in place of the Purpose.",business,28,True,False,
"The state legislature helped as well , by legalizing gambling in 1931 and thus solidifying the future of the town , though legislators and residents could never have known this at the time .",future,Alternatives,"There exist a number of different possible Situations that may happen in the future. (In some cases, the Situation is concurrent or past, and only the knowledge of which has happened is in the future.) In most cases, there is an Agent involved who has to consider which of the possible Situations will or should occur. A Salient_entity which is deeply involved in the Situation may also be mentioned. 'You have but two choices for your daughter .' While all the members of this frame denote possible situations, in principle, this frame could be split into a number of subtypes on the following basis: ''1. Future.n, and most uses of alternative.n and possibility.n all evoke nothing more than a simple possible situation (not necessarily an Situation) with no Agent; the remaining frames would inherit from this. ''2. Use.n evokes different possible things that can be done with a Salient_entity (i.e., Purposes) and thus uses the Using frame; in this frame, the target denotes the Purpose that can be achieved. ''3. way.n evokes different events that can lead to an Outcome (not necessarily a Purpose); this frame should use the Means frame. In this frame, the target denotes the possible Means actions. ''4. option.n, choice.n, and many instances of alternative.n and possibility.n, evoke possible Situations that an implicit or explicit Agent can bring about at will. A Purpose that would be served by bringing these Situations about may be mentioned. A Salient_entity related to the Purpose may occur in place of the Purpose.",legal,34,True,False,Temporal_collocation
This is so important for the future of the country that the national motto is `` Out of many one people . '',future,Alternatives,"There exist a number of different possible Situations that may happen in the future. (In some cases, the Situation is concurrent or past, and only the knowledge of which has happened is in the future.) In most cases, there is an Agent involved who has to consider which of the possible Situations will or should occur. A Salient_entity which is deeply involved in the Situation may also be mentioned. 'You have but two choices for your daughter .' While all the members of this frame denote possible situations, in principle, this frame could be split into a number of subtypes on the following basis: ''1. Future.n, and most uses of alternative.n and possibility.n all evoke nothing more than a simple possible situation (not necessarily an Situation) with no Agent; the remaining frames would inherit from this. ''2. Use.n evokes different possible things that can be done with a Salient_entity (i.e., Purposes) and thus uses the Using frame; in this frame, the target denotes the Purpose that can be achieved. ''3. way.n evokes different events that can lead to an Outcome (not necessarily a Purpose); this frame should use the Means frame. In this frame, the target denotes the possible Means actions. ''4. option.n, choice.n, and many instances of alternative.n and possibility.n, evoke possible Situations that an implicit or explicit Agent can bring about at will. A Purpose that would be served by bringing these Situations about may be mentioned. A Salient_entity related to the Purpose may occur in place of the Purpose.",general,23,True,False,Temporal_collocation
Jamaicans appear to worry little about the future ; sometimes it seems that they worry little even about what happens in the next few minutes .,future,Alternatives,"There exist a number of different possible Situations that may happen in the future. (In some cases, the Situation is concurrent or past, and only the knowledge of which has happened is in the future.) In most cases, there is an Agent involved who has to consider which of the possible Situations will or should occur. A Salient_entity which is deeply involved in the Situation may also be mentioned. 'You have but two choices for your daughter .' While all the members of this frame denote possible situations, in principle, this frame could be split into a number of subtypes on the following basis: ''1. Future.n, and most uses of alternative.n and possibility.n all evoke nothing more than a simple possible situation (not necessarily an Situation) with no Agent; the remaining frames would inherit from this. ''2. Use.n evokes different possible things that can be done with a Salient_entity (i.e., Purposes) and thus uses the Using frame; in this frame, the target denotes the Purpose that can be achieved. ''3. way.n evokes different events that can lead to an Outcome (not necessarily a Purpose); this frame should use the Means frame. In this frame, the target denotes the possible Means actions. ''4. option.n, choice.n, and many instances of alternative.n and possibility.n, evoke possible Situations that an implicit or explicit Agent can bring about at will. A Purpose that would be served by bringing these Situations about may be mentioned. A Salient_entity related to the Purpose may occur in place of the Purpose.",general,26,True,False,Temporal_collocation
The SPM had amalgamated with other groups of the Darod clan under the umbrella title of the Somali National Front ( SNF ) .,amalgamate,Amalgamation,"These words refer to Parts merging to form a Whole. (The Parts may also be encoded as Part_1 and Part_2.) There is a symmetrical relationship between the components that undergo the process, and afterwards the Parts are consumed and are no longer distinct entities that are easily discernable or separable in the Whole. 'The two droplets merge, and then travel down the windowpane even faster.'",general,24,True,False,Cause_to_amalgamate
"Under government plans for a new Environment Agency , the Inspectorate is expected to amalgamate with sections of the National Rivers Authority .",amalgamate,Amalgamation,"These words refer to Parts merging to form a Whole. (The Parts may also be encoded as Part_1 and Part_2.) There is a symmetrical relationship between the components that undergo the process, and afterwards the Parts are consumed and are no longer distinct entities that are easily discernable or separable in the Whole. 'The two droplets merge, and then travel down the windowpane even faster.'",news_politics,23,True,False,Cause_to_amalgamate
"In the next recipe , the fool has amalgamated with the syllabub and the trifle , the gooseberry fool taking the place of the cake at the bottom of the dish .",amalgamate,Amalgamation,"These words refer to Parts merging to form a Whole. (The Parts may also be encoded as Part_1 and Part_2.) There is a symmetrical relationship between the components that undergo the process, and afterwards the Parts are consumed and are no longer distinct entities that are easily discernable or separable in the Whole. 'The two droplets merge, and then travel down the windowpane even faster.'",general,32,True,False,Cause_to_amalgamate
He was a proprietor of the Liverpool Daily and Weekly Post and Echo and became chairman when the Daily Post and Liverpool Mercury amalgamated in 1904 .,amalgamate,Amalgamation,"These words refer to Parts merging to form a Whole. (The Parts may also be encoded as Part_1 and Part_2.) There is a symmetrical relationship between the components that undergo the process, and afterwards the Parts are consumed and are no longer distinct entities that are easily discernable or separable in the Whole. 'The two droplets merge, and then travel down the windowpane even faster.'",general,27,True,False,Cause_to_amalgamate
"In the nineteenth century the various companies amalgamated and gradually merged their quarries into this one colossal pit , which has a circumference of about a mile and a depth of four hundred feet .",amalgamate,Amalgamation,"These words refer to Parts merging to form a Whole. (The Parts may also be encoded as Part_1 and Part_2.) There is a symmetrical relationship between the components that undergo the process, and afterwards the Parts are consumed and are no longer distinct entities that are easily discernable or separable in the Whole. 'The two droplets merge, and then travel down the windowpane even faster.'",general,35,True,False,Cause_to_amalgamate
Country parishes amalgamate and the vicar is seen on Sunday ln three : the village shop is nobbled by the supermarket ; the bus service -- rationalised and subsidised -- becomes more infrequent .,amalgamate,Amalgamation,"These words refer to Parts merging to form a Whole. (The Parts may also be encoded as Part_1 and Part_2.) There is a symmetrical relationship between the components that undergo the process, and afterwards the Parts are consumed and are no longer distinct entities that are easily discernable or separable in the Whole. 'The two droplets merge, and then travel down the windowpane even faster.'",business,34,True,False,Cause_to_amalgamate
One of the best of these ‘ Collection Wines ’ is a 1969 Negru de Purkar ( £8.95 from Butlers Wine Cellar ) that blends Cabernet Sauvignon with native Saperavi and Rara Niagre grapes .,blend,Amalgamation,"These words refer to Parts merging to form a Whole. (The Parts may also be encoded as Part_1 and Part_2.) There is a symmetrical relationship between the components that undergo the process, and afterwards the Parts are consumed and are no longer distinct entities that are easily discernable or separable in the Whole. 'The two droplets merge, and then travel down the windowpane even faster.'",general,35,True,False,Cause_to_amalgamate
Topical fluoride ( applied as toothpaste or as a mouthwash ) blends with saliva to create a bacteria-fighting rinse .,blend,Amalgamation,"These words refer to Parts merging to form a Whole. (The Parts may also be encoded as Part_1 and Part_2.) There is a symmetrical relationship between the components that undergo the process, and afterwards the Parts are consumed and are no longer distinct entities that are easily discernable or separable in the Whole. 'The two droplets merge, and then travel down the windowpane even faster.'",general,20,True,False,Cause_to_amalgamate
"As a military analogy , with the ( political ) campaign as your battleground , the generals at headquarters would gather intelligence , study the enemy , develop overall strategy , and provide hardware and ammunition .",ammunition,Ammunition,A piece of Ammunition is a disposable artifact to be fired as a projectile in a weapon with the purpose of causing harm or damage. 'The octagenarian inventor's vest repels armor-piercing bullets. ' 'It is armed with a automatic loaded 105 mm gun firing anti-tank rounds' 'Depleted uranium munitions are primarily used by the US and the UK.',news_politics,37,True,False,
The supply of exotic animals for dissection was of great importance to anatomists hoping to make their name through exciting discoveries or looking for ammunition to use in theoretical debates .,ammunition,Ammunition,A piece of Ammunition is a disposable artifact to be fired as a projectile in a weapon with the purpose of causing harm or damage. 'The octagenarian inventor's vest repels armor-piercing bullets. ' 'It is armed with a automatic loaded 105 mm gun firing anti-tank rounds' 'Depleted uranium munitions are primarily used by the US and the UK.',general,31,True,False,
"The small arms ammunition has now been retrieved by army bomb disposal experts , but how it came to be buried there remains a mystery .",ammunition,Ammunition,A piece of Ammunition is a disposable artifact to be fired as a projectile in a weapon with the purpose of causing harm or damage. 'The octagenarian inventor's vest repels armor-piercing bullets. ' 'It is armed with a automatic loaded 105 mm gun firing anti-tank rounds' 'Depleted uranium munitions are primarily used by the US and the UK.',general,26,True,False,
"But this May , with six estates of desirable , long held , reasonably estimated , property locked up , auction houses had ammunition to break this cycle .",ammunition,Ammunition,A piece of Ammunition is a disposable artifact to be fired as a projectile in a weapon with the purpose of causing harm or damage. 'The octagenarian inventor's vest repels armor-piercing bullets. ' 'It is armed with a automatic loaded 105 mm gun firing anti-tank rounds' 'Depleted uranium munitions are primarily used by the US and the UK.',general,29,True,False,
"They were repulsed by the South Africans , who , when they ran out of ammunition , charged with bayonets fixed .",ammunition,Ammunition,A piece of Ammunition is a disposable artifact to be fired as a projectile in a weapon with the purpose of causing harm or damage. 'The octagenarian inventor's vest repels armor-piercing bullets. ' 'It is armed with a automatic loaded 105 mm gun firing anti-tank rounds' 'Depleted uranium munitions are primarily used by the US and the UK.',general,22,True,False,
Doogie 's idea of knocking on a door was to impersonate a heavy machine-gun and I 'd never heard him run out of ammunition .,ammunition,Ammunition,A piece of Ammunition is a disposable artifact to be fired as a projectile in a weapon with the purpose of causing harm or damage. 'The octagenarian inventor's vest repels armor-piercing bullets. ' 'It is armed with a automatic loaded 105 mm gun firing anti-tank rounds' 'Depleted uranium munitions are primarily used by the US and the UK.',general,25,True,False,
"However , it could provide ammunition for legal action which Ferranti intends to take against advisers and individuals in an attempt to recover some of the losses it has suffered .",ammunition,Ammunition,A piece of Ammunition is a disposable artifact to be fired as a projectile in a weapon with the purpose of causing harm or damage. 'The octagenarian inventor's vest repels armor-piercing bullets. ' 'It is armed with a automatic loaded 105 mm gun firing anti-tank rounds' 'Depleted uranium munitions are primarily used by the US and the UK.',legal,31,True,False,
"Buffalo , New York A three alarm fire at a house owned by John and Evelyn Bencinich , two of the initiators of a lawsuit filed against the Elmwood Village Hotel proposal in Buffalo , required firefighters to rescue eight cats and two dogs in Buffalo , New York today .",dog,Animals,"The LUs in this frame refer to biological entities other than human beings and plants, which are labeled by the FE Animal. '' 'My husband and I adopted a really sweet dog last year.' 'The cows that live on the farm down the road are always mooing loudly.'",legal,51,True,False,Cotheme
Initial calls said that many animals were inside the house and firefighters quickly worked to rescue all the cats and dogs .,dog,Animals,"The LUs in this frame refer to biological entities other than human beings and plants, which are labeled by the FE Animal. '' 'My husband and I adopted a really sweet dog last year.' 'The cows that live on the farm down the road are always mooing loudly.'",general,22,True,False,Cotheme
"At least one cat and one dog had to receive CPR and oxygen , but both are reported to be in stable condition .",dog,Animals,"The LUs in this frame refer to biological entities other than human beings and plants, which are labeled by the FE Animal. '' 'My husband and I adopted a really sweet dog last year.' 'The cows that live on the farm down the road are always mooing loudly.'",general,24,True,False,Cotheme
One firefighter is being treated for bite injuries to his face that he received while attempting to rescue a dog .,dog,Animals,"The LUs in this frame refer to biological entities other than human beings and plants, which are labeled by the FE Animal. '' 'My husband and I adopted a really sweet dog last year.' 'The cows that live on the farm down the road are always mooing loudly.'",general,21,True,False,Cotheme
"Buffalo , New York A three alarm fire at a house owned by John and Evelyn Bencinich , two of the initiators of a lawsuit filed against the Elmwood Village Hotel proposal in Buffalo , required firefighters to rescue eight cats and two dogs in Buffalo , New York today .",cat,Animals,"The LUs in this frame refer to biological entities other than human beings and plants, which are labeled by the FE Animal. '' 'My husband and I adopted a really sweet dog last year.' 'The cows that live on the farm down the road are always mooing loudly.'",legal,51,True,False,
Initial calls said that many animals were inside the house and firefighters quickly worked to rescue all the cats and dogs .,cat,Animals,"The LUs in this frame refer to biological entities other than human beings and plants, which are labeled by the FE Animal. '' 'My husband and I adopted a really sweet dog last year.' 'The cows that live on the farm down the road are always mooing loudly.'",general,22,True,False,
"At least one cat and one dog had to receive CPR and oxygen , but both are reported to be in stable condition .",cat,Animals,"The LUs in this frame refer to biological entities other than human beings and plants, which are labeled by the FE Animal. '' 'My husband and I adopted a really sweet dog last year.' 'The cows that live on the farm down the road are always mooing loudly.'",general,24,True,False,
"At least 3 cats are unaccounted for , but after a search of the house , the cats were not believed to have been inside at the time the fire started .",cat,Animals,"The LUs in this frame refer to biological entities other than human beings and plants, which are labeled by the FE Animal. '' 'My husband and I adopted a really sweet dog last year.' 'The cows that live on the farm down the road are always mooing loudly.'",general,32,True,False,
"The other firefighter was treated for injuries he received to his hand , which was believed to have been caused by glass or a cat scratching him .",cat,Animals,"The LUs in this frame refer to biological entities other than human beings and plants, which are labeled by the FE Animal. '' 'My husband and I adopted a really sweet dog last year.' 'The cows that live on the farm down the road are always mooing loudly.'",general,28,True,False,
Middi said yesterday : ` I was very annoyed -- they should have had the courtesy to tell us .,annoyed,Annoyance,"An Experiencer, Expressor, or State has a feeling of annoyance as evoked by a Stimulus or concerning a Topic. 'Peck was annoyed at the interruption.' 'Maggie noted his rather irritated expression.'",news_politics,20,True,False,
"We let this carry that out for a month or so , and he was very annoyed about it .",annoyed,Annoyance,"An Experiencer, Expressor, or State has a feeling of annoyance as evoked by a Stimulus or concerning a Topic. 'Peck was annoyed at the interruption.' 'Maggie noted his rather irritated expression.'",daily_life,20,True,False,
"She was still feeling dizzy and sick , and felt very annoyed at herself for almost fainting in Caroline 's flat .",annoyed,Annoyance,"An Experiencer, Expressor, or State has a feeling of annoyance as evoked by a Stimulus or concerning a Topic. 'Peck was annoyed at the interruption.' 'Maggie noted his rather irritated expression.'",daily_life,22,True,False,
I get very annoyed when I read of selfish people trying to persuade you to change an excellent classical music review into a jazz magazine .,annoyed,Annoyance,"An Experiencer, Expressor, or State has a feeling of annoyance as evoked by a Stimulus or concerning a Topic. 'Peck was annoyed at the interruption.' 'Maggie noted his rather irritated expression.'",general,26,True,False,
He 's very annoyed because his lack of education has prevented him from becoming a candidate for Swansea West in the general election .,annoyed,Annoyance,"An Experiencer, Expressor, or State has a feeling of annoyance as evoked by a Stimulus or concerning a Topic. 'Peck was annoyed at the interruption.' 'Maggie noted his rather irritated expression.'",general,24,True,False,
"` He got annoyed when I said that though and said it was n't true , so I 'd like this time to say that although he appears to be very clever on stage and TV , in real life he is extremely stupid . ''",annoyed,Annoyance,"An Experiencer, Expressor, or State has a feeling of annoyance as evoked by a Stimulus or concerning a Topic. 'Peck was annoyed at the interruption.' 'Maggie noted his rather irritated expression.'",general,46,True,False,
The ` Let '' rule has stood since 1880 without too much fuss and I think I might get annoyed if I saw the fifth set in a Wimbledon final decided by a serve which simply hit the net and ` died '' on the receiver 's side .,annoyed,Annoyance,"An Experiencer, Expressor, or State has a feeling of annoyance as evoked by a Stimulus or concerning a Topic. 'Peck was annoyed at the interruption.' 'Maggie noted his rather irritated expression.'",general,49,True,False,
"I am not such a fathead as to attempt to describe the pleasure of eating , but I would draw your attention to the vegetable soup cooked with a hambone ( le garbure ) , to the river trout braised in Henri IV 's favourite Juranon wine , the grilled breast of duck .",braise,Apply_heat,"A Cook applies heat to Food, where the Temperature_setting of the heat and Duration of application may be specified. A Heating_instrument, generally indicated by a locative phrase, may also be expressed. Some cooking methods involve the use of a Medium (e.g. milk or water) by which heat is transferred to the Food. A less semantically prominent Food or Cook is marked Co-participant. 'Sally fried an egg in butter.' 'Sally fried an egg in a teflon pan.' 'Ellen fried the eggs with chopped tomatoes and garlic.' This frame differs from Cooking_creation in focusing on the process of handling the ingredients, rather than the edible entity that results from the process.",general,54,True,False,Absorb_heat
This winter Koffmann has been reinterpreting Cabessal de lievre : instead of stuffing and braising the hare he lightly roasts the fillet and laps it in a deep spicy sauce grand veneur set off by a heap of nutty pates .,braise,Apply_heat,"A Cook applies heat to Food, where the Temperature_setting of the heat and Duration of application may be specified. A Heating_instrument, generally indicated by a locative phrase, may also be expressed. Some cooking methods involve the use of a Medium (e.g. milk or water) by which heat is transferred to the Food. A less semantically prominent Food or Cook is marked Co-participant. 'Sally fried an egg in butter.' 'Sally fried an egg in a teflon pan.' 'Ellen fried the eggs with chopped tomatoes and garlic.' This frame differs from Cooking_creation in focusing on the process of handling the ingredients, rather than the edible entity that results from the process.",general,41,True,False,Absorb_heat
"In the days when Pomiane was writing , chefs did not dream of braising vegetables -- lettuces , leeks , Belgian endives , for example -- without a preliminary blanching .",braise,Apply_heat,"A Cook applies heat to Food, where the Temperature_setting of the heat and Duration of application may be specified. A Heating_instrument, generally indicated by a locative phrase, may also be expressed. Some cooking methods involve the use of a Medium (e.g. milk or water) by which heat is transferred to the Food. A less semantically prominent Food or Cook is marked Co-participant. 'Sally fried an egg in butter.' 'Sally fried an egg in a teflon pan.' 'Ellen fried the eggs with chopped tomatoes and garlic.' This frame differs from Cooking_creation in focusing on the process of handling the ingredients, rather than the edible entity that results from the process.",general,31,True,False,Absorb_heat
Any of these vegetables should be briefly blanched to soften them -- even lettuce which we normally eat raw .,blanch,Apply_heat,"A Cook applies heat to Food, where the Temperature_setting of the heat and Duration of application may be specified. A Heating_instrument, generally indicated by a locative phrase, may also be expressed. Some cooking methods involve the use of a Medium (e.g. milk or water) by which heat is transferred to the Food. A less semantically prominent Food or Cook is marked Co-participant. 'Sally fried an egg in butter.' 'Sally fried an egg in a teflon pan.' 'Ellen fried the eggs with chopped tomatoes and garlic.' This frame differs from Cooking_creation in focusing on the process of handling the ingredients, rather than the edible entity that results from the process.",general,20,True,False,Absorb_heat
"Realizing the serious implications of further disagreement , the ILP National Administrative Council appointed a sub-committee in February 1931 to consider the Party 's relationship with the Labour Party .",appoint,Appointing,"A Selector, often an individual in a leadership role, appoints a Official to assume an official Role in an organization (which can be expressed as the Body). 'Press secretaries accredit journalists to the sessions.'",news_politics,30,True,False,
"To his chagrin , Jane was not appointed to any official position during World War I , and had to be content with privately supporting naval recruiting and propaganda .",appoint,Appointing,"A Selector, often an individual in a leadership role, appoints a Official to assume an official Role in an organization (which can be expressed as the Body). 'Press secretaries accredit journalists to the sessions.'",news_politics,30,True,False,
"At the end of 1900 , on the recommendation of Kew , Butler was appointed to the new post of cryptogamic botanist to the government of India .",appoint,Appointing,"A Selector, often an individual in a leadership role, appoints a Official to assume an official Role in an organization (which can be expressed as the Body). 'Press secretaries accredit journalists to the sessions.'",news_politics,28,True,False,
The Prime Minister and Cabinet are responsible to the Assembly and are appointed to office by the Governor General upon its recommendation .,appoint,Appointing,"A Selector, often an individual in a leadership role, appoints a Official to assume an official Role in an organization (which can be expressed as the Body). 'Press secretaries accredit journalists to the sessions.'",news_politics,23,True,False,
"Together with Gould 's uncle and a William John Martin of Camden Town , Mr Mitchell and Prince were appointed by Gould to act as his attorneys .",appoint,Appointing,"A Selector, often an individual in a leadership role, appoints a Official to assume an official Role in an organization (which can be expressed as the Body). 'Press secretaries accredit journalists to the sessions.'",general,28,True,False,
"Master Michael was also , by 1312 , in charge of the building works of the Black Friars of London , and in 1316 was appointed to head a commission for paving the City .",appoint,Appointing,"A Selector, often an individual in a leadership role, appoints a Official to assume an official Role in an organization (which can be expressed as the Body). 'Press secretaries accredit journalists to the sessions.'",general,35,True,False,
Major Minnies was the political agent appointed to advise the Nawab and the rulers of some adjacent small states on matters of policy .,appoint,Appointing,"A Selector, often an individual in a leadership role, appoints a Official to assume an official Role in an organization (which can be expressed as the Body). 'Press secretaries accredit journalists to the sessions.'",news_politics,24,True,False,
"The room had a fireplace , sink , cooker and another feature which seemed to particularly arouse the curiosity of our visitor : an enamel bath below the window .",fireplace,Architectural_part,An entity is integrated into a building as a Part of a (possibly unexpressed) Whole which may refer to the whole building or merely to a sub-part of the building. 'We need new counters for the kitchen' 'The storm ripped off the bathroom's roof',daily_life,30,True,False,
"My room , like the front , was lit by a gas jet and had a small cast-iron fireplace , though fires were only lit when someone was seriously ill .",fireplace,Architectural_part,An entity is integrated into a building as a Part of a (possibly unexpressed) Whole which may refer to the whole building or merely to a sub-part of the building. 'We need new counters for the kitchen' 'The storm ripped off the bathroom's roof',daily_life,31,True,False,
"The cosy dining room has a lovely Jacobean fireplace , and a separate bar is decorated with an array of dried herbs grown in the herb garden .",fireplace,Architectural_part,An entity is integrated into a building as a Part of a (possibly unexpressed) Whole which may refer to the whole building or merely to a sub-part of the building. 'We need new counters for the kitchen' 'The storm ripped off the bathroom's roof',daily_life,28,True,False,
"The surroundings afforded by the meeting room in the Palace of Westminster , with its noble carved stone fireplace , its dark oak panelling and its traditional atmosphere of authority gave the proceedings a dignity which the announcements of Samuel , Woolton and others had lacked .",fireplace,Architectural_part,An entity is integrated into a building as a Part of a (possibly unexpressed) Whole which may refer to the whole building or merely to a sub-part of the building. 'We need new counters for the kitchen' 'The storm ripped off the bathroom's roof',daily_life,47,True,False,
"In front of an open fireplace in the hall , a couple of large leather armchairs were occupied by two men in dark suits .",fireplace,Architectural_part,An entity is integrated into a building as a Part of a (possibly unexpressed) Whole which may refer to the whole building or merely to a sub-part of the building. 'We need new counters for the kitchen' 'The storm ripped off the bathroom's roof',general,25,True,False,
"And she knew what chimney was meant ; the huge stone fireplace in the kitchen , large enough to roast an ox , with its stone seats cut into its sides , where a man might hide himself .",fireplace,Architectural_part,An entity is integrated into a building as a Part of a (possibly unexpressed) Whole which may refer to the whole building or merely to a sub-part of the building. 'We need new counters for the kitchen' 'The storm ripped off the bathroom's roof',general,39,True,False,
"I wo n't go banging on about the open fireplace again , but to my mind that was certainly one of them .",fireplace,Architectural_part,An entity is integrated into a building as a Part of a (possibly unexpressed) Whole which may refer to the whole building or merely to a sub-part of the building. 'We need new counters for the kitchen' 'The storm ripped off the bathroom's roof',general,23,True,False,
On Saturday Basingstoke don the armour of St Michael as they take on Torquay at home in the second round of the FA Cup .,armor,Armor,"An Asset, the safety of which is desirable, is protected from damage by a covering, the Armor. The Armor covers part or all of the Asset and is designed to absorb force from an oncoming Danger. 'They were wearing nothing but primitive wooden armor.' 'An extra level of safety is provided by the soldiers' ballistic armor.'",daily_life,25,True,False,
"The sight of him standing there smoking made me realize how little any of us in Benedict 's knew what he was really like as a man , once out of the defensive armour of his white coat .",armor,Armor,"An Asset, the safety of which is desirable, is protected from damage by a covering, the Armor. The Armor covers part or all of the Asset and is designed to absorb force from an oncoming Danger. 'They were wearing nothing but primitive wooden armor.' 'An extra level of safety is provided by the soldiers' ballistic armor.'",general,39,True,False,
"In his armour and white surcoat , surrounded by the yeomen of his guard , Henry resembled some crusader off on Holy War .",armor,Armor,"An Asset, the safety of which is desirable, is protected from damage by a covering, the Armor. The Armor covers part or all of the Asset and is designed to absorb force from an oncoming Danger. 'They were wearing nothing but primitive wooden armor.' 'An extra level of safety is provided by the soldiers' ballistic armor.'",news_politics,24,True,False,
"A knight displays the emblems of his order on his armour and shield , and the style of his armour and dress follow a traditional design .",armor,Armor,"An Asset, the safety of which is desirable, is protected from damage by a covering, the Armor. The Armor covers part or all of the Asset and is designed to absorb force from an oncoming Danger. 'They were wearing nothing but primitive wooden armor.' 'An extra level of safety is provided by the soldiers' ballistic armor.'",general,27,True,False,
"Hilda Amiel , alleged to be the very godmother of fake art , has been arraigned for her part in what the US Attorney calls the ` single largest worldwide source and distribution network of bogus prints "" .",arraign,Arraignment,"At a court hearing, a Defendant is informed of the Charges against him or her, (usually) enters a plea, and a decision is made by a Judge as to the amount of bail, if any. '' 'Mortimer and Isabella were hurried off and arraigned before parliament in November.' 'If the court rejects the appeal, the 19 young men facearraignment on murder charges before the tribunal in the southern city of Port Harcourt.'",general,39,True,False,
Police Court trials usually included a miscellaneous collection of well-known ne'er-do-wells picked up over the weekend and arraigned on Monday morning to face drunk and disorderly charges .,arraign,Arraignment,"At a court hearing, a Defendant is informed of the Charges against him or her, (usually) enters a plea, and a decision is made by a Judge as to the amount of bail, if any. '' 'Mortimer and Isabella were hurried off and arraigned before parliament in November.' 'If the court rejects the appeal, the 19 young men facearraignment on murder charges before the tribunal in the southern city of Port Harcourt.'",legal,28,True,False,
"The year 1930 saw a bewildering and rapid sequence of events : Bruno Fricke was arraigned for court martial , there was a string of resignations , public rows and even expulsions .",arraign,Arraignment,"At a court hearing, a Defendant is informed of the Charges against him or her, (usually) enters a plea, and a decision is made by a Judge as to the amount of bail, if any. '' 'Mortimer and Isabella were hurried off and arraigned before parliament in November.' 'If the court rejects the appeal, the 19 young men facearraignment on murder charges before the tribunal in the southern city of Port Harcourt.'",news_politics,33,True,False,
He was arraigned on three different charges and sentenced to three periods of one year 's imprisonment with hard labour to run consecutively .,arraign,Arraignment,"At a court hearing, a Defendant is informed of the Charges against him or her, (usually) enters a plea, and a decision is made by a Judge as to the amount of bail, if any. '' 'Mortimer and Isabella were hurried off and arraigned before parliament in November.' 'If the court rejects the appeal, the 19 young men facearraignment on murder charges before the tribunal in the southern city of Port Harcourt.'",general,24,True,False,
He was arraigned on eight counts of treason before Sir Travers Humphreys [ q.v. ] at the Old Bailey on 28 November 1945 .,arraign,Arraignment,"At a court hearing, a Defendant is informed of the Charges against him or her, (usually) enters a plea, and a decision is made by a Judge as to the amount of bail, if any. '' 'Mortimer and Isabella were hurried off and arraigned before parliament in November.' 'If the court rejects the appeal, the 19 young men facearraignment on murder charges before the tribunal in the southern city of Port Harcourt.'",general,24,True,False,
"Two days later she was arraigned for violating the new law , although her case was overtaken by challenges to the constitutionality of the legislation .",arraign,Arraignment,"At a court hearing, a Defendant is informed of the Charges against him or her, (usually) enters a plea, and a decision is made by a Judge as to the amount of bail, if any. '' 'Mortimer and Isabella were hurried off and arraigned before parliament in November.' 'If the court rejects the appeal, the 19 young men facearraignment on murder charges before the tribunal in the southern city of Port Harcourt.'",legal,26,True,False,
"Government forces had arrested 734 "" bandits "" operating in the Gojjam area of north-western Ethiopia and a further 112 in the Wollo area in the north , according to Voice of Ethiopia on Nov. 14 .",arrest,Arrest,"Authorities charge a Suspect, who is under suspicion of having committed a crime (the Charges), and take him/her into custody.'The police arrested Harry on charges of manslaughter.'",news_politics,37,True,False,Cause_to_end
"Irish detectives arrested James Rudman at a remote farmhouse in Co Kerry last month , just an hour before he would have been legally free because of a loophole in the law .",arrest,Arrest,"Authorities charge a Suspect, who is under suspicion of having committed a crime (the Charges), and take him/her into custody.'The police arrested Harry on charges of manslaughter.'",legal,33,True,False,Cause_to_end
"He 's been arrested 32 times for shoplifting , but each time magistrates ruled the offences were n't serious enough for him to be detained , where he might have got the treatment he needs .",arrest,Arrest,"Authorities charge a Suspect, who is under suspicion of having committed a crime (the Charges), and take him/her into custody.'The police arrested Harry on charges of manslaughter.'",general,36,True,False,Cause_to_end
"Again whilst saying the sun has charm at dawn , and is fine at noon , it is ‘ often better at about three and is … frequently exquisitely beautiful on the approach of evening . ’",approach,Arriving,"An object Theme moves in the direction of a Goal. The Goal may be expressed or it may be understood from context, but its is always implied by the verb itself. '' 'Some students arrived at the school on Sunday.' 'It was his arrival at Nijmegen in 837 that made the Vikings withdraw.'",general,37,True,False,Means
"The Halflings were cut down to a man , and only a few Knights Panther escaped to warn the Emperor Sigismund of the impending approach of the Orc horde .",approach,Arriving,"An object Theme moves in the direction of a Goal. The Goal may be expressed or it may be understood from context, but its is always implied by the verb itself. '' 'Some students arrived at the school on Sunday.' 'It was his arrival at Nijmegen in 837 that made the Vikings withdraw.'",news_politics,30,True,False,Means
"Male lesser waxmoths and bush katydids call to their mates using ultrasound , but avoid being overheard by ceasing their courtship sounds as soon as they sense the approach of a bat .",approach,Arriving,"An object Theme moves in the direction of a Goal. The Goal may be expressed or it may be understood from context, but its is always implied by the verb itself. '' 'Some students arrived at the school on Sunday.' 'It was his arrival at Nijmegen in 837 that made the Vikings withdraw.'",news_politics,33,True,False,Means
"They slipped through the museum like ghosts dodging the approach of dawn , all but ignoring the Arawak and Spanish exhibits .",approach,Arriving,"An object Theme moves in the direction of a Goal. The Goal may be expressed or it may be understood from context, but its is always implied by the verb itself. '' 'Some students arrived at the school on Sunday.' 'It was his arrival at Nijmegen in 837 that made the Vikings withdraw.'",general,22,True,False,Means
"Particles moved up the beach by the breaking waves do so normal to the direction of approach of the waves , but they roll down in the direction of the steepest beach gradient .",approach,Arriving,"An object Theme moves in the direction of a Goal. The Goal may be expressed or it may be understood from context, but its is always implied by the verb itself. '' 'Some students arrived at the school on Sunday.' 'It was his arrival at Nijmegen in 837 that made the Vikings withdraw.'",general,34,True,False,Means
` Perhaps it is a sign of the approach of middle age in your reporter by the supper did not seem to be as good this year .,approach,Arriving,"An object Theme moves in the direction of a Goal. The Goal may be expressed or it may be understood from context, but its is always implied by the verb itself. '' 'Some students arrived at the school on Sunday.' 'It was his arrival at Nijmegen in 837 that made the Vikings withdraw.'",general,28,True,False,Means
It will also seem strange not to hear familiar strident two-tone horn of the diesel locomotives warning of their approach at Depot road/rail crossings .,approach,Arriving,"An object Theme moves in the direction of a Goal. The Goal may be expressed or it may be understood from context, but its is always implied by the verb itself. '' 'Some students arrived at the school on Sunday.' 'It was his arrival at Nijmegen in 837 that made the Vikings withdraw.'",news_politics,25,True,False,Means
"The Company made a 60-mile withdrawal to the beach at Betano and were picked up with Portuguese and Dutch civilians evacuated at the same time , the relief ships being bombed during their approach for this night landing .",approach,Arriving,"An object Theme moves in the direction of a Goal. The Goal may be expressed or it may be understood from context, but its is always implied by the verb itself. '' 'Some students arrived at the school on Sunday.' 'It was his arrival at Nijmegen in 837 that made the Vikings withdraw.'",business,39,True,False,Means
"Two weeks earlier , on March 15 , Mehrdad Kowkabi , an Iranian student held in the UK for 15 months , had been deported after a court dropped charges of arson against him , and Iranian officials had been quoted as saying that the government might respond to this "" positive step "" by releasing Cooper .",arson,Arson,"A Perpetrator intentionally sets fire to his own or someone else's property, often in order to collect an insurance payment on this property. 'Two men were charged with arson.'",news_politics,58,True,False,Offenses
"There was rioting and arson at Nottingham and Derby , Worcester and Bath , and finally on 29 October the city centre at Bristol was sacked by an angry mob in the worst riots of the year .",arson,Arson,"A Perpetrator intentionally sets fire to his own or someone else's property, often in order to collect an insurance payment on this property. 'Two men were charged with arson.'",general,38,True,False,Offenses
Public discontent with the government 's economic policies [ see p. 38363 ] reportedly provoked an outbreak of arson at Tehran 's main bazaar and 15 others across the country in late July and August .,arson,Arson,"A Perpetrator intentionally sets fire to his own or someone else's property, often in order to collect an insurance payment on this property. 'Two men were charged with arson.'",news_politics,36,True,False,Offenses
In the case of fire the usual careful consideration should be given to the cause of the fire to ensure that arson by the policyholder is not suspected .,arson,Arson,"A Perpetrator intentionally sets fire to his own or someone else's property, often in order to collect an insurance payment on this property. 'Two men were charged with arson.'",news_politics,29,True,False,Offenses
"Born in Venezuela , educated in Mexico City , then at Lumumba University , then in a Communist training camp in North Korea , he had become the founder of Direct Action in Berlin , an anarchist group that had bombed and robbed , committed arson and murder and brutal kidnappings .",arson,Arson,"A Perpetrator intentionally sets fire to his own or someone else's property, often in order to collect an insurance payment on this property. 'Two men were charged with arson.'",general,52,True,False,Offenses
"There 's been another arson attack on a local school , the second to be targetted in two days .",arson,Arson,"A Perpetrator intentionally sets fire to his own or someone else's property, often in order to collect an insurance payment on this property. 'Two men were charged with arson.'",general,20,True,False,Offenses
Farmers are being warned to be on their guard following eight arson attacks on farms in Hereford and Worcester in the space of two days .,arson,Arson,"A Perpetrator intentionally sets fire to his own or someone else's property, often in order to collect an insurance payment on this property. 'Two men were charged with arson.'",news_politics,26,True,False,Offenses
"Since the signing of these agreements , the United States has continuously expressed its opposition to the Bushehr deal because of fears that the deal could provide Iran with knowledge and technology to support a nuclear weapons program .",technology,Artifact,"An Artifact is deliberately made or modified by an intelligent entity to be put to a certain kind of Use. Various properties of the Artifact may be specified, such as its Creator, Time_of_creation, Name, Type, and the Material of which it is composed. The Artifact may or may not be a physical entity. 'There are reports that Kim Il Sung asked China to share its nuclear weapons technology.'",general,39,True,False,Gizmo
"Despite many technical delays ( misfit of original Siemens equipment with Russian technology ) and efforts by the United States to stall the project , frequently by lobbying the Russia government for the cancellation of the deal , most notably during the Gore - Chernomyrdin Commission meetings , the facility is nearing completion .",technology,Artifact,"An Artifact is deliberately made or modified by an intelligent entity to be put to a certain kind of Use. Various properties of the Artifact may be specified, such as its Creator, Time_of_creation, Name, Type, and the Material of which it is composed. The Artifact may or may not be a physical entity. 'There are reports that Kim Il Sung asked China to share its nuclear weapons technology.'",news_politics,54,True,False,Gizmo
"Middle East Defense News reports that AKU has been used as a front company to purchase the following equipment from the United States : computers , Unix software , and training from NCR , Apple Computer , and Sun Microsystems , and neutron - shielding from Reactor Experiments , Inc . None of these technologies appears to be directly related to biological weapons .",technology,Artifact,"An Artifact is deliberately made or modified by an intelligent entity to be put to a certain kind of Use. Various properties of the Artifact may be specified, such as its Creator, Time_of_creation, Name, Type, and the Material of which it is composed. The Artifact may or may not be a physical entity. 'There are reports that Kim Il Sung asked China to share its nuclear weapons technology.'",news_politics,64,True,False,Gizmo
"For instance , the NRCGEB 's research in recombinant DNA technologies , genetic engineering , and DNA vaccine production could conceivably be utilized to increase the virulence or resistance of select pathogens .",technology,Artifact,"An Artifact is deliberately made or modified by an intelligent entity to be put to a certain kind of Use. Various properties of the Artifact may be specified, such as its Creator, Time_of_creation, Name, Type, and the Material of which it is composed. The Artifact may or may not be a physical entity. 'There are reports that Kim Il Sung asked China to share its nuclear weapons technology.'",science_medical,33,True,False,Gizmo
"Furthermore , Iran clearly possesses technology useful for producing biological weapons ( as will be elucidated in the Facilities section of this profile ) .",technology,Artifact,"An Artifact is deliberately made or modified by an intelligent entity to be put to a certain kind of Use. Various properties of the Artifact may be specified, such as its Creator, Time_of_creation, Name, Type, and the Material of which it is composed. The Artifact may or may not be a physical entity. 'There are reports that Kim Il Sung asked China to share its nuclear weapons technology.'",general,25,True,False,Gizmo
"According to the National Council of Resistance of Iran , Iran has purchased dual - use equipment using the science and technology center at Amir Kabir University as a cover .",technology,Artifact,"An Artifact is deliberately made or modified by an intelligent entity to be put to a certain kind of Use. Various properties of the Artifact may be specified, such as its Creator, Time_of_creation, Name, Type, and the Material of which it is composed. The Artifact may or may not be a physical entity. 'There are reports that Kim Il Sung asked China to share its nuclear weapons technology.'",news_politics,31,True,False,Gizmo
"The stained-glass windows inside , and the black wrought iron and living or artificial flowers outside , contribute vivid accents .",artificial,Artificiality,"An Entity is evaluated for whether or not it belongs to a particular Reference_category in a context where its category membership is doubtful. The criterion or criteria that are relevant to evaluating Reference_category membership depend on the individual lexical units and/or on the context. Typically, either the material composition of the Entity, its method of creation, or the identity (and proper authority) of its creators are critical for proper category membership. Note that Entity also covers behaviors. 'It can be hard to get your money back after discovering you've bought a bogus autograph for hundreds or thousands of dollars! ' 'It can be hard to get your money back after discovering you've bought a BOGUS autograph for hundreds or thousands of dollars! ' 'A bogus policeman pulling over motorists was arrested after stopping a car carrying four real officers.' 'A BOGUS policeman pulling over motorists was arrested after stopping a car carrying four real officers.' 'You people are pretty thick if you think you have evidence to prove that the moon landing was fake.' 'You people are pretty thick if you think you have evidence to prove that the moon landing was fake.'",general,21,True,False,
"Someone , something , moved in the dark shadows by the empty fire-grate , filled in summer with a copper jug stuffed full of artificial flowers .",artificial,Artificiality,"An Entity is evaluated for whether or not it belongs to a particular Reference_category in a context where its category membership is doubtful. The criterion or criteria that are relevant to evaluating Reference_category membership depend on the individual lexical units and/or on the context. Typically, either the material composition of the Entity, its method of creation, or the identity (and proper authority) of its creators are critical for proper category membership. Note that Entity also covers behaviors. 'It can be hard to get your money back after discovering you've bought a bogus autograph for hundreds or thousands of dollars! ' 'It can be hard to get your money back after discovering you've bought a BOGUS autograph for hundreds or thousands of dollars! ' 'A bogus policeman pulling over motorists was arrested after stopping a car carrying four real officers.' 'A BOGUS policeman pulling over motorists was arrested after stopping a car carrying four real officers.' 'You people are pretty thick if you think you have evidence to prove that the moon landing was fake.' 'You people are pretty thick if you think you have evidence to prove that the moon landing was fake.'",general,27,True,False,
"At about the same time , Nadia Thalmann began work on a new project at the University of Geneva , animating synthetic actors using artificial intelligence and robotics .",artificial,Artificiality,"An Entity is evaluated for whether or not it belongs to a particular Reference_category in a context where its category membership is doubtful. The criterion or criteria that are relevant to evaluating Reference_category membership depend on the individual lexical units and/or on the context. Typically, either the material composition of the Entity, its method of creation, or the identity (and proper authority) of its creators are critical for proper category membership. Note that Entity also covers behaviors. 'It can be hard to get your money back after discovering you've bought a bogus autograph for hundreds or thousands of dollars! ' 'It can be hard to get your money back after discovering you've bought a BOGUS autograph for hundreds or thousands of dollars! ' 'A bogus policeman pulling over motorists was arrested after stopping a car carrying four real officers.' 'A BOGUS policeman pulling over motorists was arrested after stopping a car carrying four real officers.' 'You people are pretty thick if you think you have evidence to prove that the moon landing was fake.' 'You people are pretty thick if you think you have evidence to prove that the moon landing was fake.'",general,29,True,False,
"The field of artificial intelligence spans a range of topics which include expert systems , computer vision , speech recognition , natural language understanding and intelligent tutoring systems .",artificial,Artificiality,"An Entity is evaluated for whether or not it belongs to a particular Reference_category in a context where its category membership is doubtful. The criterion or criteria that are relevant to evaluating Reference_category membership depend on the individual lexical units and/or on the context. Typically, either the material composition of the Entity, its method of creation, or the identity (and proper authority) of its creators are critical for proper category membership. Note that Entity also covers behaviors. 'It can be hard to get your money back after discovering you've bought a bogus autograph for hundreds or thousands of dollars! ' 'It can be hard to get your money back after discovering you've bought a BOGUS autograph for hundreds or thousands of dollars! ' 'A bogus policeman pulling over motorists was arrested after stopping a car carrying four real officers.' 'A BOGUS policeman pulling over motorists was arrested after stopping a car carrying four real officers.' 'You people are pretty thick if you think you have evidence to prove that the moon landing was fake.' 'You people are pretty thick if you think you have evidence to prove that the moon landing was fake.'",general,29,True,False,
"Bedworth , now studying artificial intelligence at Edinburgh University , denies three conspiracy charges under the Computer Misuse Act 1990 alleging unauthorised modification of computer information , securing unauthorised access to computer information and obtaining telegraphic services unlawfully .",artificial,Artificiality,"An Entity is evaluated for whether or not it belongs to a particular Reference_category in a context where its category membership is doubtful. The criterion or criteria that are relevant to evaluating Reference_category membership depend on the individual lexical units and/or on the context. Typically, either the material composition of the Entity, its method of creation, or the identity (and proper authority) of its creators are critical for proper category membership. Note that Entity also covers behaviors. 'It can be hard to get your money back after discovering you've bought a bogus autograph for hundreds or thousands of dollars! ' 'It can be hard to get your money back after discovering you've bought a BOGUS autograph for hundreds or thousands of dollars! ' 'A bogus policeman pulling over motorists was arrested after stopping a car carrying four real officers.' 'A BOGUS policeman pulling over motorists was arrested after stopping a car carrying four real officers.' 'You people are pretty thick if you think you have evidence to prove that the moon landing was fake.' 'You people are pretty thick if you think you have evidence to prove that the moon landing was fake.'",legal,39,True,False,
"But in the absence of any artificial light source , it would be very unusual to hear any of our songbirds in full song at night -- except , of course , for the nightingale .",artificial,Artificiality,"An Entity is evaluated for whether or not it belongs to a particular Reference_category in a context where its category membership is doubtful. The criterion or criteria that are relevant to evaluating Reference_category membership depend on the individual lexical units and/or on the context. Typically, either the material composition of the Entity, its method of creation, or the identity (and proper authority) of its creators are critical for proper category membership. Note that Entity also covers behaviors. 'It can be hard to get your money back after discovering you've bought a bogus autograph for hundreds or thousands of dollars! ' 'It can be hard to get your money back after discovering you've bought a BOGUS autograph for hundreds or thousands of dollars! ' 'A bogus policeman pulling over motorists was arrested after stopping a car carrying four real officers.' 'A BOGUS policeman pulling over motorists was arrested after stopping a car carrying four real officers.' 'You people are pretty thick if you think you have evidence to prove that the moon landing was fake.' 'You people are pretty thick if you think you have evidence to prove that the moon landing was fake.'",general,36,True,False,
"Olive Edis is significant technically because she refused to use artificial light , was one of the first to use early colour photography ( Autochrome ) and cinematography -- movies .",artificial,Artificiality,"An Entity is evaluated for whether or not it belongs to a particular Reference_category in a context where its category membership is doubtful. The criterion or criteria that are relevant to evaluating Reference_category membership depend on the individual lexical units and/or on the context. Typically, either the material composition of the Entity, its method of creation, or the identity (and proper authority) of its creators are critical for proper category membership. Note that Entity also covers behaviors. 'It can be hard to get your money back after discovering you've bought a bogus autograph for hundreds or thousands of dollars! ' 'It can be hard to get your money back after discovering you've bought a BOGUS autograph for hundreds or thousands of dollars! ' 'A bogus policeman pulling over motorists was arrested after stopping a car carrying four real officers.' 'A BOGUS policeman pulling over motorists was arrested after stopping a car carrying four real officers.' 'You people are pretty thick if you think you have evidence to prove that the moon landing was fake.' 'You people are pretty thick if you think you have evidence to prove that the moon landing was fake.'",general,31,True,False,
"If he accepts the goods , the damages are assessed as if it were a breach of warranty , section 53 .",assess,Assessing,"An Assessor examines a Phenomenon to figure out its Value according to some Feature of the Phenomenon. This Value is a factor in determining the acceptability of the Phenomenon. In some cases, a Method (implicitly involving an Assessor) is used to determine the Phenomenon's Value. 'Each company is then evaluated for their earning potential. CNI ' 'From the evidence of the pilot studies the risk of damage to the test subjects was rated too high to continue. CNI' 'He weighed his options carefully.'",news_politics,22,True,False,
"It also says major applications will be made available on plug-in cards but , as always , computer buyers should only assess what they can see , not what might turn up who-knows-when .",assess,Assessing,"An Assessor examines a Phenomenon to figure out its Value according to some Feature of the Phenomenon. This Value is a factor in determining the acceptability of the Phenomenon. In some cases, a Method (implicitly involving an Assessor) is used to determine the Phenomenon's Value. 'Each company is then evaluated for their earning potential. CNI ' 'From the evidence of the pilot studies the risk of damage to the test subjects was rated too high to continue. CNI' 'He weighed his options carefully.'",daily_life,34,True,False,
These people now face annual medical inspection for the rest of their lives to assess what the radiation may have bequeathed to them in terms of a legacy of cancer or birth defects .,assess,Assessing,"An Assessor examines a Phenomenon to figure out its Value according to some Feature of the Phenomenon. This Value is a factor in determining the acceptability of the Phenomenon. In some cases, a Method (implicitly involving an Assessor) is used to determine the Phenomenon's Value. 'Each company is then evaluated for their earning potential. CNI ' 'From the evidence of the pilot studies the risk of damage to the test subjects was rated too high to continue. CNI' 'He weighed his options carefully.'",science_medical,34,True,False,
"At the same time , he will be able to assess the impact on a firm of a change in its marketing strategy , for example a change from sales to production subsidiaries abroad .",assess,Assessing,"An Assessor examines a Phenomenon to figure out its Value according to some Feature of the Phenomenon. This Value is a factor in determining the acceptability of the Phenomenon. In some cases, a Method (implicitly involving an Assessor) is used to determine the Phenomenon's Value. 'Each company is then evaluated for their earning potential. CNI ' 'From the evidence of the pilot studies the risk of damage to the test subjects was rated too high to continue. CNI' 'He weighed his options carefully.'",business,35,True,False,
"From April 1993 , social services will be responsible for assessing the needs of people , who may require residential or nursing home care .",assess,Assessing,"An Assessor examines a Phenomenon to figure out its Value according to some Feature of the Phenomenon. This Value is a factor in determining the acceptability of the Phenomenon. In some cases, a Method (implicitly involving an Assessor) is used to determine the Phenomenon's Value. 'Each company is then evaluated for their earning potential. CNI ' 'From the evidence of the pilot studies the risk of damage to the test subjects was rated too high to continue. CNI' 'He weighed his options carefully.'",daily_life,25,True,False,
Whatever the nature of the amenities lost the court has to assess the effect of the deprivation of those amenities upon the particular plaintiff .,assess,Assessing,"An Assessor examines a Phenomenon to figure out its Value according to some Feature of the Phenomenon. This Value is a factor in determining the acceptability of the Phenomenon. In some cases, a Method (implicitly involving an Assessor) is used to determine the Phenomenon's Value. 'Each company is then evaluated for their earning potential. CNI ' 'From the evidence of the pilot studies the risk of damage to the test subjects was rated too high to continue. CNI' 'He weighed his options carefully.'",news_politics,25,True,False,
"He will assess the effect of the proposed change on that sub-system , the interfaces with other sub-systems and information held in files on the computer , and the amount of work involved in undertaking the change .",assess,Assessing,"An Assessor examines a Phenomenon to figure out its Value according to some Feature of the Phenomenon. This Value is a factor in determining the acceptability of the Phenomenon. In some cases, a Method (implicitly involving an Assessor) is used to determine the Phenomenon's Value. 'Each company is then evaluated for their earning potential. CNI ' 'From the evidence of the pilot studies the risk of damage to the test subjects was rated too high to continue. CNI' 'He weighed his options carefully.'",general,38,True,False,
Some of the injured had to be transferred to Middlesbrough General Hospital because no scanner was available at Darlington to assess the extent of their head injuries .,assess,Assessing,"An Assessor examines a Phenomenon to figure out its Value according to some Feature of the Phenomenon. This Value is a factor in determining the acceptability of the Phenomenon. In some cases, a Method (implicitly involving an Assessor) is used to determine the Phenomenon's Value. 'Each company is then evaluated for their earning potential. CNI ' 'From the evidence of the pilot studies the risk of damage to the test subjects was rated too high to continue. CNI' 'He weighed his options carefully.'",general,28,True,False,
The comparative merits of barium enema examination and colonoscopy in the investigation of iron deficiency anaemia have not been assessed in this study .,assess,Assessing,"An Assessor examines a Phenomenon to figure out its Value according to some Feature of the Phenomenon. This Value is a factor in determining the acceptability of the Phenomenon. In some cases, a Method (implicitly involving an Assessor) is used to determine the Phenomenon's Value. 'Each company is then evaluated for their earning potential. CNI ' 'From the evidence of the pilot studies the risk of damage to the test subjects was rated too high to continue. CNI' 'He weighed his options carefully.'",general,24,True,False,
"Dr Alix Thom , of Foster Wheeler Wood Group , is currently assisting the university in the initial planning of the Alumni Association , along with Carol Campbell , who has been appointed alumni officer .",assist,Assistance,A Helper benefits a Benefited_party by enabling the culmination of a Goal that the Benefited_party has. A Focal_entity that is involved in reaching the Goal may stand in for it. This Frame has unique Frame-to-Frame Relations: it inherits from and uses the Intentionally_act frame. This is atypical of FrameNet's frame relations. 'Will you help the Government find your brother?' 'Maybe Stephen should assist him with the last manuscript.' 'They helped me psychologically to overcome the physical loss I had suffered.' 'You have helped him tremendously by showing him how to stand up for himself and by being his friend.' 'By bringing assistance to his troops wherever they were in trouble he aided them greatly.',daily_life,36,True,False,
"Behind the scenes pupils assisted with scene shifting , props , makeup or designing the attractive wall displays and posters .",assist,Assistance,A Helper benefits a Benefited_party by enabling the culmination of a Goal that the Benefited_party has. A Focal_entity that is involved in reaching the Goal may stand in for it. This Frame has unique Frame-to-Frame Relations: it inherits from and uses the Intentionally_act frame. This is atypical of FrameNet's frame relations. 'Will you help the Government find your brother?' 'Maybe Stephen should assist him with the last manuscript.' 'They helped me psychologically to overcome the physical loss I had suffered.' 'You have helped him tremendously by showing him how to stand up for himself and by being his friend.' 'By bringing assistance to his troops wherever they were in trouble he aided them greatly.',general,21,True,False,
"This example letter outlines how we may assist a client with an acquisition , involving acquisition search , targeting , approach and completion , ie a full deal management service .",assist,Assistance,A Helper benefits a Benefited_party by enabling the culmination of a Goal that the Benefited_party has. A Focal_entity that is involved in reaching the Goal may stand in for it. This Frame has unique Frame-to-Frame Relations: it inherits from and uses the Intentionally_act frame. This is atypical of FrameNet's frame relations. 'Will you help the Government find your brother?' 'Maybe Stephen should assist him with the last manuscript.' 'They helped me psychologically to overcome the physical loss I had suffered.' 'You have helped him tremendously by showing him how to stand up for himself and by being his friend.' 'By bringing assistance to his troops wherever they were in trouble he aided them greatly.',general,31,True,False,
"On Aug. 28 , it was reported that some 1,000 Italian troops would assist with the distribution of US$85,000,000 worth of Italian food aid , sufficient to meet Albania 's requirement for three months .",assist,Assistance,A Helper benefits a Benefited_party by enabling the culmination of a Goal that the Benefited_party has. A Focal_entity that is involved in reaching the Goal may stand in for it. This Frame has unique Frame-to-Frame Relations: it inherits from and uses the Intentionally_act frame. This is atypical of FrameNet's frame relations. 'Will you help the Government find your brother?' 'Maybe Stephen should assist him with the last manuscript.' 'They helped me psychologically to overcome the physical loss I had suffered.' 'You have helped him tremendously by showing him how to stand up for himself and by being his friend.' 'By bringing assistance to his troops wherever they were in trouble he aided them greatly.',daily_life,35,True,False,
"I notice in your "" dedication "" , you spoke of some external , European friends who assisted you , for the first time , to write , without tears and pain .",assist,Assistance,A Helper benefits a Benefited_party by enabling the culmination of a Goal that the Benefited_party has. A Focal_entity that is involved in reaching the Goal may stand in for it. This Frame has unique Frame-to-Frame Relations: it inherits from and uses the Intentionally_act frame. This is atypical of FrameNet's frame relations. 'Will you help the Government find your brother?' 'Maybe Stephen should assist him with the last manuscript.' 'They helped me psychologically to overcome the physical loss I had suffered.' 'You have helped him tremendously by showing him how to stand up for himself and by being his friend.' 'By bringing assistance to his troops wherever they were in trouble he aided them greatly.',daily_life,33,True,False,
"` What she wishes to ask you , my son , "" his father interpreted this high praise , ` is whether you will assist Monsieur Boris in the preparations for the ball on Saturday ? """,assist,Assistance,A Helper benefits a Benefited_party by enabling the culmination of a Goal that the Benefited_party has. A Focal_entity that is involved in reaching the Goal may stand in for it. This Frame has unique Frame-to-Frame Relations: it inherits from and uses the Intentionally_act frame. This is atypical of FrameNet's frame relations. 'Will you help the Government find your brother?' 'Maybe Stephen should assist him with the last manuscript.' 'They helped me psychologically to overcome the physical loss I had suffered.' 'You have helped him tremendously by showing him how to stand up for himself and by being his friend.' 'By bringing assistance to his troops wherever they were in trouble he aided them greatly.',general,37,True,False,
"Or if we find that a grand-daughter is assisting her own mother in caring for an elderly parent , whom is the granddaughter helping ?",assist,Assistance,A Helper benefits a Benefited_party by enabling the culmination of a Goal that the Benefited_party has. A Focal_entity that is involved in reaching the Goal may stand in for it. This Frame has unique Frame-to-Frame Relations: it inherits from and uses the Intentionally_act frame. This is atypical of FrameNet's frame relations. 'Will you help the Government find your brother?' 'Maybe Stephen should assist him with the last manuscript.' 'They helped me psychologically to overcome the physical loss I had suffered.' 'You have helped him tremendously by showing him how to stand up for himself and by being his friend.' 'By bringing assistance to his troops wherever they were in trouble he aided them greatly.',daily_life,25,True,False,
"Two of the sons , William and Henry , assisted their father at the Carville works , designing towers for acid plants .",assist,Assistance,A Helper benefits a Benefited_party by enabling the culmination of a Goal that the Benefited_party has. A Focal_entity that is involved in reaching the Goal may stand in for it. This Frame has unique Frame-to-Frame Relations: it inherits from and uses the Intentionally_act frame. This is atypical of FrameNet's frame relations. 'Will you help the Government find your brother?' 'Maybe Stephen should assist him with the last manuscript.' 'They helped me psychologically to overcome the physical loss I had suffered.' 'You have helped him tremendously by showing him how to stand up for himself and by being his friend.' 'By bringing assistance to his troops wherever they were in trouble he aided them greatly.',daily_life,23,True,False,
"In the Arab world Syria has atoned for its support of Iran during the previous Gulf war , and forged a lucrative friendship with Saudi Arabia .",atone,Atonement,An Agent has committed a Wrong in the past and is making Amends for it. The Degree to which the Amends are adequate may also be expressed. 'He atoned for his sin with good works.',news_politics,27,True,False,
"` Having delivered my mea culpa , "" Burney said , ` I may nevertheless be able to atone for my lapse .",atone,Atonement,An Agent has committed a Wrong in the past and is making Amends for it. The Degree to which the Amends are adequate may also be expressed. 'He atoned for his sin with good works.',general,23,True,False,
"Jones , in his 49th Test , atoned for an otherwise disappointing series with his 10th century ( his first in 28 innings ) : he ended with 150 not out in 6½ hours .",atone,Atonement,An Agent has committed a Wrong in the past and is making Amends for it. The Degree to which the Amends are adequate may also be expressed. 'He atoned for his sin with good works.',general,35,True,False,
"In the post-war period , Hollywood began to atone for its blatantly racist depictions of blacks with sporadic anti-racist films , almost always directed by whites .",atone,Atonement,An Agent has committed a Wrong in the past and is making Amends for it. The Degree to which the Amends are adequate may also be expressed. 'He atoned for his sin with good works.',news_politics,27,True,False,
She does n't even have to ask … people just feel obliged to run her errands … as though they were atoning for something .,atone,Atonement,An Agent has committed a Wrong in the past and is making Amends for it. The Degree to which the Amends are adequate may also be expressed. 'He atoned for his sin with good works.',general,25,True,False,
"` Well , he can atone for his sins by waiting on you for a few days , "" Jack said laughingly .",atone,Atonement,An Agent has committed a Wrong in the past and is making Amends for it. The Degree to which the Amends are adequate may also be expressed. 'He atoned for his sin with good works.',general,23,True,False,
"One should not attribute human qualities to natural phenomena , but in a strange way the gentleness with which Mt Pelee buried its victims seemed like a sort of atonement for their deaths .",atonement,Atonement,An Agent has committed a Wrong in the past and is making Amends for it. The Degree to which the Amends are adequate may also be expressed. 'He atoned for his sin with good works.',general,34,True,False,
"It had refused to discuss an issue which to many was becoming a red herring in an attempt to win Presbyterian and , more importantly , Wesleyan support .",attempt,Attempt,An Agent attempts to achieve a Goal. The Outcome may also be mentioned explicitly. 'John attempted to climb Mt. Everest.' 'It was another failed attempt to climb Mt. Everest.',general,29,True,False,Medical_intervention
"You have made no attempt to mitigate your crime , and I am therefore obliged to sentence you to filing in the Main Archive .",attempt,Attempt,An Agent attempts to achieve a Goal. The Outcome may also be mentioned explicitly. 'John attempted to climb Mt. Everest.' 'It was another failed attempt to climb Mt. Everest.',legal,25,True,False,Medical_intervention
"In an attempt to avoid rural unrest , Chamorro confirmed that it would be impossible to return land confiscated and distributed among peasants who now held legal title or that which had been confiscated for important public purposes .",attempt,Attempt,An Agent attempts to achieve a Goal. The Outcome may also be mentioned explicitly. 'John attempted to climb Mt. Everest.' 'It was another failed attempt to climb Mt. Everest.',legal,39,True,False,Medical_intervention
"If there has been tricky manoeuvres I would have ignored the set course and followed my own , turning a circle if necessary : this was a schooling round , not an attempt to win a rosette .",attempt,Attempt,An Agent attempts to achieve a Goal. The Outcome may also be mentioned explicitly. 'John attempted to climb Mt. Everest.' 'It was another failed attempt to climb Mt. Everest.',general,38,True,False,Medical_intervention
"There had been an attempt at a revolution in Russia , but then nobody concerned themselves much with the eccentricities of the world south of Cathcart or east of Camlachie , unless it might touch on trade .",attempt,Attempt,An Agent attempts to achieve a Goal. The Outcome may also be mentioned explicitly. 'John attempted to climb Mt. Everest.' 'It was another failed attempt to climb Mt. Everest.',business,38,True,False,Medical_intervention
"The Tower reputedly housed a library of treatises , grimoires , cyclopaedias and symposia second to none , collected by Roxborough and the group of Fifth Dominion magi who 'd first supported the attempt at the Reconciliation .",attempt,Attempt,An Agent attempts to achieve a Goal. The Outcome may also be mentioned explicitly. 'John attempted to climb Mt. Everest.' 'It was another failed attempt to climb Mt. Everest.',general,38,True,False,Medical_intervention
"Lloyd George 's attempt at a solution was to copy from Germany 's social insurance scheme and create a British variant -- National Health Insurance ( Gilbert , 1966 ) .",attempt,Attempt,An Agent attempts to achieve a Goal. The Outcome may also be mentioned explicitly. 'John attempted to climb Mt. Everest.' 'It was another failed attempt to climb Mt. Everest.',general,31,True,False,Medical_intervention
"His head dipped towards her , and she braced herself for another of his harsh , punishing kisses , knowing any attempt at escape would be a complete waste of time .",attempt,Attempt,An Agent attempts to achieve a Goal. The Outcome may also be mentioned explicitly. 'John attempted to climb Mt. Everest.' 'It was another failed attempt to climb Mt. Everest.',news_politics,32,True,False,Medical_intervention
"There are 2,000 Italian-born people living in the North-East , according to Durham University lecturer Hugh Shankland , and many thousands more who are second , third and fourth generation Italians .",according to,Attributed_information,"A Proposition is attributed to a Speaker or a Text. 'According to the Press Trust of India in an article published on its Web site Thursday, the woman has been identified as 31-year-old Aafia Siddiqui, who was being sought by U.S. officials last week along with two other men, including one whose last known address was in Miramar, Fla.' ' In addition, according to Section I3.5b, the spacing of stud shear connectors along the length of a supporting beam shall not exceed 36?. ' 'According to the Pope, Muslims believe in the same God and according to Jesus, Muslims are the greatest in Heaven.'",general,32,True,False,
"Banks are often reluctant to admit being stung , but the company involved could be committing a crime itself , according to one police expert .",according to,Attributed_information,"A Proposition is attributed to a Speaker or a Text. 'According to the Press Trust of India in an article published on its Web site Thursday, the woman has been identified as 31-year-old Aafia Siddiqui, who was being sought by U.S. officials last week along with two other men, including one whose last known address was in Miramar, Fla.' ' In addition, according to Section I3.5b, the spacing of stud shear connectors along the length of a supporting beam shall not exceed 36?. ' 'According to the Pope, Muslims believe in the same God and according to Jesus, Muslims are the greatest in Heaven.'",business,26,True,False,
"He went to a qualified medical practitioner for his first experience in 1963 and , according to himself , became one of the first people in the country to take the drug .",according to,Attributed_information,"A Proposition is attributed to a Speaker or a Text. 'According to the Press Trust of India in an article published on its Web site Thursday, the woman has been identified as 31-year-old Aafia Siddiqui, who was being sought by U.S. officials last week along with two other men, including one whose last known address was in Miramar, Fla.' ' In addition, according to Section I3.5b, the spacing of stud shear connectors along the length of a supporting beam shall not exceed 36?. ' 'According to the Pope, Muslims believe in the same God and according to Jesus, Muslims are the greatest in Heaven.'",science_medical,33,True,False,
"They overran a number of small outposts but , according to the spokesman , heavy artillery fire from government troops prevented an advance on the provincial capital of Sisophon .",according to,Attributed_information,"A Proposition is attributed to a Speaker or a Text. 'According to the Press Trust of India in an article published on its Web site Thursday, the woman has been identified as 31-year-old Aafia Siddiqui, who was being sought by U.S. officials last week along with two other men, including one whose last known address was in Miramar, Fla.' ' In addition, according to Section I3.5b, the spacing of stud shear connectors along the length of a supporting beam shall not exceed 36?. ' 'According to the Pope, Muslims believe in the same God and according to Jesus, Muslims are the greatest in Heaven.'",news_politics,30,True,False,
"In the last 30 years the number of over-60s has risen by almost 50 per cent in the EC , from 46.5 million to 68.6 million , according to the survey by the EC 's statistical office .",according to,Attributed_information,"A Proposition is attributed to a Speaker or a Text. 'According to the Press Trust of India in an article published on its Web site Thursday, the woman has been identified as 31-year-old Aafia Siddiqui, who was being sought by U.S. officials last week along with two other men, including one whose last known address was in Miramar, Fla.' ' In addition, according to Section I3.5b, the spacing of stud shear connectors along the length of a supporting beam shall not exceed 36?. ' 'According to the Pope, Muslims believe in the same God and according to Jesus, Muslims are the greatest in Heaven.'",general,38,True,False,
"The projects failed both to protect natural forest , and to improve prospects for the poorest people in the area , according to the report 's author , consultant Michael Flint .",according to,Attributed_information,"A Proposition is attributed to a Speaker or a Text. 'According to the Press Trust of India in an article published on its Web site Thursday, the woman has been identified as 31-year-old Aafia Siddiqui, who was being sought by U.S. officials last week along with two other men, including one whose last known address was in Miramar, Fla.' ' In addition, according to Section I3.5b, the spacing of stud shear connectors along the length of a supporting beam shall not exceed 36?. ' 'According to the Pope, Muslims believe in the same God and according to Jesus, Muslims are the greatest in Heaven.'",general,32,True,False,
"He added that he wanted to avoid "" the alarming imbalance in some schemes [ a reference to the German method -- see above ] between what is collected and the ability to reprocess it "" .",avoid,Avoiding,"An Agent avoids an Undesirable_situation under certain Circumstances. That situation may be an activity (e.g. going to school), or an entity (perhaps) metonymic for such an activity or situation (e.g. the curb). In this frame, the situation is undesirable from the Agent's point of view (e.g. evade), and contrasts with scenes in which the situation is specifically undesirable to someone else (e.g. forbear) or from the point of view of an external morality (e.g. abstain). 'Mike avoided his supervisor at all costs.'",general,37,True,False,Preventing_or_letting
"At the Congress of Berlin the ` honest broker "" avoided a Balkan conflict , but only , Russians thought , at the cost of letting down his friends .",avoid,Avoiding,"An Agent avoids an Undesirable_situation under certain Circumstances. That situation may be an activity (e.g. going to school), or an entity (perhaps) metonymic for such an activity or situation (e.g. the curb). In this frame, the situation is undesirable from the Agent's point of view (e.g. evade), and contrasts with scenes in which the situation is specifically undesirable to someone else (e.g. forbear) or from the point of view of an external morality (e.g. abstain). 'Mike avoided his supervisor at all costs.'",daily_life,30,True,False,Preventing_or_letting
"It is becoming hard to avoid the conclusion that the Government made an error of judgment when it decided to take Britain into the ERM in October 1990 , just as Germany was entering an economic crisis .",avoid,Avoiding,"An Agent avoids an Undesirable_situation under certain Circumstances. That situation may be an activity (e.g. going to school), or an entity (perhaps) metonymic for such an activity or situation (e.g. the curb). In this frame, the situation is undesirable from the Agent's point of view (e.g. evade), and contrasts with scenes in which the situation is specifically undesirable to someone else (e.g. forbear) or from the point of view of an external morality (e.g. abstain). 'Mike avoided his supervisor at all costs.'",news_politics,38,True,False,Preventing_or_letting
This perspective avoids both general statements and general conclusions about the mass media and favours an approach which highlights the richness of the relationship between the mass media and politics .,avoid,Avoiding,"An Agent avoids an Undesirable_situation under certain Circumstances. That situation may be an activity (e.g. going to school), or an entity (perhaps) metonymic for such an activity or situation (e.g. the curb). In this frame, the situation is undesirable from the Agent's point of view (e.g. evade), and contrasts with scenes in which the situation is specifically undesirable to someone else (e.g. forbear) or from the point of view of an external morality (e.g. abstain). 'Mike avoided his supervisor at all costs.'",general,31,True,False,Preventing_or_letting
"After discussing a ` mooty "" problem , try to avoid the weak conclusion that ` A is perhaps liable . """,avoid,Avoiding,"An Agent avoids an Undesirable_situation under certain Circumstances. That situation may be an activity (e.g. going to school), or an entity (perhaps) metonymic for such an activity or situation (e.g. the curb). In this frame, the situation is undesirable from the Agent's point of view (e.g. evade), and contrasts with scenes in which the situation is specifically undesirable to someone else (e.g. forbear) or from the point of view of an external morality (e.g. abstain). 'Mike avoided his supervisor at all costs.'",general,22,True,False,Preventing_or_letting
This is less odd than it looks : it pays creditors to avoid the delays and legal costs of chapter 11 .,avoid,Avoiding,"An Agent avoids an Undesirable_situation under certain Circumstances. That situation may be an activity (e.g. going to school), or an entity (perhaps) metonymic for such an activity or situation (e.g. the curb). In this frame, the situation is undesirable from the Agent's point of view (e.g. evade), and contrasts with scenes in which the situation is specifically undesirable to someone else (e.g. forbear) or from the point of view of an external morality (e.g. abstain). 'Mike avoided his supervisor at all costs.'",legal,22,True,False,Preventing_or_letting
"A greater degree of regional self-sufficiency in many basic food-stuffs , especially milk and meat could be encouraged in order to avoid the mounting costs of transporting such commodities over long distances which is now common .",avoid,Avoiding,"An Agent avoids an Undesirable_situation under certain Circumstances. That situation may be an activity (e.g. going to school), or an entity (perhaps) metonymic for such an activity or situation (e.g. the curb). In this frame, the situation is undesirable from the Agent's point of view (e.g. evade), and contrasts with scenes in which the situation is specifically undesirable to someone else (e.g. forbear) or from the point of view of an external morality (e.g. abstain). 'Mike avoided his supervisor at all costs.'",daily_life,37,True,False,Preventing_or_letting
"Musicians have been withdrawing from mainstream record companies , aware that success means a lifetime of Elton John remixes and failure is the void of an imprisoning contract and no action .",aware,Awareness,"A Cognizer has a piece of Content in their model of the world. The Content is not necessarily present due to immediate perception, but usually, rather, due to deduction from perceivables. In some cases, the deduction of the Content is implicitly based on confidence in sources of information (believe), in some cases based on logic (think), and in other cases the source of the deduction is deprofiled (know). 'Your boss is aware of your commitment.' '' Note that this frame is undergoing some degree of reconsideration. Many of the targets will be moved to the Opinion frame. That frame indicates that the Cognizer considers something as true, but the Opinion (compare to Content) is not presupposed to be true; rather it is something that is considered a potential point of difference, as in the following: 'I think that you are awesome.' In the uses that will remain in the Awareness frame, however, the Content is presupposed. '' This frame is also distinct from the Certainty frame, in that it does not profile the relationship of the Cognizer to the Content, but rather presupposes it. In Certainty, the Degree of confidence or certainty is expressible as a separate frame element, as in the following: 'She absolutely knew that he would be there .'",news_politics,32,True,False,
"` No , no , of course not , "" he hurriedly corrects himself , aware he may have caused offence .",aware,Awareness,"A Cognizer has a piece of Content in their model of the world. The Content is not necessarily present due to immediate perception, but usually, rather, due to deduction from perceivables. In some cases, the deduction of the Content is implicitly based on confidence in sources of information (believe), in some cases based on logic (think), and in other cases the source of the deduction is deprofiled (know). 'Your boss is aware of your commitment.' '' Note that this frame is undergoing some degree of reconsideration. Many of the targets will be moved to the Opinion frame. That frame indicates that the Cognizer considers something as true, but the Opinion (compare to Content) is not presupposed to be true; rather it is something that is considered a potential point of difference, as in the following: 'I think that you are awesome.' In the uses that will remain in the Awareness frame, however, the Content is presupposed. '' This frame is also distinct from the Certainty frame, in that it does not profile the relationship of the Cognizer to the Content, but rather presupposes it. In Certainty, the Degree of confidence or certainty is expressible as a separate frame element, as in the following: 'She absolutely knew that he would be there .'",news_politics,22,True,False,
Wadland told Northampton Crown Court : ` I am well aware I 've done a lot of hurt and damage .,aware,Awareness,"A Cognizer has a piece of Content in their model of the world. The Content is not necessarily present due to immediate perception, but usually, rather, due to deduction from perceivables. In some cases, the deduction of the Content is implicitly based on confidence in sources of information (believe), in some cases based on logic (think), and in other cases the source of the deduction is deprofiled (know). 'Your boss is aware of your commitment.' '' Note that this frame is undergoing some degree of reconsideration. Many of the targets will be moved to the Opinion frame. That frame indicates that the Cognizer considers something as true, but the Opinion (compare to Content) is not presupposed to be true; rather it is something that is considered a potential point of difference, as in the following: 'I think that you are awesome.' In the uses that will remain in the Awareness frame, however, the Content is presupposed. '' This frame is also distinct from the Certainty frame, in that it does not profile the relationship of the Cognizer to the Content, but rather presupposes it. In Certainty, the Degree of confidence or certainty is expressible as a separate frame element, as in the following: 'She absolutely knew that he would be there .'",news_politics,21,True,False,
"Aware he had the measure of Rushing Wild , he looked over his shoulder in an attempt to find The Fellow .",aware,Awareness,"A Cognizer has a piece of Content in their model of the world. The Content is not necessarily present due to immediate perception, but usually, rather, due to deduction from perceivables. In some cases, the deduction of the Content is implicitly based on confidence in sources of information (believe), in some cases based on logic (think), and in other cases the source of the deduction is deprofiled (know). 'Your boss is aware of your commitment.' '' Note that this frame is undergoing some degree of reconsideration. Many of the targets will be moved to the Opinion frame. That frame indicates that the Cognizer considers something as true, but the Opinion (compare to Content) is not presupposed to be true; rather it is something that is considered a potential point of difference, as in the following: 'I think that you are awesome.' In the uses that will remain in the Awareness frame, however, the Content is presupposed. '' This frame is also distinct from the Certainty frame, in that it does not profile the relationship of the Cognizer to the Content, but rather presupposes it. In Certainty, the Degree of confidence or certainty is expressible as a separate frame element, as in the following: 'She absolutely knew that he would be there .'",news_politics,22,True,False,
But preliminary investigation results released in 2006 by the Army 's Criminal Investigation Command said the two soldiers had been killed by presumed allies .,presumed,Awareness_status,"Some Content is part of the mental model of a Cognizer. The Cognizer arrives at the mental model not by direct perception but by reasoning from perceived phenomena. Alternatively, the Role of a particular object is known to be applicable to that object. 'That fact is known to many.' 'The presumed killer was last seen driving south on the interstate.'",general,25,True,False,
"They include Khamis and Mutassim , both military commanders , and Seif Islam , once a presumed successor who sought to modernize Libya but ultimately endorsed a hard line against protesters .",presumed,Awareness_status,"Some Content is part of the mental model of a Cognizer. The Cognizer arrives at the mental model not by direct perception but by reasoning from perceived phenomena. Alternatively, the Role of a particular object is known to be applicable to that object. 'That fact is known to many.' 'The presumed killer was last seen driving south on the interstate.'",general,32,True,False,
"In April 2004 , six truck drivers working for Halliburton Co. were killed , and a seventh is missing and presumed dead .",presumed,Awareness_status,"Some Content is part of the mental model of a Cognizer. The Cognizer arrives at the mental model not by direct perception but by reasoning from perceived phenomena. Alternatively, the Role of a particular object is known to be applicable to that object. 'That fact is known to many.' 'The presumed killer was last seen driving south on the interstate.'",general,23,True,False,
"Kadafi , who ruled Libya for almost 42 years , is presumed to have fled Tripoli last month as rebel forces took the capital .",presumed,Awareness_status,"Some Content is part of the mental model of a Cognizer. The Cognizer arrives at the mental model not by direct perception but by reasoning from perceived phenomena. Alternatively, the Role of a particular object is known to be applicable to that object. 'That fact is known to many.' 'The presumed killer was last seen driving south on the interstate.'",general,25,True,False,
"More than 60 coaches were burned earlier this month , and the police shot and killed six blacks , presumed to be strikers , in two clashes last week .",presumed,Awareness_status,"Some Content is part of the mental model of a Cognizer. The Cognizer arrives at the mental model not by direct perception but by reasoning from perceived phenomena. Alternatively, the Role of a particular object is known to be applicable to that object. 'That fact is known to many.' 'The presumed killer was last seen driving south on the interstate.'",legal,30,True,False,
"On Sunday , rebel commanders said , Kadafi 's forces were able to take advantage of the sandstorms â€� providing presumed cover from NATO airstrikes â€� to move within striking distance of Ajdabiya .",presumed,Awareness_status,"Some Content is part of the mental model of a Cognizer. The Cognizer arrives at the mental model not by direct perception but by reasoning from perceived phenomena. Alternatively, the Role of a particular object is known to be applicable to that object. 'That fact is known to many.' 'The presumed killer was last seen driving south on the interstate.'",general,34,True,False,
"Paul Williams , 28 , of Sedgebrook Grove , Hull , and Shaun Williams , 24 , of Fellstone Close , Hull , were given unconditional bail .",bail,Bail_decision,"This frame covers a step in a criminal process in which a Judge decides whether the Accused should be released on bail, and, if so, what the amount of the bail should be. '' 'Thorsen, of Grimstad, Norway, was granted $100,000 bail until June 18.' 'He was granted conditional bail by Teesside Magistrates.'",general,28,True,False,
"I was at Low Newton a couple of weeks and then I got out on bail and went to see Stephen , but then I got lifted again , back to Low Newton .",bail,Bail_decision,"This frame covers a step in a criminal process in which a Judge decides whether the Accused should be released on bail, and, if so, what the amount of the bail should be. '' 'Thorsen, of Grimstad, Norway, was granted $100,000 bail until June 18.' 'He was granted conditional bail by Teesside Magistrates.'",general,34,True,False,
The former chairman of collapsed trading group Polly Peck is already on £3.5 million bail after being charged with theft and false accounting by the Serious Fraud Office last December .,bail,Bail_decision,"This frame covers a step in a criminal process in which a Judge decides whether the Accused should be released on bail, and, if so, what the amount of the bail should be. '' 'Thorsen, of Grimstad, Norway, was granted $100,000 bail until June 18.' 'He was granted conditional bail by Teesside Magistrates.'",general,31,True,False,
"The couple , of Sun Street , Stockton , were given unconditional bail and the case was adjourned until May 18 .",bail,Bail_decision,"This frame covers a step in a criminal process in which a Judge decides whether the Accused should be released on bail, and, if so, what the amount of the bail should be. '' 'Thorsen, of Grimstad, Norway, was granted $100,000 bail until June 18.' 'He was granted conditional bail by Teesside Magistrates.'",legal,22,True,False,
"Beckett and Joyce , among others , had to leave their homeland to understand it -- and to be understood .",among,Be_subset_of,A Part is considered to be a member of the set described by the Total. The relationship between Part and Total subset-superset rather than part-whole (as it is in the frames Part_whole and Including). 'Dr. Nelson numbers among the world?s foremost geotechnical engineering experts.' 'Restaurant-Pizzeria Dante counts among the few restaurants of Florence where you can find good typical Tuscan and fish dishes and a first-class pizza.',daily_life,21,True,False,Interior_profile_relation
At the turn of the 19th century Los Angeles and Salt Lake City were among the burgeoning metropolises of the new American West .,among,Be_subset_of,A Part is considered to be a member of the set described by the Total. The relationship between Part and Total subset-superset rather than part-whole (as it is in the frames Part_whole and Including). 'Dr. Nelson numbers among the world?s foremost geotechnical engineering experts.' 'Restaurant-Pizzeria Dante counts among the few restaurants of Florence where you can find good typical Tuscan and fish dishes and a first-class pizza.',general,24,True,False,Interior_profile_relation
"Among the responses the Swiss trader got was one from the Soviet national shipping company , which had n't been invited to submit a bid .",among,Be_subset_of,A Part is considered to be a member of the set described by the Total. The relationship between Part and Total subset-superset rather than part-whole (as it is in the frames Part_whole and Including). 'Dr. Nelson numbers among the world?s foremost geotechnical engineering experts.' 'Restaurant-Pizzeria Dante counts among the few restaurants of Florence where you can find good typical Tuscan and fish dishes and a first-class pizza.',business,26,True,False,Interior_profile_relation
He bought several Strip properties -- the Silver Slipper and Castaways among them -- and demolished them to make way for a new kind of resort -- Mirage -- which became an instant success .,among,Be_subset_of,A Part is considered to be a member of the set described by the Total. The relationship between Part and Total subset-superset rather than part-whole (as it is in the frames Part_whole and Including). 'Dr. Nelson numbers among the world?s foremost geotechnical engineering experts.' 'Restaurant-Pizzeria Dante counts among the few restaurants of Florence where you can find good typical Tuscan and fish dishes and a first-class pizza.',general,35,True,False,Interior_profile_relation
"As we walked around the complex , the Principal dressed informally in shirt sleeves , no guns or armed guards with us at all , the whole atmosphere appeared to be very relaxed .",armed,Bearing_arms,"A Protagonist has (or does not have) a Weapon. The Degree to which the Protagonist is armed may also be described. The Protagonist is normally a human but may be a device that has subsidiary weapons. 'Apparently, the suspect is armed with a shotgun.' 'After she pulled the .45 from her sock drawer, she felt well enough armed to face anyone coming in.' 'The Tomahawk missile packs a lot of heat .' 'An individual with a right-to-carry license may continue to carry in a ""school zone"" in compliance with existing state and local laws. INI'",general,34,True,False,
Paul told police he had no idea why he and his friend had gone out armed with the bat .,armed,Bearing_arms,"A Protagonist has (or does not have) a Weapon. The Degree to which the Protagonist is armed may also be described. The Protagonist is normally a human but may be a device that has subsidiary weapons. 'Apparently, the suspect is armed with a shotgun.' 'After she pulled the .45 from her sock drawer, she felt well enough armed to face anyone coming in.' 'The Tomahawk missile packs a lot of heat .' 'An individual with a right-to-carry license may continue to carry in a ""school zone"" in compliance with existing state and local laws. INI'",legal,20,True,False,
"But he said Cardow ` had come armed with a lethal weapon and used it to penetrate the deceased 's body nine times . """,armed,Bearing_arms,"A Protagonist has (or does not have) a Weapon. The Degree to which the Protagonist is armed may also be described. The Protagonist is normally a human but may be a device that has subsidiary weapons. 'Apparently, the suspect is armed with a shotgun.' 'After she pulled the .45 from her sock drawer, she felt well enough armed to face anyone coming in.' 'The Tomahawk missile packs a lot of heat .' 'An individual with a right-to-carry license may continue to carry in a ""school zone"" in compliance with existing state and local laws. INI'",daily_life,25,True,False,
"An armed raider got away with £500 from Blackwells ' Paperback Shop in Broad Street , Oxford , on Saturday evening , after threatening a part-time shop assistant with a gun .",armed,Bearing_arms,"A Protagonist has (or does not have) a Weapon. The Degree to which the Protagonist is armed may also be described. The Protagonist is normally a human but may be a device that has subsidiary weapons. 'Apparently, the suspect is armed with a shotgun.' 'After she pulled the .45 from her sock drawer, she felt well enough armed to face anyone coming in.' 'The Tomahawk missile packs a lot of heat .' 'An individual with a right-to-carry license may continue to carry in a ""school zone"" in compliance with existing state and local laws. INI'",general,32,True,False,
We were both absorbed in our work when we heard angry cries : the owner of the field hurrying towards us armed with a big stick .,armed,Bearing_arms,"A Protagonist has (or does not have) a Weapon. The Degree to which the Protagonist is armed may also be described. The Protagonist is normally a human but may be a device that has subsidiary weapons. 'Apparently, the suspect is armed with a shotgun.' 'After she pulled the .45 from her sock drawer, she felt well enough armed to face anyone coming in.' 'The Tomahawk missile packs a lot of heat .' 'An individual with a right-to-carry license may continue to carry in a ""school zone"" in compliance with existing state and local laws. INI'",news_politics,27,True,False,
"By the time the alarm was raised the three raiders , one of them armed with a handgun , had fled the museum in Chelsea , London .",armed,Bearing_arms,"A Protagonist has (or does not have) a Weapon. The Degree to which the Protagonist is armed may also be described. The Protagonist is normally a human but may be a device that has subsidiary weapons. 'Apparently, the suspect is armed with a shotgun.' 'After she pulled the .45 from her sock drawer, she felt well enough armed to face anyone coming in.' 'The Tomahawk missile packs a lot of heat .' 'An individual with a right-to-carry license may continue to carry in a ""school zone"" in compliance with existing state and local laws. INI'",general,28,True,False,
"The countryside lives in fear of dacoits , many of them armed with automatic weapons left behind by the Japs .",armed,Bearing_arms,"A Protagonist has (or does not have) a Weapon. The Degree to which the Protagonist is armed may also be described. The Protagonist is normally a human but may be a device that has subsidiary weapons. 'Apparently, the suspect is armed with a shotgun.' 'After she pulled the .45 from her sock drawer, she felt well enough armed to face anyone coming in.' 'The Tomahawk missile packs a lot of heat .' 'An individual with a right-to-carry license may continue to carry in a ""school zone"" in compliance with existing state and local laws. INI'",general,21,True,False,
"In a North London timber yard , the body of the armed robber was still being examined by a police forensic team late this afternoon .",armed,Bearing_arms,"A Protagonist has (or does not have) a Weapon. The Degree to which the Protagonist is armed may also be described. The Protagonist is normally a human but may be a device that has subsidiary weapons. 'Apparently, the suspect is armed with a shotgun.' 'After she pulled the .45 from her sock drawer, she felt well enough armed to face anyone coming in.' 'The Tomahawk missile packs a lot of heat .' 'An individual with a right-to-carry license may continue to carry in a ""school zone"" in compliance with existing state and local laws. INI'",sports,26,True,False,
"Three years ago this month , five armed men in civilian clothes forced Gómez , a schoolteacher , into a car while her students and other witnesses watched helplessly .",armed,Bearing_arms,"A Protagonist has (or does not have) a Weapon. The Degree to which the Protagonist is armed may also be described. The Protagonist is normally a human but may be a device that has subsidiary weapons. 'Apparently, the suspect is armed with a shotgun.' 'After she pulled the .45 from her sock drawer, she felt well enough armed to face anyone coming in.' 'The Tomahawk missile packs a lot of heat .' 'An individual with a right-to-carry license may continue to carry in a ""school zone"" in compliance with existing state and local laws. INI'",daily_life,30,True,False,
DROMORE High lifted their third successive High Schools ' Cup when they defeated perennial opponents Limavady High in yesterday 's final shoot-out at Ravenhill .,defeat,Beat_opponent,A Winner has victory over an Loser. 'He always beats me at chess.',general,25,True,False,
In 1990 Jesse Helms defeated a black opponent in a Senate race in North Carolina after running television commercials showing imaginary whites being rejected for jobs because affirmative action had given those jobs to blacks .,defeat,Beat_opponent,A Winner has victory over an Loser. 'He always beats me at chess.',sports,36,True,False,
"Her opponent in today 's final will be Czech Helena Sukova , who defeated Arantxa Sanchez Vicario in the other semi-final .",defeat,Beat_opponent,A Winner has victory over an Loser. 'He always beats me at chess.',daily_life,22,True,False,
"By March of 1188 , Frederick seemed finally to have defeated his opponents on the major domestic and imperial fronts .",defeat,Beat_opponent,A Winner has victory over an Loser. 'He always beats me at chess.',general,21,True,False,
"Silber 's Republican opponent in the November election was also selected on Sept. 18 , when William Weld defeated the state House minority leader Steven Pierce , the favourite for the Republican nomination .",defeat,Beat_opponent,A Winner has victory over an Loser. 'He always beats me at chess.',general,34,True,False,
Diane Mynors saved us from oblivion by playing in the Oxford Women 's first eleven cricket team which defeated Cambridge .,defeat,Beat_opponent,A Winner has victory over an Loser. 'He always beats me at chess.',sports,21,True,False,
"Although Evert had the day off from the Federation Cup yesterday , her presence was still felt , particularly by the Australian team , who surprisingly defeated Bulgaria 2-1 .",defeat,Beat_opponent,A Winner has victory over an Loser. 'He always beats me at chess.',sports,30,True,False,
"Hunza peaks has just defeated a Swedish team , who disliked the steep , ice-covered slabs , climbed with apparent ease by Jones and Fowler .",defeat,Beat_opponent,A Winner has victory over an Loser. 'He always beats me at chess.',sports,26,True,False,
The process went so far in Algeria earlier this year that the army cancelled the results of general elections when it became clear that the Islamic Salvation Front would win an overwhelming victory .,become,Becoming,"An Entity ends up with some Final_quality--a new fact about the Entity. Alternatively, based on a cluster of changes of characteristics, the Entitynewly meets the conditions for being a member of a Final_category. 'The weather turned cold .' 'You can become a firefighter today !' This frame should be compared with the Transition_to_state frame, which is more general in allowing arbitrary descriptions of a final situation: 'We ended up telling him to leave .' There is no way to effectively paraphrase such a sentence in the Becoming frame.",general,34,True,False,Suitability
"Undecided and still bent over towards her he became aware of the patter of running feet , approaching fast .",become,Becoming,"An Entity ends up with some Final_quality--a new fact about the Entity. Alternatively, based on a cluster of changes of characteristics, the Entitynewly meets the conditions for being a member of a Final_category. 'The weather turned cold .' 'You can become a firefighter today !' This frame should be compared with the Transition_to_state frame, which is more general in allowing arbitrary descriptions of a final situation: 'We ended up telling him to leave .' There is no way to effectively paraphrase such a sentence in the Becoming frame.",news_politics,20,True,False,Suitability
The Nunnery Lane convent became involved in plans for the Carmelite convent at Mafeking after the German sisters were approached by the South African Bishop of Kimberley and got in touch with Darlington .,become,Becoming,"An Entity ends up with some Final_quality--a new fact about the Entity. Alternatively, based on a cluster of changes of characteristics, the Entitynewly meets the conditions for being a member of a Final_category. 'The weather turned cold .' 'You can become a firefighter today !' This frame should be compared with the Transition_to_state frame, which is more general in allowing arbitrary descriptions of a final situation: 'We ended up telling him to leave .' There is no way to effectively paraphrase such a sentence in the Becoming frame.",daily_life,34,True,False,Suitability
In the UK it became increasingly apparent that organisational change in schools was not sufficient to guarantee change in established social attitudes .,become,Becoming,"An Entity ends up with some Final_quality--a new fact about the Entity. Alternatively, based on a cluster of changes of characteristics, the Entitynewly meets the conditions for being a member of a Final_category. 'The weather turned cold .' 'You can become a firefighter today !' This frame should be compared with the Transition_to_state frame, which is more general in allowing arbitrary descriptions of a final situation: 'We ended up telling him to leave .' There is no way to effectively paraphrase such a sentence in the Becoming frame.",general,23,True,False,Suitability
"The chosen method which has been implemented is described below , and became known as the ` backwards "" , or ` inverted look-up "" .",become,Becoming,"An Entity ends up with some Final_quality--a new fact about the Entity. Alternatively, based on a cluster of changes of characteristics, the Entitynewly meets the conditions for being a member of a Final_category. 'The weather turned cold .' 'You can become a firefighter today !' This frame should be compared with the Transition_to_state frame, which is more general in allowing arbitrary descriptions of a final situation: 'We ended up telling him to leave .' There is no way to effectively paraphrase such a sentence in the Becoming frame.",news_politics,26,True,False,Suitability
But I understand the cricket committee voted 4-1 to nominate West Indies batsman Richardson for a one-year contract to fill the vacancy until Craig McDermott becomes available in 1994 .,become,Becoming,"An Entity ends up with some Final_quality--a new fact about the Entity. Alternatively, based on a cluster of changes of characteristics, the Entitynewly meets the conditions for being a member of a Final_category. 'The weather turned cold .' 'You can become a firefighter today !' This frame should be compared with the Transition_to_state frame, which is more general in allowing arbitrary descriptions of a final situation: 'We ended up telling him to leave .' There is no way to effectively paraphrase such a sentence in the Becoming frame.",general,30,True,False,Suitability
"His brow became more deeply furrowed as he made decisions in reaction to circumstances , rather than taking control of situations .",become,Becoming,"An Entity ends up with some Final_quality--a new fact about the Entity. Alternatively, based on a cluster of changes of characteristics, the Entitynewly meets the conditions for being a member of a Final_category. 'The weather turned cold .' 'You can become a firefighter today !' This frame should be compared with the Transition_to_state frame, which is more general in allowing arbitrary descriptions of a final situation: 'We ended up telling him to leave .' There is no way to effectively paraphrase such a sentence in the Becoming frame.",general,22,True,False,Suitability
The strike record in the immediate pre-war years is difficult to reconcile with the notion that workers ' protest was becoming less intense .,become,Becoming,"An Entity ends up with some Final_quality--a new fact about the Entity. Alternatively, based on a cluster of changes of characteristics, the Entitynewly meets the conditions for being a member of a Final_category. 'The weather turned cold .' 'You can become a firefighter today !' This frame should be compared with the Transition_to_state frame, which is more general in allowing arbitrary descriptions of a final situation: 'We ended up telling him to leave .' There is no way to effectively paraphrase such a sentence in the Becoming frame.",news_politics,24,True,False,Suitability
"While admitting the enormous truth of this statement , one could at the same time say that the number of song writers who never discover themselves is also enormous .",discover,Becoming_aware,"Words in this frame have to do with a Cognizer adding some Phenomenon to their model of the world. They are similar to Coming-to-believe words, except the latter generally involve reasoning from Evidence. '' The words in this frame take direct objects that denote entities in the world, and indicate awareness of those entities, without necessarily giving any information about the content of the Cognizer's belief or knowledge. These words also resemble perception words, since creatures often become aware of things by perceiving them. 'Later that night, they found the barely-alive victim inside the Red Hall estate flat.' 'Almost immediately, the police discovered the wrought-iron crypt gate swinging open.' 'In the bag on the tableI could vaguelydiscern two bottles of wine and several cartons of cakes and other goodies.' 'People passing through recognize it from afar, by the clouds of coal dust darkening the air.' General Grammatical Observations: Passive forms of the verbs in this frame can occur with extraposed clauses expressing Phenomenon: 'That year it was discovered that consumers preferred the older model.' 'It is not always recognized how much work goes into a dinner party.'",general,30,True,False,Achieving_first
When she was allowed through to the nave she discovered dancers rehearsing a performance and robed guides discouraging visitors from proceeding to the site of St Thomas 's shrine because their passage disturbed the troupe .,discover,Becoming_aware,"Words in this frame have to do with a Cognizer adding some Phenomenon to their model of the world. They are similar to Coming-to-believe words, except the latter generally involve reasoning from Evidence. '' The words in this frame take direct objects that denote entities in the world, and indicate awareness of those entities, without necessarily giving any information about the content of the Cognizer's belief or knowledge. These words also resemble perception words, since creatures often become aware of things by perceiving them. 'Later that night, they found the barely-alive victim inside the Red Hall estate flat.' 'Almost immediately, the police discovered the wrought-iron crypt gate swinging open.' 'In the bag on the tableI could vaguelydiscern two bottles of wine and several cartons of cakes and other goodies.' 'People passing through recognize it from afar, by the clouds of coal dust darkening the air.' General Grammatical Observations: Passive forms of the verbs in this frame can occur with extraposed clauses expressing Phenomenon: 'That year it was discovered that consumers preferred the older model.' 'It is not always recognized how much work goes into a dinner party.'",general,36,True,False,Achieving_first
"Scientists have discovered a possible dinosaur nesting area , and an egg which has survived a hundred and forty five million years intact .",discover,Becoming_aware,"Words in this frame have to do with a Cognizer adding some Phenomenon to their model of the world. They are similar to Coming-to-believe words, except the latter generally involve reasoning from Evidence. '' The words in this frame take direct objects that denote entities in the world, and indicate awareness of those entities, without necessarily giving any information about the content of the Cognizer's belief or knowledge. These words also resemble perception words, since creatures often become aware of things by perceiving them. 'Later that night, they found the barely-alive victim inside the Red Hall estate flat.' 'Almost immediately, the police discovered the wrought-iron crypt gate swinging open.' 'In the bag on the tableI could vaguelydiscern two bottles of wine and several cartons of cakes and other goodies.' 'People passing through recognize it from afar, by the clouds of coal dust darkening the air.' General Grammatical Observations: Passive forms of the verbs in this frame can occur with extraposed clauses expressing Phenomenon: 'That year it was discovered that consumers preferred the older model.' 'It is not always recognized how much work goes into a dinner party.'",general,24,True,False,Achieving_first
"Police had discovered a mass grave containing the mutilated bodies of 50 children , aged 12-14 , near the Madre de Dios river in the second week of August .",discover,Becoming_aware,"Words in this frame have to do with a Cognizer adding some Phenomenon to their model of the world. They are similar to Coming-to-believe words, except the latter generally involve reasoning from Evidence. '' The words in this frame take direct objects that denote entities in the world, and indicate awareness of those entities, without necessarily giving any information about the content of the Cognizer's belief or knowledge. These words also resemble perception words, since creatures often become aware of things by perceiving them. 'Later that night, they found the barely-alive victim inside the Red Hall estate flat.' 'Almost immediately, the police discovered the wrought-iron crypt gate swinging open.' 'In the bag on the tableI could vaguelydiscern two bottles of wine and several cartons of cakes and other goodies.' 'People passing through recognize it from afar, by the clouds of coal dust darkening the air.' General Grammatical Observations: Passive forms of the verbs in this frame can occur with extraposed clauses expressing Phenomenon: 'That year it was discovered that consumers preferred the older model.' 'It is not always recognized how much work goes into a dinner party.'",legal,30,True,False,Achieving_first
"He ran a few yards to discover the raiders reversing a stolen grey Japanese jeep through the front of Pursuit , the men 's designer clothing shop in Crown Street .",discover,Becoming_aware,"Words in this frame have to do with a Cognizer adding some Phenomenon to their model of the world. They are similar to Coming-to-believe words, except the latter generally involve reasoning from Evidence. '' The words in this frame take direct objects that denote entities in the world, and indicate awareness of those entities, without necessarily giving any information about the content of the Cognizer's belief or knowledge. These words also resemble perception words, since creatures often become aware of things by perceiving them. 'Later that night, they found the barely-alive victim inside the Red Hall estate flat.' 'Almost immediately, the police discovered the wrought-iron crypt gate swinging open.' 'In the bag on the tableI could vaguelydiscern two bottles of wine and several cartons of cakes and other goodies.' 'People passing through recognize it from afar, by the clouds of coal dust darkening the air.' General Grammatical Observations: Passive forms of the verbs in this frame can occur with extraposed clauses expressing Phenomenon: 'That year it was discovered that consumers preferred the older model.' 'It is not always recognized how much work goes into a dinner party.'",general,31,True,False,Achieving_first
"You might take an unexpected turning just because it feels right , and discover a lovely place to eat .",discover,Becoming_aware,"Words in this frame have to do with a Cognizer adding some Phenomenon to their model of the world. They are similar to Coming-to-believe words, except the latter generally involve reasoning from Evidence. '' The words in this frame take direct objects that denote entities in the world, and indicate awareness of those entities, without necessarily giving any information about the content of the Cognizer's belief or knowledge. These words also resemble perception words, since creatures often become aware of things by perceiving them. 'Later that night, they found the barely-alive victim inside the Red Hall estate flat.' 'Almost immediately, the police discovered the wrought-iron crypt gate swinging open.' 'In the bag on the tableI could vaguelydiscern two bottles of wine and several cartons of cakes and other goodies.' 'People passing through recognize it from afar, by the clouds of coal dust darkening the air.' General Grammatical Observations: Passive forms of the verbs in this frame can occur with extraposed clauses expressing Phenomenon: 'That year it was discovered that consumers preferred the older model.' 'It is not always recognized how much work goes into a dinner party.'",general,20,True,False,Achieving_first
"Providing an influx of $165 million to the southwestern economy , Hoover Dam played a major role in preventing Las Vegas from drying up , both financially and literally .",dry up,Becoming_dry,An Entity loses moisture with the outcome of being in a dry state. 'The slab dries very quickly.',general,30,True,False,Cause_to_be_dry
"They can not breed without water , and their thin skins must be kept moist or they will dehydrate and die .",dehydrate,Becoming_dry,An Entity loses moisture with the outcome of being in a dry state. 'The slab dries very quickly.',general,22,True,False,Cause_to_be_dry
"If you work in a stuffy office , place bowls of water near the radiators or invest in a humidifier to keep the air moist and prevent your skin from dehydrating .",dehydrate,Becoming_dry,An Entity loses moisture with the outcome of being in a dry state. 'The slab dries very quickly.',general,32,True,False,Cause_to_be_dry
"Slabs being subducted today at the rims of large ocean basins are typically 60Myr old , and are accordingly cold enough to dehydrate before melting .",dehydrate,Becoming_dry,An Entity loses moisture with the outcome of being in a dry state. 'The slab dries very quickly.',general,26,True,False,Cause_to_be_dry
"And Murphy himself often looks edgy , as if he 's trying to button his lip ( he seems happiest with the funny improvised boy 's talk routines ) .",button (one's) lip,Becoming_silent,"In this frame a Speaker ceases speaking, sometimes about a particular Topic. An Expressor may also be indicated. '' The words of this frame are very frequently used imperatively, to the extent that certain words and phrases (not another word, silence, shhh) can only be used this way. 'Finally, Jan shut up about his car accident.' 'The children's laughter quieted down.' 'Somehow, he managed to hold his tongue.'",general,30,True,False,
"Which is why I suggest you button your lip , except to mention that whatever she decides , you are on her side , supporting her through what 's going to be a painful experience .",button (one's) lip,Becoming_silent,"In this frame a Speaker ceases speaking, sometimes about a particular Topic. An Expressor may also be indicated. '' The words of this frame are very frequently used imperatively, to the extent that certain words and phrases (not another word, silence, shhh) can only be used this way. 'Finally, Jan shut up about his car accident.' 'The children's laughter quieted down.' 'Somehow, he managed to hold his tongue.'",general,36,True,False,
"But there were times when he had to hold his tongue , if only to ensure that he could keep on using this fool for his own ends .",hold (one's) tongue,Becoming_silent,"In this frame a Speaker ceases speaking, sometimes about a particular Topic. An Expressor may also be indicated. '' The words of this frame are very frequently used imperatively, to the extent that certain words and phrases (not another word, silence, shhh) can only be used this way. 'Finally, Jan shut up about his car accident.' 'The children's laughter quieted down.' 'Somehow, he managed to hold his tongue.'",general,29,True,False,
"The excited chatter hushed as Charles in his capacity of presenter of the affair , came before the curtain .",hush,Becoming_silent,"In this frame a Speaker ceases speaking, sometimes about a particular Topic. An Expressor may also be indicated. '' The words of this frame are very frequently used imperatively, to the extent that certain words and phrases (not another word, silence, shhh) can only be used this way. 'Finally, Jan shut up about his car accident.' 'The children's laughter quieted down.' 'Somehow, he managed to hold his tongue.'",general,20,True,False,Silencing
"Northern Irish film-maker and writer Niall Leonard , fed up with the humourless stereotyping of his birthplace , has tried to break away from that image .",film-maker,Behind_the_scenes,"Artists work at various tasks that further the completion of a film, play, television show, or other similar Production. Artists never appear on stage or in front of a camera. Some (e.g., a director) may interact with the actors (on-screen participants) of the Production. Often times a particular Production is made for distribution by a Distributor, by a particular Studio, or in a specific Medium. The Artists may be categorized into Type or work in specific Medium. 'Steven Spielberg directed several films for Universal Pictures.' 'Universal Pictures and Amblin Entertainment produced Jurassic Park for MCA.' 'Surprisingly, this film producer was willing to work for a cable company.' 'Independent producers often win big at smaller film festivals.'",general,27,True,False,
"This is a great boon to the amateur camera operator who , unlike the professional film-maker , has to get by without an assistant to act as focus-puller .",film-maker,Behind_the_scenes,"Artists work at various tasks that further the completion of a film, play, television show, or other similar Production. Artists never appear on stage or in front of a camera. Some (e.g., a director) may interact with the actors (on-screen participants) of the Production. Often times a particular Production is made for distribution by a Distributor, by a particular Studio, or in a specific Medium. The Artists may be categorized into Type or work in specific Medium. 'Steven Spielberg directed several films for Universal Pictures.' 'Universal Pictures and Amblin Entertainment produced Jurassic Park for MCA.' 'Surprisingly, this film producer was willing to work for a cable company.' 'Independent producers often win big at smaller film festivals.'",general,29,True,False,
"In 1976 , a Danish film-maker called Jens Jorgen Thorsen came to Britain with the intention of making a film , provisionally entitled The Many Faces of Jesus .",film-maker,Behind_the_scenes,"Artists work at various tasks that further the completion of a film, play, television show, or other similar Production. Artists never appear on stage or in front of a camera. Some (e.g., a director) may interact with the actors (on-screen participants) of the Production. Often times a particular Production is made for distribution by a Distributor, by a particular Studio, or in a specific Medium. The Artists may be categorized into Type or work in specific Medium. 'Steven Spielberg directed several films for Universal Pictures.' 'Universal Pictures and Amblin Entertainment produced Jurassic Park for MCA.' 'Surprisingly, this film producer was willing to work for a cable company.' 'Independent producers often win big at smaller film festivals.'",general,29,True,False,
"If one wants to be accepted as a mainstream , serious film-maker it does n't strike me , if I were in that position , as a shrewd career move .",film-maker,Behind_the_scenes,"Artists work at various tasks that further the completion of a film, play, television show, or other similar Production. Artists never appear on stage or in front of a camera. Some (e.g., a director) may interact with the actors (on-screen participants) of the Production. Often times a particular Production is made for distribution by a Distributor, by a particular Studio, or in a specific Medium. The Artists may be categorized into Type or work in specific Medium. 'Steven Spielberg directed several films for Universal Pictures.' 'Universal Pictures and Amblin Entertainment produced Jurassic Park for MCA.' 'Surprisingly, this film producer was willing to work for a cable company.' 'Independent producers often win big at smaller film festivals.'",daily_life,31,True,False,
A majority of those elected in 1968 were later active in the civil rights movement and a number were involved in the DHAC at the time of their election .,active,Being_active,"An Agent is described as pursuing an Activity, expending some effort. The Agent may be active in a particular Role. Alternatively, the Activity itself may be described as having an Agent who is expending effort. In some cases, the Activity may involve a Salient_entity which may stand in for it. 'Sky, a Korean War veteran, was active in his opposition to Vietnam and continues to protest current combat in Iraq.' 'She is active in the community by establishing parent groups, life skills program, sharing circles and various Aboriginal cultural activities for young women..' 'John Colville was quite active as a land speculator in both Virginia and Maryland.'",general,30,True,False,Active_substance
Radical reform is necessary to enable those who do want to be active in political life to do so .,active,Being_active,"An Agent is described as pursuing an Activity, expending some effort. The Agent may be active in a particular Role. Alternatively, the Activity itself may be described as having an Agent who is expending effort. In some cases, the Activity may involve a Salient_entity which may stand in for it. 'Sky, a Korean War veteran, was active in his opposition to Vietnam and continues to protest current combat in Iraq.' 'She is active in the community by establishing parent groups, life skills program, sharing circles and various Aboriginal cultural activities for young women..' 'John Colville was quite active as a land speculator in both Virginia and Maryland.'",general,20,True,False,Active_substance
"Tigers are most active at night and feed on larger mammals such as deer , antelope and wild pigs .",active,Being_active,"An Agent is described as pursuing an Activity, expending some effort. The Agent may be active in a particular Role. Alternatively, the Activity itself may be described as having an Agent who is expending effort. In some cases, the Activity may involve a Salient_entity which may stand in for it. 'Sky, a Korean War veteran, was active in his opposition to Vietnam and continues to protest current combat in Iraq.' 'She is active in the community by establishing parent groups, life skills program, sharing circles and various Aboriginal cultural activities for young women..' 'John Colville was quite active as a land speculator in both Virginia and Maryland.'",general,20,True,False,Active_substance
"This is a rare sight ; badgers are normally only active at night , but because these cubs are so tame , there 's an eager audience waiting for a glimpse .",active,Being_active,"An Agent is described as pursuing an Activity, expending some effort. The Agent may be active in a particular Role. Alternatively, the Activity itself may be described as having an Agent who is expending effort. In some cases, the Activity may involve a Salient_entity which may stand in for it. 'Sky, a Korean War veteran, was active in his opposition to Vietnam and continues to protest current combat in Iraq.' 'She is active in the community by establishing parent groups, life skills program, sharing circles and various Aboriginal cultural activities for young women..' 'John Colville was quite active as a land speculator in both Virginia and Maryland.'",general,32,True,False,Active_substance
Some 90% of all Victorian pictures are bought by British collectors though a few Italian and even French dealers were active at London 's December auctions .,active,Being_active,"An Agent is described as pursuing an Activity, expending some effort. The Agent may be active in a particular Role. Alternatively, the Activity itself may be described as having an Agent who is expending effort. In some cases, the Activity may involve a Salient_entity which may stand in for it. 'Sky, a Korean War veteran, was active in his opposition to Vietnam and continues to protest current combat in Iraq.' 'She is active in the community by establishing parent groups, life skills program, sharing circles and various Aboriginal cultural activities for young women..' 'John Colville was quite active as a land speculator in both Virginia and Maryland.'",general,27,True,False,Active_substance
"Obair has been active on the question of employment , unemployment and training for people in West Belfast since 1987 .",active,Being_active,"An Agent is described as pursuing an Activity, expending some effort. The Agent may be active in a particular Role. Alternatively, the Activity itself may be described as having an Agent who is expending effort. In some cases, the Activity may involve a Salient_entity which may stand in for it. 'Sky, a Korean War veteran, was active in his opposition to Vietnam and continues to protest current combat in Iraq.' 'She is active in the community by establishing parent groups, life skills program, sharing circles and various Aboriginal cultural activities for young women..' 'John Colville was quite active as a land speculator in both Virginia and Maryland.'",business,21,True,False,Active_substance
"They were active on a large number of political , economic , and cultural issues , and their views closely reflected their varying socioeconomic positions .",active,Being_active,"An Agent is described as pursuing an Activity, expending some effort. The Agent may be active in a particular Role. Alternatively, the Activity itself may be described as having an Agent who is expending effort. In some cases, the Activity may involve a Salient_entity which may stand in for it. 'Sky, a Korean War veteran, was active in his opposition to Vietnam and continues to protest current combat in Iraq.' 'She is active in the community by establishing parent groups, life skills program, sharing circles and various Aboriginal cultural activities for young women..' 'John Colville was quite active as a land speculator in both Virginia and Maryland.'",general,26,True,False,Active_substance
"He was dressed in the manner of the Thirties with a broad-lapelled jacket , wide cuffs and dark tie firmly attached with a gold clip to a gleaming white shirt .",attached,Being_attached,"An Item is attached by a Handle, via a Connector, to a Goal, or Items are attached to each other. There may be a Dependent_state, which depends crucially on Item(s) being attached. 'My thumb was stuck to the tube of glue.' 'The prisoner's legs were shackled.'",general,31,True,False,
"With the two parts of the nozzle firmly attached by a Jubilee clip to the motor , the blower is ready for action .",attached,Being_attached,"An Item is attached by a Handle, via a Connector, to a Goal, or Items are attached to each other. There may be a Dependent_state, which depends crucially on Item(s) being attached. 'My thumb was stuck to the tube of glue.' 'The prisoner's legs were shackled.'",general,24,True,False,
"THE pressures on the conductor Mark Wigglesworth seem considerable -- his career constantly compared to the early days of Simon Rattle , and the rising star tag firmly attached to his travelling bag .",attached,Being_attached,"An Item is attached by a Handle, via a Connector, to a Goal, or Items are attached to each other. There may be a Dependent_state, which depends crucially on Item(s) being attached. 'My thumb was stuck to the tube of glue.' 'The prisoner's legs were shackled.'",daily_life,34,True,False,
A rope attached to this gaff enables a number of men to drag the whale into shallow water and hold the thrashing animal while others kill it with knives .,attached,Being_attached,"An Item is attached by a Handle, via a Connector, to a Goal, or Items are attached to each other. There may be a Dependent_state, which depends crucially on Item(s) being attached. 'My thumb was stuck to the tube of glue.' 'The prisoner's legs were shackled.'",general,30,True,False,
"Daeve was a knobbly-kneed schoolgirl in a navy blue pinafore , with red spot freckles on his cheeks and straw-coloured ropes attached to his beret .",attached,Being_attached,"An Item is attached by a Handle, via a Connector, to a Goal, or Items are attached to each other. There may be a Dependent_state, which depends crucially on Item(s) being attached. 'My thumb was stuck to the tube of glue.' 'The prisoner's legs were shackled.'",general,26,True,False,
The bucket had a rope attached to its handle and I skimmed it over the stern to haul up a gallon or so of sea-water which I slammed down in front of Rickie .,attached,Being_attached,"An Item is attached by a Handle, via a Connector, to a Goal, or Items are attached to each other. There may be a Dependent_state, which depends crucially on Item(s) being attached. 'My thumb was stuck to the tube of glue.' 'The prisoner's legs were shackled.'",general,34,True,False,
"She clipped the rope on to a hook attached to her suit , and made sure that the other end was securely fastened to a hook on the wall of the air lock .",attached,Being_attached,"An Item is attached by a Handle, via a Connector, to a Goal, or Items are attached to each other. There may be a Dependent_state, which depends crucially on Item(s) being attached. 'My thumb was stuck to the tube of glue.' 'The prisoner's legs were shackled.'",general,34,True,False,
"Lily was awake at six , trembly with excitement , but she made herself lie still beside her sleeping husband until she could see by the little alarm clock on his bedside table that it was seven .",awake,Being_awake,A Protagonist is awake at some Time and Place. This entails the Protagonist having a higher general level of awareness of the surroundings than when asleep. 'He's awake!',general,38,True,False,Waking_up
"I always posted two sentries at night , more if the situation warranted it , and Omar or I checked at intervals to make sure they were awake .",awake,Being_awake,A Protagonist is awake at some Time and Place. This entails the Protagonist having a higher general level of awareness of the surroundings than when asleep. 'He's awake!',news_politics,29,True,False,Waking_up
"Knowing that the village is close at hand , that the inn and the villagers will be awake for hours yet of summer light to welcome me , I linger , enjoying that expectancy of pleasure that is perhaps the most pleasurable part of a journey home .",awake,Being_awake,A Protagonist is awake at some Time and Place. This entails the Protagonist having a higher general level of awareness of the surroundings than when asleep. 'He's awake!',daily_life,48,True,False,Waking_up
( 2 ) When ducks have their eyes open they are awake ( Lendrem uses the ` I know what 's happening term '' ` vigilante '' . ),awake,Being_awake,A Protagonist is awake at some Time and Place. This entails the Protagonist having a higher general level of awareness of the surroundings than when asleep. 'He's awake!',general,29,True,False,Waking_up
"He was too awake , too full of things , to sleep , even so he lay there quietly , mulling things over , comforted by her warmth , her presence there beside him .",awake,Being_awake,A Protagonist is awake at some Time and Place. This entails the Protagonist having a higher general level of awareness of the surroundings than when asleep. 'He's awake!',news_politics,35,True,False,Waking_up
"With the baby on her arm and the little girl only half awake , stumbling behind , she splashed up the path to No 129 , knocked , was admitted .",awake,Being_awake,A Protagonist is awake at some Time and Place. This entails the Protagonist having a higher general level of awareness of the surroundings than when asleep. 'He's awake!',general,31,True,False,Waking_up
"She was born about AD 460 , daughter and granddaughter of Roman and Byzantine emperors , whose family had been prominent in Roman politics for over 700 years .",born,Being_born,"This frame concerns the inception of the life of a Child, generally human, at a particular Time and Place. The Relatives may also be mentioned. 'Little Jessie came into the world at 8 last night.'",daily_life,29,True,False,
"I was born in 1948 in Carlisle , the daughter of an unmarried working mother and a father whose name I do not know .",born,Being_born,"This frame concerns the inception of the life of a Child, generally human, at a particular Time and Place. The Relatives may also be mentioned. 'Little Jessie came into the world at 8 last night.'",daily_life,25,True,False,
"John Ellicott was born in 1706 , the son of a clockmaker , in the parish of All Hallows , London Wall .",born,Being_born,"This frame concerns the inception of the life of a Child, generally human, at a particular Time and Place. The Relatives may also be mentioned. 'Little Jessie came into the world at 8 last night.'",general,23,True,False,
"Waksman was born in the Ukraine , the son of a small trader in a small town , and suffered the difficulties common to the Jewish community in that environment .",born,Being_born,"This frame concerns the inception of the life of a Child, generally human, at a particular Time and Place. The Relatives may also be mentioned. 'Little Jessie came into the world at 8 last night.'",business,31,True,False,
"He was born in London in 1555 , eldest son of a Master of Trinity House , from whom he was to inherit a substantial property .",born,Being_born,"This frame concerns the inception of the life of a Child, generally human, at a particular Time and Place. The Relatives may also be mentioned. 'Little Jessie came into the world at 8 last night.'",general,27,True,False,
"He was born in India , the son of a father with a distinguished military career in the Gurkhas , and was brought up in what was Rhodesia .",born,Being_born,"This frame concerns the inception of the life of a Child, generally human, at a particular Time and Place. The Relatives may also be mentioned. 'Little Jessie came into the world at 8 last night.'",daily_life,29,True,False,
"He was soon posted to north Africa , and never met their only child , a daughter born 8 June 1941 .",born,Being_born,"This frame concerns the inception of the life of a Child, generally human, at a particular Time and Place. The Relatives may also be mentioned. 'Little Jessie came into the world at 8 last night.'",general,22,True,False,
"In fact , the 16 million babies born each year in the rich world will have four times as great an impact on the world 's resources as the 109 million born in the poor world .",born,Being_born,"This frame concerns the inception of the life of a Child, generally human, at a particular Time and Place. The Relatives may also be mentioned. 'Little Jessie came into the world at 8 last night.'",general,37,True,False,
"` Oh , I do n't mind them , '' said Bob , wedging his head against the back of the chair , so that the colossal thumping going on inside his skull would n't shake it loose from its mountings .",loose,Being_detached,"An Item is detached from a Source, or Items are detached from each other. 'When the snow plow is disconnected from the vehicle, extend the lift cylinder to the end of its stroke and coat the chrome rod with a light grease.' 'The gold leaves that are unattached to the engraved surfaces fall off.' 'By 5:00 to 5:30 (depending on the time of year) the boat is unmoored and loaded.'",general,42,True,False,
` East Germany is crawling with spies and traitors .,crawling,Abounding_with,"A Location is filled or covered with the Theme. The Location is realized as the External Argument, and the Theme either as PP complement headed by with, in or of. NB: This frame does not include uses of adjectives like paved when they merely specify the Type of some location, as in ""paved and unpaved roads"". 'The waters of the bay teemed with fish.' 'The waters of the bay were teeming with fish.' 'The road was completely covered in mud.'",general,10,False,False,
It 's crawling with cops .,crawling,Abounding_with,"A Location is filled or covered with the Theme. The Location is realized as the External Argument, and the Theme either as PP complement headed by with, in or of. NB: This frame does not include uses of adjectives like paved when they merely specify the Type of some location, as in ""paved and unpaved roads"". 'The waters of the bay teemed with fish.' 'The waters of the bay were teeming with fish.' 'The road was completely covered in mud.'",general,6,False,False,
"Strangely enough , water birds are most abundant in the Dry Zone .",abundant,Abundance,The Quantity of a Collection occurring in a Place has a particular Measure. The Measure of the Collection is referred to only in terms of how the Measure diverges from a norm for Collections of the specified type. Degree may further refine the relation of the Measure to the norm. 'Beauty is abundant in a land flowing with snowmelt.' 'Detritus of life abounds in the atmosphere. ' 'There was a recent discovery that exotic microbes teem in the rocks hundreds of metres beneath the floor of the Pacific Ocean.',general,13,False,False,
One thing becomes clear about large animal size : such creatures must have an abundant supply of food .,abundant,Abundance,The Quantity of a Collection occurring in a Place has a particular Measure. The Measure of the Collection is referred to only in terms of how the Measure diverges from a norm for Collections of the specified type. Degree may further refine the relation of the Measure to the norm. 'Beauty is abundant in a land flowing with snowmelt.' 'Detritus of life abounds in the atmosphere. ' 'There was a recent discovery that exotic microbes teem in the rocks hundreds of metres beneath the floor of the Pacific Ocean.',daily_life,19,False,False,
"Until 15 years ago , the frogs were abundant in Northern Australia .",abundant,Abundance,The Quantity of a Collection occurring in a Place has a particular Measure. The Measure of the Collection is referred to only in terms of how the Measure diverges from a norm for Collections of the specified type. Degree may further refine the relation of the Measure to the norm. 'Beauty is abundant in a land flowing with snowmelt.' 'Detritus of life abounds in the atmosphere. ' 'There was a recent discovery that exotic microbes teem in the rocks hundreds of metres beneath the floor of the Pacific Ocean.',general,13,False,False,
It is indeed very rare for a case of sexual abuse by a teacher to surface publicly .,abuse,Abusing,"In this frame an Abuser repeatedly treats the Victim in a cruel and violent way, including physically harming or forcing the Victim to engage in sexual activity against their will. The Victim usually lacks the power to resist or fight back. A Type of abuse may be indicated. There may also be a Degree. ' Her father verbally abused her mother. '",legal,18,False,False,
One girl talked to us about her sexual abuse .,abuse,Abusing,"In this frame an Abuser repeatedly treats the Victim in a cruel and violent way, including physically harming or forcing the Victim to engage in sexual activity against their will. The Victim usually lacks the power to resist or fight back. A Type of abuse may be indicated. There may also be a Degree. ' Her father verbally abused her mother. '",general,10,False,False,
In March the first Soviet military units began withdrawing with their equipment from Czechoslovakia and Hungary .,with,Accompaniment,A Co_participant fills the same role as the Participant in an event or relation. '' 'The mayor was killed along with three bodyguards and his driver.' 'The doctor told me to take my regular pill in combination with the new drug and I will be cured of my symptoms.',general,17,False,False,Have_associated
Prosperity has brought with it a new emphasis on historic preservation .,with,Accompaniment,A Co_participant fills the same role as the Participant in an event or relation. '' 'The mayor was killed along with three bodyguards and his driver.' 'The doctor told me to take my regular pill in combination with the new drug and I will be cured of my symptoms.',general,12,False,False,Have_associated
Leonie had exactly one hour to accomplish her mission .,accomplish,Accomplishment,"After a period in which the Agent has been working on a Goal, the Agent manages to attain it. The Goal may be a desired state, or be conceptualized as an event. '' 'Jeremey obediently accomplished this task.' 'In response, the Prime Minister has simply cited his free-market accomplishments. '",general,10,False,False,
"In the past 200 years , America has accomplished feats which took other countries years to achieve .",accomplish,Accomplishment,"After a period in which the Agent has been working on a Goal, the Agent manages to attain it. The Goal may be a desired state, or be conceptualized as an event. '' 'Jeremey obediently accomplished this task.' 'In response, the Prime Minister has simply cited his free-market accomplishments. '",general,18,False,False,
You can accomplish much more without any damage to health or mental stability .,accomplish,Accomplishment,"After a period in which the Agent has been working on a Goal, the Agent manages to attain it. The Goal may be a desired state, or be conceptualized as an event. '' 'Jeremey obediently accomplished this task.' 'In response, the Prime Minister has simply cited his free-market accomplishments. '",general,14,False,False,
Barbarossa 's own depiction shows imperial regalia of orb and sceptre .,regalia,Accoutrements,"A Wearer wears accessories, which are made of some Material and may have a Style. Most of the accessories are non-essential (clothing) items. 'She wore a black velvet hat on her head.'",general,12,False,False,Clothing
"` I expect she would laugh her socks off if she found you here in royal regalia ! """,regalia,Accoutrements,"A Wearer wears accessories, which are made of some Material and may have a Style. Most of the accessories are non-essential (clothing) items. 'She wore a black velvet hat on her head.'",general,19,False,False,Clothing
He did so wearing his coral regalia .,regalia,Accoutrements,"A Wearer wears accessories, which are made of some Material and may have a Style. Most of the accessories are non-essential (clothing) items. 'She wore a black velvet hat on her head.'",general,8,False,False,Clothing
Large samples should permit more accurate estimates of prevalence than smaller studies .,accurate,Accuracy,"An Agent is involved in an activity whose degree of success is dependent on a parameter of the action matching a particular set of values of a continuous variable or variables (e.g. quantity, location, time). The Agent, or metonymically the Instrument or Means action, is described in terms of the actual or expected Deviation between the location, time, or quantity in the activity and the location, time, or quantity which is necessary for the intended event. 'The Longview Rangefinder is accurate to within one foot per hundred yards .' 'His estimate was off by an order of magnitude .' 'The fork truck operator must be fairly accurate in his aim.' 'The precision of the daily measurements is dependent on a number of factors.'",general,13,False,False,Correctness
"Another side of Alfieri 's very accurate sense of perception , is his fatalism .",accurate,Accuracy,"An Agent is involved in an activity whose degree of success is dependent on a parameter of the action matching a particular set of values of a continuous variable or variables (e.g. quantity, location, time). The Agent, or metonymically the Instrument or Means action, is described in terms of the actual or expected Deviation between the location, time, or quantity in the activity and the location, time, or quantity which is necessary for the intended event. 'The Longview Rangefinder is accurate to within one foot per hundred yards .' 'His estimate was off by an order of magnitude .' 'The fork truck operator must be fairly accurate in his aim.' 'The precision of the daily measurements is dependent on a number of factors.'",general,15,False,False,Correctness
Bar charts are very versatile and accurate .,accurate,Accuracy,"An Agent is involved in an activity whose degree of success is dependent on a parameter of the action matching a particular set of values of a continuous variable or variables (e.g. quantity, location, time). The Agent, or metonymically the Instrument or Means action, is described in terms of the actual or expected Deviation between the location, time, or quantity in the activity and the location, time, or quantity which is necessary for the intended event. 'The Longview Rangefinder is accurate to within one foot per hundred yards .' 'His estimate was off by an order of magnitude .' 'The fork truck operator must be fairly accurate in his aim.' 'The precision of the daily measurements is dependent on a number of factors.'",general,8,False,False,Correctness
The agency originated no new creative work for the brands .,originate,Achieving_first,A Cognizer introduces a New_idea into society. 'It is difficult to imagine how different our lives would be without Edison's invention of the light bulb.',general,11,False,False,Origin
"If Burun had originated the plot , it was possible that he felt some responsibility towards Sidacai .",originate,Achieving_first,A Cognizer introduces a New_idea into society. 'It is difficult to imagine how different our lives would be without Edison's invention of the light bulb.',news_politics,18,False,False,Origin
"So , come , let 's be done with it ! """,done,Activity_done_state,An Agent has completed an Activity. '' 'Finally I am done cleaning the apartment.' 'Construction on the new Safeway was done by October.',general,12,False,False,Process_completed_state
Faith was done with old-fashioned equipment ; we needed more equipment to do the water-crossings ahead .,done,Activity_done_state,An Agent has completed an Activity. '' 'Finally I am done cleaning the apartment.' 'Construction on the new Safeway was done by October.',general,17,False,False,Process_completed_state
"I am done with you ; you may lead your lives as you wish . """,done,Activity_done_state,An Agent has completed an Activity. '' 'Finally I am done cleaning the apartment.' 'Construction on the new Safeway was done by October.',general,16,False,False,Process_completed_state
"I 'll take the English car and be done with it . """,done,Activity_done_state,An Agent has completed an Activity. '' 'Finally I am done cleaning the apartment.' 'Construction on the new Safeway was done by October.',daily_life,13,False,False,Process_completed_state
"The Second Temple was finished in 515 b.c. , but much of the city still lay in ruins .",finished,Activity_done_state,An Agent has completed an Activity. '' 'Finally I am done cleaning the apartment.' 'Construction on the new Safeway was done by October.',general,19,False,False,Process_completed_state
When Miss Thorne finished working on the scene he heard his companions sigh with relief .,finish,Activity_finish,"An Agent finishes an Activity, which can no longer logically continue. This frame is a subframe of Activity. '' 'Jason completed grading the papers late Sunday night.' 'Upon completion of the final exam, Ava tossed out her notes. '",general,16,False,False,
"She had finished tea , and the tray was still at her side .",finish,Activity_finish,"An Agent finishes an Activity, which can no longer logically continue. This frame is a subframe of Activity. '' 'Jason completed grading the papers late Sunday night.' 'Upon completion of the final exam, Ava tossed out her notes. '",general,14,False,False,
"Waiting and more waiting , thought Claudel as he finished breakfast .",finish,Activity_finish,"An Agent finishes an Activity, which can no longer logically continue. This frame is a subframe of Activity. '' 'Jason completed grading the papers late Sunday night.' 'Upon completion of the final exam, Ava tossed out her notes. '",general,12,False,False,
Then finish the vegetables .,finish,Activity_finish,"An Agent finishes an Activity, which can no longer logically continue. This frame is a subframe of Activity. '' 'Jason completed grading the papers late Sunday night.' 'Upon completion of the final exam, Ava tossed out her notes. '",general,5,False,False,
"“ It 's the best … it 's the best , ” but he never finished .",finish,Activity_finish,"An Agent finishes an Activity, which can no longer logically continue. This frame is a subframe of Activity. '' 'Jason completed grading the papers late Sunday night.' 'Upon completion of the final exam, Ava tossed out her notes. '",general,17,False,False,
Are you all finished now ?,finish,Activity_finish,"An Agent finishes an Activity, which can no longer logically continue. This frame is a subframe of Activity. '' 'Jason completed grading the papers late Sunday night.' 'Upon completion of the final exam, Ava tossed out her notes. '",general,6,False,False,
"Business suspended , thought Richard .",suspend,Activity_pause,An Agent pauses in the course of an Activity. '' 'The government froze settlement construction in 1992 to facilitate peace talks.' 'The lifting of the nuclear freeze was deemed necessary to generate needed electricity.',general,6,False,False,
Both countries suspended aid to the islands while the mercenaries were in control .,suspend,Activity_pause,An Agent pauses in the course of an Activity. '' 'The government froze settlement construction in 1992 to facilitate peace talks.' 'The lifting of the nuclear freeze was deemed necessary to generate needed electricity.',general,14,False,False,
The case was suspended indefinitely .,suspend,Activity_pause,An Agent pauses in the course of an Activity. '' 'The government froze settlement construction in 1992 to facilitate peace talks.' 'The lifting of the nuclear freeze was deemed necessary to generate needed electricity.',legal,6,False,False,
The session was temporarily suspended .,suspend,Activity_pause,An Agent pauses in the course of an Activity. '' 'The government froze settlement construction in 1992 to facilitate peace talks.' 'The lifting of the nuclear freeze was deemed necessary to generate needed electricity.',general,6,False,False,
But I did n't prepare carefully enough .,prepare,Activity_prepare,An Agent prepares for an Activity. '' 'The troops were preparing themselves for the mission.' 'The boats are getting ready to leave the pier.',daily_life,8,False,False,Cooking_creation
[ Mississippi ] National Guard Prepares For Hurricane Season [ and Chemical Terrorism ],prepare,Activity_prepare,An Agent prepares for an Activity. '' 'The troops were preparing themselves for the mission.' 'The boats are getting ready to leave the pier.',science_medical,14,False,False,Cooking_creation
So you are now ready to go rabbiting .,ready,Activity_ready_state,"The Protagonist is in an initial state, before beginning to be involved in the Activity, but all pre-conditions for performance of the Activity have been satisfied. In many cases, the Protagonist is an intentional agent, but there are other uses in which the agent is deprofiled, and the Protagonist is an entity which is essential to the Activity. Alternatively, the Activity may be indicated by a Salient_entity which stands in for the Activity. This Salient_entity may also be an intentional agent, but need not be. 'She 's not ready ! DNI.' 'He 's ready to talk , I think .' 'Is the UK government ready to do a u-turn on passport-ID cards ?' 'Check and see if Sal is ready for the bathtub .' 'The world is finally prepared for him !'",general,9,False,False,Activity_prepare
"` As you can see , I 'm not quite ready .",ready,Activity_ready_state,"The Protagonist is in an initial state, before beginning to be involved in the Activity, but all pre-conditions for performance of the Activity have been satisfied. In many cases, the Protagonist is an intentional agent, but there are other uses in which the agent is deprofiled, and the Protagonist is an entity which is essential to the Activity. Alternatively, the Activity may be indicated by a Salient_entity which stands in for the Activity. This Salient_entity may also be an intentional agent, but need not be. 'She 's not ready ! DNI.' 'He 's ready to talk , I think .' 'Is the UK government ready to do a u-turn on passport-ID cards ?' 'Check and see if Sal is ready for the bathtub .' 'The world is finally prepared for him !'",general,12,False,False,Activity_prepare
After that we will be ready to look at specific policies in more detail .,ready,Activity_ready_state,"The Protagonist is in an initial state, before beginning to be involved in the Activity, but all pre-conditions for performance of the Activity have been satisfied. In many cases, the Protagonist is an intentional agent, but there are other uses in which the agent is deprofiled, and the Protagonist is an entity which is essential to the Activity. Alternatively, the Activity may be indicated by a Salient_entity which stands in for the Activity. This Salient_entity may also be an intentional agent, but need not be. 'She 's not ready ! DNI.' 'He 's ready to talk , I think .' 'Is the UK government ready to do a u-turn on passport-ID cards ?' 'Check and see if Sal is ready for the bathtub .' 'The world is finally prepared for him !'",general,15,False,False,Activity_prepare
"We were very , very angry and more than ready for a fight .",ready,Activity_ready_state,"The Protagonist is in an initial state, before beginning to be involved in the Activity, but all pre-conditions for performance of the Activity have been satisfied. In many cases, the Protagonist is an intentional agent, but there are other uses in which the agent is deprofiled, and the Protagonist is an entity which is essential to the Activity. Alternatively, the Activity may be indicated by a Salient_entity which stands in for the Activity. This Salient_entity may also be an intentional agent, but need not be. 'She 's not ready ! DNI.' 'He 's ready to talk , I think .' 'Is the UK government ready to do a u-turn on passport-ID cards ?' 'Check and see if Sal is ready for the bathtub .' 'The world is finally prepared for him !'",general,14,False,False,Activity_prepare
Aung San renewed his appeal to Nu to come in .,renew,Activity_resume,An Agent resumes participation in an Activity. Progress on the Activity is retained from before the interruption. 'Normal Service Will Be Resumed Shortly. CNI' The Kinshasa government has resumed supporting Rwandan rebels.,general,11,False,False,Rejuvenation
"In the debate referred to , the senior judges renewed their attack .",renew,Activity_resume,An Agent resumes participation in an Activity. Progress on the Activity is retained from before the interruption. 'Normal Service Will Be Resumed Shortly. CNI' The Kinshasa government has resumed supporting Rwandan rebels.,legal,13,False,False,Rejuvenation
"Sugar addicts gain weight , rot their teeth , and in extreme cases may even develop diabetes .",addict,Addiction,"This frame concerns an Addict's physiological or psychological compulsive dependence on an Addictant, the substance or behavior to which the Addict is addicted. '' 'Although she was never a big fan of drugs, she became hooked on that designer drug instantly.' 'He is a cocaine addict.' 'There are some cocaine addicts living in the house across the street.'",legal,18,False,False,
He would have hated it if you 'd known he was an addict .,addict,Addiction,"This frame concerns an Addict's physiological or psychological compulsive dependence on an Addictant, the substance or behavior to which the Addict is addicted. '' 'Although she was never a big fan of drugs, she became hooked on that designer drug instantly.' 'He is a cocaine addict.' 'There are some cocaine addicts living in the house across the street.'",general,14,False,False,
` You ai n't going to have fun with two goddamn cocaine addicts .,addict,Addiction,"This frame concerns an Addict's physiological or psychological compulsive dependence on an Addictant, the substance or behavior to which the Addict is addicted. '' 'Although she was never a big fan of drugs, she became hooked on that designer drug instantly.' 'He is a cocaine addict.' 'There are some cocaine addicts living in the house across the street.'",general,14,False,False,
"He 's a cocaine addict , and recently his behaviour has deteriorated rapidly .",addict,Addiction,"This frame concerns an Addict's physiological or psychological compulsive dependence on an Addictant, the substance or behavior to which the Addict is addicted. '' 'Although she was never a big fan of drugs, she became hooked on that designer drug instantly.' 'He is a cocaine addict.' 'There are some cocaine addicts living in the house across the street.'",general,14,False,False,
The respondent may also adduce argument .,adduce,Adducing,"A Speaker mentions a Specified_entity filling a Role, thereby providing information which supports a point of the Speaker. 'He cites the chief original observations adduced by Darwin as evidence for his theory.' 'Mexico cited the drought, now in its eighth year, to avoid releasing Texas' full share of 110 billion gallons per year from the reservoirs. DNI' 'An objector will immediately point to the lack of stability of this simple, some will say simple-minded, hierarchy. DNI' 'She expected a restaurant as their meeting place, but instead the lady named the hotel where she was staying.DNI' 'Where is the second-order neural pattern located? Damasio already pointed to the cingulate cortex in his 1994 book.'",general,7,False,False,
They adduce support for it mainly by removing misunderstandings and a few possible objections .,adduce,Adducing,"A Speaker mentions a Specified_entity filling a Role, thereby providing information which supports a point of the Speaker. 'He cites the chief original observations adduced by Darwin as evidence for his theory.' 'Mexico cited the drought, now in its eighth year, to avoid releasing Texas' full share of 110 billion gallons per year from the reservoirs. DNI' 'An objector will immediately point to the lack of stability of this simple, some will say simple-minded, hierarchy. DNI' 'She expected a restaurant as their meeting place, but instead the lady named the hotel where she was staying.DNI' 'Where is the second-order neural pattern located? Damasio already pointed to the cingulate cortex in his 1994 book.'",general,15,False,False,
Adjacent to the village is the restored Tang Chung Ling Ancestral Hall .,adjacent,Adjacency,"A Figure is located adjacent to a Ground. This is equivalent to the Figure and Ground either constituting or being associated with a zone, with each zone in contact with the zone of the other. 'The two houses were adjacent , so she bought them together .' 'The bedroom adjoining hers was much smaller .' 'The park borders a very upscale neighborhood .' 'While you solder , make sure the neighboring pins don't get overheated . DNI ' This frame is intended to cover productive metaphor cases such as those found in ""adjacent web pages""--referring to pages that metaphorically ""share a border"" by virtue of sharing a hyperlink, as well as many additional cases of entities which are cognitively associated in other ways. There are a number of less productive metaphors that are also intended to be included in this frame, e.g. ""behavior bordering on lunacy"", ""cleanliness is next to godliness"", despite the fact that conventionally we do not find ""adjacent to lunacy"", etc. Though these expressions sound creative, they are immediately understandable and contextually unobjectionable.",general,13,False,False,
It is a limited infestation on some parts of council land and railway land adjacent to Main Street .,adjacent,Adjacency,"A Figure is located adjacent to a Ground. This is equivalent to the Figure and Ground either constituting or being associated with a zone, with each zone in contact with the zone of the other. 'The two houses were adjacent , so she bought them together .' 'The bedroom adjoining hers was much smaller .' 'The park borders a very upscale neighborhood .' 'While you solder , make sure the neighboring pins don't get overheated . DNI ' This frame is intended to cover productive metaphor cases such as those found in ""adjacent web pages""--referring to pages that metaphorically ""share a border"" by virtue of sharing a hyperlink, as well as many additional cases of entities which are cognitively associated in other ways. There are a number of less productive metaphors that are also intended to be included in this frame, e.g. ""behavior bordering on lunacy"", ""cleanliness is next to godliness"", despite the fact that conventionally we do not find ""adjacent to lunacy"", etc. Though these expressions sound creative, they are immediately understandable and contextually unobjectionable.",news_politics,19,False,False,
Land adjacent to the site would be developed as the Lancashire Enterprises Business and Technology Park .,adjacent,Adjacency,"A Figure is located adjacent to a Ground. This is equivalent to the Figure and Ground either constituting or being associated with a zone, with each zone in contact with the zone of the other. 'The two houses were adjacent , so she bought them together .' 'The bedroom adjoining hers was much smaller .' 'The park borders a very upscale neighborhood .' 'While you solder , make sure the neighboring pins don't get overheated . DNI ' This frame is intended to cover productive metaphor cases such as those found in ""adjacent web pages""--referring to pages that metaphorically ""share a border"" by virtue of sharing a hyperlink, as well as many additional cases of entities which are cognitively associated in other ways. There are a number of less productive metaphors that are also intended to be included in this frame, e.g. ""behavior bordering on lunacy"", ""cleanliness is next to godliness"", despite the fact that conventionally we do not find ""adjacent to lunacy"", etc. Though these expressions sound creative, they are immediately understandable and contextually unobjectionable.",general,17,False,False,
We welcome disabled visitors to whom we offer excellent purpose-built accommodation with parking adjacent to all rooms .,adjacent,Adjacency,"A Figure is located adjacent to a Ground. This is equivalent to the Figure and Ground either constituting or being associated with a zone, with each zone in contact with the zone of the other. 'The two houses were adjacent , so she bought them together .' 'The bedroom adjoining hers was much smaller .' 'The park borders a very upscale neighborhood .' 'While you solder , make sure the neighboring pins don't get overheated . DNI ' This frame is intended to cover productive metaphor cases such as those found in ""adjacent web pages""--referring to pages that metaphorically ""share a border"" by virtue of sharing a hyperlink, as well as many additional cases of entities which are cognitively associated in other ways. There are a number of less productive metaphors that are also intended to be included in this frame, e.g. ""behavior bordering on lunacy"", ""cleanliness is next to godliness"", despite the fact that conventionally we do not find ""adjacent to lunacy"", etc. Though these expressions sound creative, they are immediately understandable and contextually unobjectionable.",daily_life,18,False,False,
Individual constructors can easily adjust the rates to suite their own fancy .,adjust,Adjusting,"An Agent changes a Part of a complex entity with regard to some Feature in order to achieve some Imposed_purpose affected by the Feature. The complex entity is often a device or mechanism, but may also be an abstract entity such as the economy. Also, the full entity may be used in place of the Part. 'I need to adjust the thermostat to around 80 degrees when she visits.' 'It didn't work the first time , so she had to tweak the oven a little .' 'Greenspan expressed confidence that the current calibration of interest rates was not an overcompensation .'",general,13,False,False,
Fig12 Your feet should be adjusted to this position immediately before you set off .,adjust,Adjusting,"An Agent changes a Part of a complex entity with regard to some Feature in order to achieve some Imposed_purpose affected by the Feature. The complex entity is often a device or mechanism, but may also be an abstract entity such as the economy. Also, the full entity may be used in place of the Part. 'I need to adjust the thermostat to around 80 degrees when she visits.' 'It didn't work the first time , so she had to tweak the oven a little .' 'Greenspan expressed confidence that the current calibration of interest rates was not an overcompensation .'",general,15,False,False,
The proximal end of the stent is adjusted to be level with the papillary orifice .,adjust,Adjusting,"An Agent changes a Part of a complex entity with regard to some Feature in order to achieve some Imposed_purpose affected by the Feature. The complex entity is often a device or mechanism, but may also be an abstract entity such as the economy. Also, the full entity may be used in place of the Part. 'I need to adjust the thermostat to around 80 degrees when she visits.' 'It didn't work the first time , so she had to tweak the oven a little .' 'Greenspan expressed confidence that the current calibration of interest rates was not an overcompensation .'",general,16,False,False,
Finally adjust the pH to 8.5 with pH 9 borate buffer .,adjust,Adjusting,"An Agent changes a Part of a complex entity with regard to some Feature in order to achieve some Imposed_purpose affected by the Feature. The complex entity is often a device or mechanism, but may also be an abstract entity such as the economy. Also, the full entity may be used in place of the Part. 'I need to adjust the thermostat to around 80 degrees when she visits.' 'It didn't work the first time , so she had to tweak the oven a little .' 'Greenspan expressed confidence that the current calibration of interest rates was not an overcompensation .'",general,12,False,False,
"On the Jewish question , Lenin adopted Kautsky 's position .",adopt,Adopt_selection,"An Agent has an Attribute which can take different Values, and the Agent selects and then begins to use some Value for that Attribute. The Attribute includes both physical (shape, color) and abstract (belief, practice) types. For some LUs in this frame, it is common for only the Value to be expressed, with the Attribute implicit. (Often this implicit attribute can be given second-layer expression on the Value. Note that such second-layer annotation should be assumed in the first two examples below.) 'They scoff at their opponents and assume an air of superior knowledge' 'There are times when teachers should adopt a neutral stance in discussion of morally controversial issues.' 'A person does not have to make the statement ""I adopt this as my position"" to do so.'",general,11,False,False,
But they went one stage further : Soviet socialism adopted a stance of militant atheism .,adopt,Adopt_selection,"An Agent has an Attribute which can take different Values, and the Agent selects and then begins to use some Value for that Attribute. The Attribute includes both physical (shape, color) and abstract (belief, practice) types. For some LUs in this frame, it is common for only the Value to be expressed, with the Attribute implicit. (Often this implicit attribute can be given second-layer expression on the Value. Note that such second-layer annotation should be assumed in the first two examples below.) 'They scoff at their opponents and assume an air of superior knowledge' 'There are times when teachers should adopt a neutral stance in discussion of morally controversial issues.' 'A person does not have to make the statement ""I adopt this as my position"" to do so.'",general,16,False,False,
` Those new masters of yours will not expect you to adopt this perspective .,adopt,Adopt_selection,"An Agent has an Attribute which can take different Values, and the Agent selects and then begins to use some Value for that Attribute. The Attribute includes both physical (shape, color) and abstract (belief, practice) types. For some LUs in this frame, it is common for only the Value to be expressed, with the Attribute implicit. (Often this implicit attribute can be given second-layer expression on the Value. Note that such second-layer annotation should be assumed in the first two examples below.) 'They scoff at their opponents and assume an air of superior knowledge' 'There are times when teachers should adopt a neutral stance in discussion of morally controversial issues.' 'A person does not have to make the statement ""I adopt this as my position"" to do so.'",general,15,False,False,
Gassendi adopted it enthusiastically and argued for it at great length .,adopt,Adopt_selection,"An Agent has an Attribute which can take different Values, and the Agent selects and then begins to use some Value for that Attribute. The Attribute includes both physical (shape, color) and abstract (belief, practice) types. For some LUs in this frame, it is common for only the Value to be expressed, with the Attribute implicit. (Often this implicit attribute can be given second-layer expression on the Value. Note that such second-layer annotation should be assumed in the first two examples below.) 'They scoff at their opponents and assume an air of superior knowledge' 'There are times when teachers should adopt a neutral stance in discussion of morally controversial issues.' 'A person does not have to make the statement ""I adopt this as my position"" to do so.'",general,12,False,False,
Within a few minutes it was adopted unanimously .,adopt,Adopt_selection,"An Agent has an Attribute which can take different Values, and the Agent selects and then begins to use some Value for that Attribute. The Attribute includes both physical (shape, color) and abstract (belief, practice) types. For some LUs in this frame, it is common for only the Value to be expressed, with the Attribute implicit. (Often this implicit attribute can be given second-layer expression on the Value. Note that such second-layer annotation should be assumed in the first two examples below.) 'They scoff at their opponents and assume an air of superior knowledge' 'There are times when teachers should adopt a neutral stance in discussion of morally controversial issues.' 'A person does not have to make the statement ""I adopt this as my position"" to do so.'",general,9,False,False,
"Again , officially , trade unions adopt anti-discrimination policies .",adopt,Adopt_selection,"An Agent has an Attribute which can take different Values, and the Agent selects and then begins to use some Value for that Attribute. The Attribute includes both physical (shape, color) and abstract (belief, practice) types. For some LUs in this frame, it is common for only the Value to be expressed, with the Attribute implicit. (Often this implicit attribute can be given second-layer expression on the Value. Note that such second-layer annotation should be assumed in the first two examples below.) 'They scoff at their opponents and assume an air of superior knowledge' 'There are times when teachers should adopt a neutral stance in discussion of morally controversial issues.' 'A person does not have to make the statement ""I adopt this as my position"" to do so.'",business,10,False,False,
His account I gratefully adopt .,adopt,Adopt_selection,"An Agent has an Attribute which can take different Values, and the Agent selects and then begins to use some Value for that Attribute. The Attribute includes both physical (shape, color) and abstract (belief, practice) types. For some LUs in this frame, it is common for only the Value to be expressed, with the Attribute implicit. (Often this implicit attribute can be given second-layer expression on the Value. Note that such second-layer annotation should be assumed in the first two examples below.) 'They scoff at their opponents and assume an air of superior knowledge' 'There are times when teachers should adopt a neutral stance in discussion of morally controversial issues.' 'A person does not have to make the statement ""I adopt this as my position"" to do so.'",general,6,False,False,
"Besides its industrial uses , the metal has been readily adopted for tableware .",adopt,Adopt_selection,"An Agent has an Attribute which can take different Values, and the Agent selects and then begins to use some Value for that Attribute. The Attribute includes both physical (shape, color) and abstract (belief, practice) types. For some LUs in this frame, it is common for only the Value to be expressed, with the Attribute implicit. (Often this implicit attribute can be given second-layer expression on the Value. Note that such second-layer annotation should be assumed in the first two examples below.) 'They scoff at their opponents and assume an air of superior knowledge' 'There are times when teachers should adopt a neutral stance in discussion of morally controversial issues.' 'A person does not have to make the statement ""I adopt this as my position"" to do so.'",news_politics,14,False,False,
"Initially you will adopt a tense stance , concentrating the mind on which action brings about what result .",adopt,Adopt_selection,"An Agent has an Attribute which can take different Values, and the Agent selects and then begins to use some Value for that Attribute. The Attribute includes both physical (shape, color) and abstract (belief, practice) types. For some LUs in this frame, it is common for only the Value to be expressed, with the Attribute implicit. (Often this implicit attribute can be given second-layer expression on the Value. Note that such second-layer annotation should be assumed in the first two examples below.) 'They scoff at their opponents and assume an air of superior knowledge' 'There are times when teachers should adopt a neutral stance in discussion of morally controversial issues.' 'A person does not have to make the statement ""I adopt this as my position"" to do so.'",general,19,False,False,
For half of my life I have lived here with the most beautiful woman in the world .,beautiful,Aesthetics,An Entity is judged to be sensually pleasing or intellectually interesting to a (generally implicit) Judge. 'We saw this beautiful boat with the red sails several times' 'We camped here on the beach and had an absolutely lovely early morning walk through farm fields',general,18,False,False,
"She was looking at a picture of Miss Rosalie Ray , a very beautiful young woman .",beautiful,Aesthetics,An Entity is judged to be sensually pleasing or intellectually interesting to a (generally implicit) Judge. 'We saw this beautiful boat with the red sails several times' 'We camped here on the beach and had an absolutely lovely early morning walk through farm fields',general,17,False,False,
"Florence is much more romantic , but the most beautiful city in Italy is Bologna .",beautiful,Aesthetics,An Entity is judged to be sensually pleasing or intellectually interesting to a (generally implicit) Judge. 'We saw this beautiful boat with the red sails several times' 'We camped here on the beach and had an absolutely lovely early morning walk through farm fields',general,16,False,False,
Set in a quiet location amid beautiful meadows in this traditional Tyrolean hotel .,beautiful,Aesthetics,An Entity is judged to be sensually pleasing or intellectually interesting to a (generally implicit) Judge. 'We saw this beautiful boat with the red sails several times' 'We camped here on the beach and had an absolutely lovely early morning walk through farm fields',general,14,False,False,
"Would you like to see our beautiful country , Mrs Harland ?",beautiful,Aesthetics,An Entity is judged to be sensually pleasing or intellectually interesting to a (generally implicit) Judge. 'We saw this beautiful boat with the red sails several times' 'We camped here on the beach and had an absolutely lovely early morning walk through farm fields',general,12,False,False,
` Sarah was such a beautiful girl and a warm and caring mother .,beautiful,Aesthetics,An Entity is judged to be sensually pleasing or intellectually interesting to a (generally implicit) Judge. 'We saw this beautiful boat with the red sails several times' 'We camped here on the beach and had an absolutely lovely early morning walk through farm fields',news_politics,14,False,False,
Senior Conservatives now concede privately that they are likely to remain behind until polling day .,concede,Affirm_or_deny,"A Speaker uses language to affirm or deny the truth of a Message to some Addressee. Instead of (or in addition to) a Speaker, a Medium may also be mentioned. Likewise, a Topic may be stated instead of a Message. 'She affirmed her loyalty to the cause.' 'He denied that he had ever believed in the existence of God.' 'BBC News confirmed the story about the refugees.'",general,16,False,False,
"The first night of Leonore , Lefevre conceded sadly , had been a failure .",concede,Affirm_or_deny,"A Speaker uses language to affirm or deny the truth of a Message to some Addressee. Instead of (or in addition to) a Speaker, a Medium may also be mentioned. Likewise, a Topic may be stated instead of a Message. 'She affirmed her loyalty to the cause.' 'He denied that he had ever believed in the existence of God.' 'BBC News confirmed the story about the refugees.'",general,15,False,False,
"As the cultural materialists concede , subversive thoughts are not subversive until they become a practice .",concede,Affirm_or_deny,"A Speaker uses language to affirm or deny the truth of a Message to some Addressee. Instead of (or in addition to) a Speaker, a Medium may also be mentioned. Likewise, a Topic may be stated instead of a Message. 'She affirmed her loyalty to the cause.' 'He denied that he had ever believed in the existence of God.' 'BBC News confirmed the story about the refugees.'",general,17,False,False,
But he would deny that they were evidence of God .,deny,Affirm_or_deny,"A Speaker uses language to affirm or deny the truth of a Message to some Addressee. Instead of (or in addition to) a Speaker, a Medium may also be mentioned. Likewise, a Topic may be stated instead of a Message. 'She affirmed her loyalty to the cause.' 'He denied that he had ever believed in the existence of God.' 'BBC News confirmed the story about the refugees.'",general,11,False,False,Prevent_or_allow_possession
The old boy found it .,old,Age,"An Entity has existed for a length of time, the Age. The Age can be characterized as a value of the age Attribute, or a Degree modifier may express the deviation of the Age from the norm. The Expressor exhibits qualities of the age of the Entity. 'This building is twenty thousand years old.' 'My grandpa is really old' 'Junior is only five weeks old.' 'A cunning oldish voice called out from the crowd.' 'His age was 23 at the time.' ' People of age 55 or older should consult their physician. ' 'I have a 13-year-old cousin' 'My grandma is old' There are additional patterns that the LUs in this frame occur in which are not licensed by a particular lexical head but by a construction. Additionally, there are patterns that evoke this frame without any overt lexical head that are part of this frame. 'She is 45 years of age.' 'Billy is 13.'",general,6,False,False,
"Who do n't you get some old fart like Cash Jones ? """,old,Age,"An Entity has existed for a length of time, the Age. The Age can be characterized as a value of the age Attribute, or a Degree modifier may express the deviation of the Age from the norm. The Expressor exhibits qualities of the age of the Entity. 'This building is twenty thousand years old.' 'My grandpa is really old' 'Junior is only five weeks old.' 'A cunning oldish voice called out from the crowd.' 'His age was 23 at the time.' ' People of age 55 or older should consult their physician. ' 'I have a 13-year-old cousin' 'My grandma is old' There are additional patterns that the LUs in this frame occur in which are not licensed by a particular lexical head but by a construction. Additionally, there are patterns that evoke this frame without any overt lexical head that are part of this frame. 'She is 45 years of age.' 'Billy is 13.'",general,13,False,False,
But then the old fool should have been a little less unwashed and boring .,old,Age,"An Entity has existed for a length of time, the Age. The Age can be characterized as a value of the age Attribute, or a Degree modifier may express the deviation of the Age from the norm. The Expressor exhibits qualities of the age of the Entity. 'This building is twenty thousand years old.' 'My grandpa is really old' 'Junior is only five weeks old.' 'A cunning oldish voice called out from the crowd.' 'His age was 23 at the time.' ' People of age 55 or older should consult their physician. ' 'I have a 13-year-old cousin' 'My grandma is old' There are additional patterns that the LUs in this frame occur in which are not licensed by a particular lexical head but by a construction. Additionally, there are patterns that evoke this frame without any overt lexical head that are part of this frame. 'She is 45 years of age.' 'Billy is 13.'",general,15,False,False,
Turton issued instructions with the wiliness of an old fox .,old,Age,"An Entity has existed for a length of time, the Age. The Age can be characterized as a value of the age Attribute, or a Degree modifier may express the deviation of the Age from the norm. The Expressor exhibits qualities of the age of the Entity. 'This building is twenty thousand years old.' 'My grandpa is really old' 'Junior is only five weeks old.' 'A cunning oldish voice called out from the crowd.' 'His age was 23 at the time.' ' People of age 55 or older should consult their physician. ' 'I have a 13-year-old cousin' 'My grandma is old' There are additional patterns that the LUs in this frame occur in which are not licensed by a particular lexical head but by a construction. Additionally, there are patterns that evoke this frame without any overt lexical head that are part of this frame. 'She is 45 years of age.' 'Billy is 13.'",general,11,False,False,
"` All is well with you , I trust , barman ? "" the old gentleman asked .",old,Age,"An Entity has existed for a length of time, the Age. The Age can be characterized as a value of the age Attribute, or a Degree modifier may express the deviation of the Age from the norm. The Expressor exhibits qualities of the age of the Entity. 'This building is twenty thousand years old.' 'My grandpa is really old' 'Junior is only five weeks old.' 'A cunning oldish voice called out from the crowd.' 'His age was 23 at the time.' ' People of age 55 or older should consult their physician. ' 'I have a 13-year-old cousin' 'My grandma is old' There are additional patterns that the LUs in this frame occur in which are not licensed by a particular lexical head but by a construction. Additionally, there are patterns that evoke this frame without any overt lexical head that are part of this frame. 'She is 45 years of age.' 'Billy is 13.'",general,18,False,False,
"` And my unlucky Jim is the only one needing a nurse , "" said the old gentleman .",old,Age,"An Entity has existed for a length of time, the Age. The Age can be characterized as a value of the age Attribute, or a Degree modifier may express the deviation of the Age from the norm. The Expressor exhibits qualities of the age of the Entity. 'This building is twenty thousand years old.' 'My grandpa is really old' 'Junior is only five weeks old.' 'A cunning oldish voice called out from the crowd.' 'His age was 23 at the time.' ' People of age 55 or older should consult their physician. ' 'I have a 13-year-old cousin' 'My grandma is old' There are additional patterns that the LUs in this frame occur in which are not licensed by a particular lexical head but by a construction. Additionally, there are patterns that evoke this frame without any overt lexical head that are part of this frame. 'She is 45 years of age.' 'Billy is 13.'",general,19,False,False,
"` Lookin' fer the Post Office , dear ? "" said the old lady .",old,Age,"An Entity has existed for a length of time, the Age. The Age can be characterized as a value of the age Attribute, or a Degree modifier may express the deviation of the Age from the norm. The Expressor exhibits qualities of the age of the Entity. 'This building is twenty thousand years old.' 'My grandpa is really old' 'Junior is only five weeks old.' 'A cunning oldish voice called out from the crowd.' 'His age was 23 at the time.' ' People of age 55 or older should consult their physician. ' 'I have a 13-year-old cousin' 'My grandma is old' There are additional patterns that the LUs in this frame occur in which are not licensed by a particular lexical head but by a construction. Additionally, there are patterns that evoke this frame without any overt lexical head that are part of this frame. 'She is 45 years of age.' 'Billy is 13.'",general,15,False,False,
"It does n't conjure up any very glamorous pictures , "" smiled the old lady .",old,Age,"An Entity has existed for a length of time, the Age. The Age can be characterized as a value of the age Attribute, or a Degree modifier may express the deviation of the Age from the norm. The Expressor exhibits qualities of the age of the Entity. 'This building is twenty thousand years old.' 'My grandpa is really old' 'Junior is only five weeks old.' 'A cunning oldish voice called out from the crowd.' 'His age was 23 at the time.' ' People of age 55 or older should consult their physician. ' 'I have a 13-year-old cousin' 'My grandma is old' There are additional patterns that the LUs in this frame occur in which are not licensed by a particular lexical head but by a construction. Additionally, there are patterns that evoke this frame without any overt lexical head that are part of this frame. 'She is 45 years of age.' 'Billy is 13.'",general,16,False,False,
Armies of monks in blood-red robes hang around the place .,army,Aggregate,This frame contains nouns denoting Aggregates of Individuals. The Aggregates may be described by an Aggregate_property. 'An army of postal workers descended on my office.',general,11,False,False,Military
The aging pirate king facing the youthful bandit prince-patriarch against upstart -- monarch against usurper .,aging,Aging,An Entity is undergoing a change in age typically associated with some deterioration or change in state. 'This bark ages and turns black.' 'The U.S. is to upgrade aging missile defense systems with advanced tech.',general,16,False,False,
They refused to join forces and issue a UK paperback of The Satanic Verses .,refuse,Agree_or_refuse_to_act,"A Speaker either agrees to or refuses to engage in a Proposed_action, proposed by an Interlocutor. '' 'They agreed to express their outrage with editorials in today's paper.' 'The man's refusal to accept blood severely hampered his treatment after the car accident.'",general,15,False,False,Respond_to_proposal
Margaret Thatcher 's government so far refuses to listen to these ideas .,refuse,Agree_or_refuse_to_act,"A Speaker either agrees to or refuses to engage in a Proposed_action, proposed by an Interlocutor. '' 'They agreed to express their outrage with editorials in today's paper.' 'The man's refusal to accept blood severely hampered his treatment after the car accident.'",news_politics,13,False,False,Respond_to_proposal
He has so far refused to indicate whether he intends to appeal .,refuse,Agree_or_refuse_to_act,"A Speaker either agrees to or refuses to engage in a Proposed_action, proposed by an Interlocutor. '' 'They agreed to express their outrage with editorials in today's paper.' 'The man's refusal to accept blood severely hampered his treatment after the car accident.'",general,13,False,False,Respond_to_proposal
They are refusing adamantly even to investigate thin slab technology .,refuse,Agree_or_refuse_to_act,"A Speaker either agrees to or refuses to engage in a Proposed_action, proposed by an Interlocutor. '' 'They agreed to express their outrage with editorials in today's paper.' 'The man's refusal to accept blood severely hampered his treatment after the car accident.'",general,11,False,False,Respond_to_proposal
Night Goblins cultivate different kinds of fungus and moulds in their meandering caves and tunnels .,cultivate,Agriculture,In this frame an Agriculturist cultivates Food. The location or Ground where the Food is cultivated by the Agriculturist is often expressed. '' 'Peasants were encouraged to cultivate basic food crops such as beans and corn'. 'Shrimp farming seems to be a recipe for disaster' 'Some fields were probably cultivated only in the dry season CNI',general,16,False,False,
"By the first century AD , however , the Romans were cultivating the vine in Northern Gaul .",cultivate,Agriculture,In this frame an Agriculturist cultivates Food. The location or Ground where the Food is cultivated by the Agriculturist is often expressed. '' 'Peasants were encouraged to cultivate basic food crops such as beans and corn'. 'Shrimp farming seems to be a recipe for disaster' 'Some fields were probably cultivated only in the dry season CNI',general,18,False,False,
Coppices of oak were cultivated in the area for the provision of charcoal .,cultivate,Agriculture,In this frame an Agriculturist cultivates Food. The location or Ground where the Food is cultivated by the Agriculturist is often expressed. '' 'Peasants were encouraged to cultivate basic food crops such as beans and corn'. 'Shrimp farming seems to be a recipe for disaster' 'Some fields were probably cultivated only in the dry season CNI',general,14,False,False,
"On each corner stands a pair of soldiers , rifles aimed at the lines of cars .",aim,Aiming,"An Agent adjusts an Instrument to enable it to interact directly with a difficult-to-access Target_location. Usually, there is a Targeted entity at the Target_location which is mentioned in its place. 'If you aim your weapons somewhere else , I 'll be more likely to talk .' 'The sortie targeted primarily resupply points , but these included several civilian areas . INI' 'A good marksman still should take aim for a moment before each shot . INI INI'",daily_life,17,False,False,Purpose
"On Sunday , a Panamanian soldier loaded his assault rifle and aimed it directly at patrolling US troops .",aim,Aiming,"An Agent adjusts an Instrument to enable it to interact directly with a difficult-to-access Target_location. Usually, there is a Targeted entity at the Target_location which is mentioned in its place. 'If you aim your weapons somewhere else , I 'll be more likely to talk .' 'The sortie targeted primarily resupply points , but these included several civilian areas . INI' 'A good marksman still should take aim for a moment before each shot . INI INI'",general,19,False,False,Purpose
Jaq jammed the discharged plasma gun away and was about to aim his laser .,aim,Aiming,"An Agent adjusts an Instrument to enable it to interact directly with a difficult-to-access Target_location. Usually, there is a Targeted entity at the Target_location which is mentioned in its place. 'If you aim your weapons somewhere else , I 'll be more likely to talk .' 'The sortie targeted primarily resupply points , but these included several civilian areas . INI' 'A good marksman still should take aim for a moment before each shot . INI INI'",general,15,False,False,Purpose
The electrons are shot from a gun aimed at the centre of the phosphor screen .,aim,Aiming,"An Agent adjusts an Instrument to enable it to interact directly with a difficult-to-access Target_location. Usually, there is a Targeted entity at the Target_location which is mentioned in its place. 'If you aim your weapons somewhere else , I 'll be more likely to talk .' 'The sortie targeted primarily resupply points , but these included several civilian areas . INI' 'A good marksman still should take aim for a moment before each shot . INI INI'",general,16,False,False,Purpose
Atria has strategic alliances with CASE vendors CenterLine Software and Cadre Technologies .,alliance,Alliance,"After having worked separately for some time, two or more organizational or individual Members are now organized in an Alliance so that they may better pursue some common Purposes. The formerly separate Members may be presented separately as Member_1 and Member_2. 'They formed a loose coalition.'",news_politics,13,False,False,
"Despite protests by preservationists , there was little alternative .",alternative,Alternatives,"There exist a number of different possible Situations that may happen in the future. (In some cases, the Situation is concurrent or past, and only the knowledge of which has happened is in the future.) In most cases, there is an Agent involved who has to consider which of the possible Situations will or should occur. A Salient_entity which is deeply involved in the Situation may also be mentioned. 'You have but two choices for your daughter .' While all the members of this frame denote possible situations, in principle, this frame could be split into a number of subtypes on the following basis: ''1. Future.n, and most uses of alternative.n and possibility.n all evoke nothing more than a simple possible situation (not necessarily an Situation) with no Agent; the remaining frames would inherit from this. ''2. Use.n evokes different possible things that can be done with a Salient_entity (i.e., Purposes) and thus uses the Using frame; in this frame, the target denotes the Purpose that can be achieved. ''3. way.n evokes different events that can lead to an Outcome (not necessarily a Purpose); this frame should use the Means frame. In this frame, the target denotes the possible Means actions. ''4. option.n, choice.n, and many instances of alternative.n and possibility.n, evoke possible Situations that an implicit or explicit Agent can bring about at will. A Purpose that would be served by bringing these Situations about may be mentioned. A Salient_entity related to the Purpose may occur in place of the Purpose.",general,10,False,False,
"If parents are dissatisfied with a school , they should have the option of switching to another .",option,Alternatives,"There exist a number of different possible Situations that may happen in the future. (In some cases, the Situation is concurrent or past, and only the knowledge of which has happened is in the future.) In most cases, there is an Agent involved who has to consider which of the possible Situations will or should occur. A Salient_entity which is deeply involved in the Situation may also be mentioned. 'You have but two choices for your daughter .' While all the members of this frame denote possible situations, in principle, this frame could be split into a number of subtypes on the following basis: ''1. Future.n, and most uses of alternative.n and possibility.n all evoke nothing more than a simple possible situation (not necessarily an Situation) with no Agent; the remaining frames would inherit from this. ''2. Use.n evokes different possible things that can be done with a Salient_entity (i.e., Purposes) and thus uses the Using frame; in this frame, the target denotes the Purpose that can be achieved. ''3. way.n evokes different events that can lead to an Outcome (not necessarily a Purpose); this frame should use the Means frame. In this frame, the target denotes the possible Means actions. ''4. option.n, choice.n, and many instances of alternative.n and possibility.n, evoke possible Situations that an implicit or explicit Agent can bring about at will. A Purpose that would be served by bringing these Situations about may be mentioned. A Salient_entity related to the Purpose may occur in place of the Purpose.",general,18,False,False,
Enterprise zones originated in a number of ideas that began to amalgamate towards the end of the 1970s .,amalgamate,Amalgamation,"These words refer to Parts merging to form a Whole. (The Parts may also be encoded as Part_1 and Part_2.) There is a symmetrical relationship between the components that undergo the process, and afterwards the Parts are consumed and are no longer distinct entities that are easily discernable or separable in the Whole. 'The two droplets merge, and then travel down the windowpane even faster.'",news_politics,19,False,False,Cause_to_amalgamate
Harmony in a display is created when colours and shapes blend together .,blend,Amalgamation,"These words refer to Parts merging to form a Whole. (The Parts may also be encoded as Part_1 and Part_2.) There is a symmetrical relationship between the components that undergo the process, and afterwards the Parts are consumed and are no longer distinct entities that are easily discernable or separable in the Whole. 'The two droplets merge, and then travel down the windowpane even faster.'",general,13,False,False,Cause_to_amalgamate
"Each Hercules aircraft takes 88 soldiers , 3000 pounds of food and ammunition .",ammunition,Ammunition,A piece of Ammunition is a disposable artifact to be fired as a projectile in a weapon with the purpose of causing harm or damage. 'The octagenarian inventor's vest repels armor-piercing bullets. ' 'It is armed with a automatic loaded 105 mm gun firing anti-tank rounds' 'Depleted uranium munitions are primarily used by the US and the UK.',daily_life,14,False,False,
In Jane 's view that was a far greater loss than the ammunition .,ammunition,Ammunition,A piece of Ammunition is a disposable artifact to be fired as a projectile in a weapon with the purpose of causing harm or damage. 'The octagenarian inventor's vest repels armor-piercing bullets. ' 'It is armed with a automatic loaded 105 mm gun firing anti-tank rounds' 'Depleted uranium munitions are primarily used by the US and the UK.',general,14,False,False,
"They did n't keep the weapons or ammunition here , however .",ammunition,Ammunition,A piece of Ammunition is a disposable artifact to be fired as a projectile in a weapon with the purpose of causing harm or damage. 'The octagenarian inventor's vest repels armor-piercing bullets. ' 'It is armed with a automatic loaded 105 mm gun firing anti-tank rounds' 'Depleted uranium munitions are primarily used by the US and the UK.',general,12,False,False,
"Firefighters rescue nearly a dozen animals in Buffalo , New York house fire",animal,Animals,"The LUs in this frame refer to biological entities other than human beings and plants, which are labeled by the FE Animal. '' 'My husband and I adopted a really sweet dog last year.' 'The cows that live on the farm down the road are always mooing loudly.'",general,13,False,False,
I began to feel a little annoyed .,annoyed,Annoyance,"An Experiencer, Expressor, or State has a feeling of annoyance as evoked by a Stimulus or concerning a Topic. 'Peck was annoyed at the interruption.' 'Maggie noted his rather irritated expression.'",general,8,False,False,
I was very annoyed with her and Zillah .,annoyed,Annoyance,"An Experiencer, Expressor, or State has a feeling of annoyance as evoked by a Stimulus or concerning a Topic. 'Peck was annoyed at the interruption.' 'Maggie noted his rather irritated expression.'",general,9,False,False,
Maureen looked annoyed as she opened her door .,annoyed,Annoyance,"An Experiencer, Expressor, or State has a feeling of annoyance as evoked by a Stimulus or concerning a Topic. 'Peck was annoyed at the interruption.' 'Maggie noted his rather irritated expression.'",general,9,False,False,
Peel and blanch by putting into cold salted water and bringing to the boil .,blanch,Apply_heat,"A Cook applies heat to Food, where the Temperature_setting of the heat and Duration of application may be specified. A Heating_instrument, generally indicated by a locative phrase, may also be expressed. Some cooking methods involve the use of a Medium (e.g. milk or water) by which heat is transferred to the Food. A less semantically prominent Food or Cook is marked Co-participant. 'Sally fried an egg in butter.' 'Sally fried an egg in a teflon pan.' 'Ellen fried the eggs with chopped tomatoes and garlic.' This frame differs from Cooking_creation in focusing on the process of handling the ingredients, rather than the edible entity that results from the process.",general,15,False,False,Absorb_heat
Peel and blanch halved parsnips in cold salted water and bring to the boil .,blanch,Apply_heat,"A Cook applies heat to Food, where the Temperature_setting of the heat and Duration of application may be specified. A Heating_instrument, generally indicated by a locative phrase, may also be expressed. Some cooking methods involve the use of a Medium (e.g. milk or water) by which heat is transferred to the Food. A less semantically prominent Food or Cook is marked Co-participant. 'Sally fried an egg in butter.' 'Sally fried an egg in a teflon pan.' 'Ellen fried the eggs with chopped tomatoes and garlic.' This frame differs from Cooking_creation in focusing on the process of handling the ingredients, rather than the edible entity that results from the process.",general,15,False,False,Absorb_heat
"Blanch the spinach leaves in boiling water for about 30 seconds , then dry with a paper towel .",blanch,Apply_heat,"A Cook applies heat to Food, where the Temperature_setting of the heat and Duration of application may be specified. A Heating_instrument, generally indicated by a locative phrase, may also be expressed. Some cooking methods involve the use of a Medium (e.g. milk or water) by which heat is transferred to the Food. A less semantically prominent Food or Cook is marked Co-participant. 'Sally fried an egg in butter.' 'Sally fried an egg in a teflon pan.' 'Ellen fried the eggs with chopped tomatoes and garlic.' This frame differs from Cooking_creation in focusing on the process of handling the ingredients, rather than the edible entity that results from the process.",general,19,False,False,Absorb_heat
"I tried blanching and not blanching , cutting them every which way and freezing whole .",blanch,Apply_heat,"A Cook applies heat to Food, where the Temperature_setting of the heat and Duration of application may be specified. A Heating_instrument, generally indicated by a locative phrase, may also be expressed. Some cooking methods involve the use of a Medium (e.g. milk or water) by which heat is transferred to the Food. A less semantically prominent Food or Cook is marked Co-participant. 'Sally fried an egg in butter.' 'Sally fried an egg in a teflon pan.' 'Ellen fried the eggs with chopped tomatoes and garlic.' This frame differs from Cooking_creation in focusing on the process of handling the ingredients, rather than the edible entity that results from the process.",general,16,False,False,Absorb_heat
Blanch the fish in a large pan of boiling water for 2 minutes .,blanch,Apply_heat,"A Cook applies heat to Food, where the Temperature_setting of the heat and Duration of application may be specified. A Heating_instrument, generally indicated by a locative phrase, may also be expressed. Some cooking methods involve the use of a Medium (e.g. milk or water) by which heat is transferred to the Food. A less semantically prominent Food or Cook is marked Co-participant. 'Sally fried an egg in butter.' 'Sally fried an egg in a teflon pan.' 'Ellen fried the eggs with chopped tomatoes and garlic.' This frame differs from Cooking_creation in focusing on the process of handling the ingredients, rather than the edible entity that results from the process.",general,14,False,False,Absorb_heat
Most schools have appointed someone at the middle management level or above ( see Figure 1 ) .,appoint,Appointing,"A Selector, often an individual in a leadership role, appoints a Official to assume an official Role in an organization (which can be expressed as the Body). 'Press secretaries accredit journalists to the sessions.'",general,18,False,False,
Liu Ho-chien had been appointed to replace Gen. Chen Hsin-ling as military chief of staff .,appoint,Appointing,"A Selector, often an individual in a leadership role, appoints a Official to assume an official Role in an organization (which can be expressed as the Body). 'Press secretaries accredit journalists to the sessions.'",general,16,False,False,
Receivers Arthur Anderson have been appointed by Natwest Bank to recoup losses from Levitt and his company .,appoint,Appointing,"A Selector, often an individual in a leadership role, appoints a Official to assume an official Role in an organization (which can be expressed as the Body). 'Press secretaries accredit journalists to the sessions.'",business,18,False,False,
"There are three ground floor sitting-rooms , panelled and with Purbeck marble or carved fireplaces .",fireplace,Architectural_part,An entity is integrated into a building as a Part of a (possibly unexpressed) Whole which may refer to the whole building or merely to a sub-part of the building. 'We need new counters for the kitchen' 'The storm ripped off the bathroom's roof',daily_life,16,False,False,
Tiled fireplace with fitted electric fire .,fireplace,Architectural_part,An entity is integrated into a building as a Part of a (possibly unexpressed) Whole which may refer to the whole building or merely to a sub-part of the building. 'We need new counters for the kitchen' 'The storm ripped off the bathroom's roof',general,7,False,False,
The coroner struck his customary pose in front of the empty fireplace .,fireplace,Architectural_part,An entity is integrated into a building as a Part of a (possibly unexpressed) Whole which may refer to the whole building or merely to a sub-part of the building. 'We need new counters for the kitchen' 'The storm ripped off the bathroom's roof',general,13,False,False,
"In his golden armour in this production , he adds another quasi-Wagnerian touch .",armor,Armor,"An Asset, the safety of which is desirable, is protected from damage by a covering, the Armor. The Armor covers part or all of the Asset and is designed to absorb force from an oncoming Danger. 'They were wearing nothing but primitive wooden armor.' 'An extra level of safety is provided by the soldiers' ballistic armor.'",general,14,False,False,
"Warrior in tegulated , square-plate armour of the late eleventh century .",armor,Armor,"An Asset, the safety of which is desirable, is protected from damage by a covering, the Armor. The Armor covers part or all of the Asset and is designed to absorb force from an oncoming Danger. 'They were wearing nothing but primitive wooden armor.' 'An extra level of safety is provided by the soldiers' ballistic armor.'",news_politics,12,False,False,
He spotted the chink in my armour .,armor,Armor,"An Asset, the safety of which is desirable, is protected from damage by a covering, the Armor. The Armor covers part or all of the Asset and is designed to absorb force from an oncoming Danger. 'They were wearing nothing but primitive wooden armor.' 'An extra level of safety is provided by the soldiers' ballistic armor.'",general,8,False,False,
Some of the Knights placed upon their armour,armor,Armor,"An Asset, the safety of which is desirable, is protected from damage by a covering, the Armor. The Armor covers part or all of the Asset and is designed to absorb force from an oncoming Danger. 'They were wearing nothing but primitive wooden armor.' 'An extra level of safety is provided by the soldiers' ballistic armor.'",general,8,False,False,
"` First , you must shed your armour and weapons .",armor,Armor,"An Asset, the safety of which is desirable, is protected from damage by a covering, the Armor. The Armor covers part or all of the Asset and is designed to absorb force from an oncoming Danger. 'They were wearing nothing but primitive wooden armor.' 'An extra level of safety is provided by the soldiers' ballistic armor.'",general,11,False,False,
I began to loosen my armour .,armor,Armor,"An Asset, the safety of which is desirable, is protected from damage by a covering, the Armor. The Armor covers part or all of the Asset and is designed to absorb force from an oncoming Danger. 'They were wearing nothing but primitive wooden armor.' 'An extra level of safety is provided by the soldiers' ballistic armor.'",general,7,False,False,
"After capture he was arraigned on a charge of sabotage , and was shot in Rome .",arraign,Arraignment,"At a court hearing, a Defendant is informed of the Charges against him or her, (usually) enters a plea, and a decision is made by a Judge as to the amount of bail, if any. '' 'Mortimer and Isabella were hurried off and arraigned before parliament in November.' 'If the court rejects the appeal, the 19 young men facearraignment on murder charges before the tribunal in the southern city of Port Harcourt.'",general,17,False,False,
Mortimer and Isabella were hurried off to London and arraigned before parliament in November .,arraign,Arraignment,"At a court hearing, a Defendant is informed of the Charges against him or her, (usually) enters a plea, and a decision is made by a Judge as to the amount of bail, if any. '' 'Mortimer and Isabella were hurried off and arraigned before parliament in November.' 'If the court rejects the appeal, the 19 young men facearraignment on murder charges before the tribunal in the southern city of Port Harcourt.'",general,15,False,False,
"He had been arraigned before the GMC twice before , both times for canvassing .",arraign,Arraignment,"At a court hearing, a Defendant is informed of the Charges against him or her, (usually) enters a plea, and a decision is made by a Judge as to the amount of bail, if any. '' 'Mortimer and Isabella were hurried off and arraigned before parliament in November.' 'If the court rejects the appeal, the 19 young men facearraignment on murder charges before the tribunal in the southern city of Port Harcourt.'",general,15,False,False,
The defendant was arraigned on an indictment charging him with murder .,arraign,Arraignment,"At a court hearing, a Defendant is informed of the Charges against him or her, (usually) enters a plea, and a decision is made by a Judge as to the amount of bail, if any. '' 'Mortimer and Isabella were hurried off and arraigned before parliament in November.' 'If the court rejects the appeal, the 19 young men facearraignment on murder charges before the tribunal in the southern city of Port Harcourt.'",general,12,False,False,
"Tonight , the pair were arrested leaving a ferry at Heysham near Blackpool .",arrest,Arrest,"Authorities charge a Suspect, who is under suspicion of having committed a crime (the Charges), and take him/her into custody.'The police arrested Harry on charges of manslaughter.'",general,14,False,False,Cause_to_end
The call came as Israel arrested a freelance Palestinian journalist covering the latest upsurge in violence .,arrest,Arrest,"Authorities charge a Suspect, who is under suspicion of having committed a crime (the Charges), and take him/her into custody.'The police arrested Harry on charges of manslaughter.'",general,17,False,False,Cause_to_end
Police yesterday arrested about 20 Tibetan women demonstrating outside the Chinese embassy and demanding independence .,arrest,Arrest,"Authorities charge a Suspect, who is under suspicion of having committed a crime (the Charges), and take him/her into custody.'The police arrested Harry on charges of manslaughter.'",legal,16,False,False,Cause_to_end
PC TONY Spong arrested a man at a burgled petrol station -- and found it was his brother .,arrest,Arrest,"Authorities charge a Suspect, who is under suspicion of having committed a crime (the Charges), and take him/her into custody.'The police arrested Harry on charges of manslaughter.'",general,19,False,False,Cause_to_end
Detectives arrested the suspect at his home in Toxteth after a lengthy cat-and-mouse game involving surveillance experts .,arrest,Arrest,"Authorities charge a Suspect, who is under suspicion of having committed a crime (the Charges), and take him/her into custody.'The police arrested Harry on charges of manslaughter.'",sports,18,False,False,Cause_to_end
Pc Elsegood told Wing he was an off-duty policeman and he was arresting him for assault .,arrest,Arrest,"Authorities charge a Suspect, who is under suspicion of having committed a crime (the Charges), and take him/her into custody.'The police arrested Harry on charges of manslaughter.'",legal,17,False,False,Cause_to_end
"` I arrested her for soliciting . """,arrest,Arrest,"Authorities charge a Suspect, who is under suspicion of having committed a crime (the Charges), and take him/her into custody.'The police arrested Harry on charges of manslaughter.'",general,8,False,False,Cause_to_end
She hears a beating of wings and sees the approach of the swan .,approach,Arriving,"An object Theme moves in the direction of a Goal. The Goal may be expressed or it may be understood from context, but its is always implied by the verb itself. '' 'Some students arrived at the school on Sunday.' 'It was his arrival at Nijmegen in 837 that made the Vikings withdraw.'",general,14,False,False,Means
The terrifying approach into Sarajevo airport .,approach,Arriving,"An object Theme moves in the direction of a Goal. The Goal may be expressed or it may be understood from context, but its is always implied by the verb itself. '' 'Some students arrived at the school on Sunday.' 'It was his arrival at Nijmegen in 837 that made the Vikings withdraw.'",general,7,False,False,Means
Arson in Galway turned easily to murder .,arson,Arson,"A Perpetrator intentionally sets fire to his own or someone else's property, often in order to collect an insurance payment on this property. 'Two men were charged with arson.'",general,8,False,False,Offenses
TWO men were last night charged with arson after firebombs hit a mosque .,arson,Arson,"A Perpetrator intentionally sets fire to his own or someone else's property, often in order to collect an insurance payment on this property. 'Two men were charged with arson.'",general,14,False,False,Offenses
Two men are awaiting trial accused of arson .,arson,Arson,"A Perpetrator intentionally sets fire to his own or someone else's property, often in order to collect an insurance payment on this property. 'Two men were charged with arson.'",general,9,False,False,Offenses
European firms have been targeted by Iranians for technology and equipment .,technology,Artifact,"An Artifact is deliberately made or modified by an intelligent entity to be put to a certain kind of Use. Various properties of the Artifact may be specified, such as its Creator, Time_of_creation, Name, Type, and the Material of which it is composed. The Artifact may or may not be a physical entity. 'There are reports that Kim Il Sung asked China to share its nuclear weapons technology.'",general,12,False,False,Gizmo
Such control will promote tight intra-system nutrient cycling and obviate to a degree the need for artificial fertilisers .,artificial,Artificiality,"An Entity is evaluated for whether or not it belongs to a particular Reference_category in a context where its category membership is doubtful. The criterion or criteria that are relevant to evaluating Reference_category membership depend on the individual lexical units and/or on the context. Typically, either the material composition of the Entity, its method of creation, or the identity (and proper authority) of its creators are critical for proper category membership. Note that Entity also covers behaviors. 'It can be hard to get your money back after discovering you've bought a bogus autograph for hundreds or thousands of dollars! ' 'It can be hard to get your money back after discovering you've bought a BOGUS autograph for hundreds or thousands of dollars! ' 'A bogus policeman pulling over motorists was arrested after stopping a car carrying four real officers.' 'A BOGUS policeman pulling over motorists was arrested after stopping a car carrying four real officers.' 'You people are pretty thick if you think you have evidence to prove that the moon landing was fake.' 'You people are pretty thick if you think you have evidence to prove that the moon landing was fake.'",general,19,False,False,
Artificial fertilisers and lime are used to improve the soils .,artificial,Artificiality,"An Entity is evaluated for whether or not it belongs to a particular Reference_category in a context where its category membership is doubtful. The criterion or criteria that are relevant to evaluating Reference_category membership depend on the individual lexical units and/or on the context. Typically, either the material composition of the Entity, its method of creation, or the identity (and proper authority) of its creators are critical for proper category membership. Note that Entity also covers behaviors. 'It can be hard to get your money back after discovering you've bought a bogus autograph for hundreds or thousands of dollars! ' 'It can be hard to get your money back after discovering you've bought a BOGUS autograph for hundreds or thousands of dollars! ' 'A bogus policeman pulling over motorists was arrested after stopping a car carrying four real officers.' 'A BOGUS policeman pulling over motorists was arrested after stopping a car carrying four real officers.' 'You people are pretty thick if you think you have evidence to prove that the moon landing was fake.' 'You people are pretty thick if you think you have evidence to prove that the moon landing was fake.'",general,11,False,False,
The emptiness of the big shimmering pool in the artificial light galled her .,artificial,Artificiality,"An Entity is evaluated for whether or not it belongs to a particular Reference_category in a context where its category membership is doubtful. The criterion or criteria that are relevant to evaluating Reference_category membership depend on the individual lexical units and/or on the context. Typically, either the material composition of the Entity, its method of creation, or the identity (and proper authority) of its creators are critical for proper category membership. Note that Entity also covers behaviors. 'It can be hard to get your money back after discovering you've bought a bogus autograph for hundreds or thousands of dollars! ' 'It can be hard to get your money back after discovering you've bought a BOGUS autograph for hundreds or thousands of dollars! ' 'A bogus policeman pulling over motorists was arrested after stopping a car carrying four real officers.' 'A BOGUS policeman pulling over motorists was arrested after stopping a car carrying four real officers.' 'You people are pretty thick if you think you have evidence to prove that the moon landing was fake.' 'You people are pretty thick if you think you have evidence to prove that the moon landing was fake.'",general,14,False,False,
Several studies have attempted to assess whether there is evidence of increased circulating platelet aggregates in diabetic subjects .,assess,Assessing,"An Assessor examines a Phenomenon to figure out its Value according to some Feature of the Phenomenon. This Value is a factor in determining the acceptability of the Phenomenon. In some cases, a Method (implicitly involving an Assessor) is used to determine the Phenomenon's Value. 'Each company is then evaluated for their earning potential. CNI ' 'From the evidence of the pilot studies the risk of damage to the test subjects was rated too high to continue. CNI' 'He weighed his options carefully.'",general,19,False,False,
"Wittgenstein withdrew from co-authorship in 1934 , but he continued to assist Waismann in this Schlick-directed project .",assist,Assistance,A Helper benefits a Benefited_party by enabling the culmination of a Goal that the Benefited_party has. A Focal_entity that is involved in reaching the Goal may stand in for it. This Frame has unique Frame-to-Frame Relations: it inherits from and uses the Intentionally_act frame. This is atypical of FrameNet's frame relations. 'Will you help the Government find your brother?' 'Maybe Stephen should assist him with the last manuscript.' 'They helped me psychologically to overcome the physical loss I had suffered.' 'You have helped him tremendously by showing him how to stand up for himself and by being his friend.' 'By bringing assistance to his troops wherever they were in trouble he aided them greatly.',general,18,False,False,
"In this , she was ably assisted by Robert Armour , the deaf missioner for Liverpool .",assist,Assistance,A Helper benefits a Benefited_party by enabling the culmination of a Goal that the Benefited_party has. A Focal_entity that is involved in reaching the Goal may stand in for it. This Frame has unique Frame-to-Frame Relations: it inherits from and uses the Intentionally_act frame. This is atypical of FrameNet's frame relations. 'Will you help the Government find your brother?' 'Maybe Stephen should assist him with the last manuscript.' 'They helped me psychologically to overcome the physical loss I had suffered.' 'You have helped him tremendously by showing him how to stand up for himself and by being his friend.' 'By bringing assistance to his troops wherever they were in trouble he aided them greatly.',general,17,False,False,
"` Perhaps I am atoning for my misspent youth , "" he replied amiably .",atone,Atonement,An Agent has committed a Wrong in the past and is making Amends for it. The Degree to which the Amends are adequate may also be expressed. 'He atoned for his sin with good works.',general,15,False,False,
In 1938 it atoned for these failings .,atone,Atonement,An Agent has committed a Wrong in the past and is making Amends for it. The Degree to which the Amends are adequate may also be expressed. 'He atoned for his sin with good works.',general,8,False,False,
"On some occasions , a kid goat was also offered as atonement for the sins of the Hebrews .",atonement,Atonement,An Agent has committed a Wrong in the past and is making Amends for it. The Degree to which the Amends are adequate may also be expressed. 'He atoned for his sin with good works.',general,19,False,False,
"With reluctance , Morton decided that he must make another attempt to identify the dead girl .",attempt,Attempt,An Agent attempts to achieve a Goal. The Outcome may also be mentioned explicitly. 'John attempted to climb Mt. Everest.' 'It was another failed attempt to climb Mt. Everest.',general,17,False,False,Medical_intervention
Gazzer could not disguise the grovelling tones of this clumsy attempt at flattery .,attempt,Attempt,An Agent attempts to achieve a Goal. The Outcome may also be mentioned explicitly. 'John attempted to climb Mt. Everest.' 'It was another failed attempt to climb Mt. Everest.',general,14,False,False,Medical_intervention
"` That will be thirty-one pounds please , sir . ''",sir,Attention_getting,"This frame covers terms used to get someone's attention, including Interjections (e.g. hey, yo) and certain terms of address (Address_term), the latter of which may serve the function of attention getting. 'Hey.' 'Hey, boy.' 'Hey, boy, come over here now!'",general,11,False,False,
"But … please , sir , can you come with me and see for yourself ? ''",sir,Attention_getting,"This frame covers terms used to get someone's attention, including Interjections (e.g. hey, yo) and certain terms of address (Address_term), the latter of which may serve the function of attention getting. 'Hey.' 'Hey, boy.' 'Hey, boy, come over here now!'",general,17,False,False,
'' I 'm feeling a lot more optimistic today than I did yesterday .,optimistic,Attitude_description,"The lexical units in this frame are descriptions of a Cognizer's Attitude about or outlook on a State_of_affairs. '' 'Carl is becoming more pessimistic about the negotiations every day.' 'The benefits of cluelessness come from living in a society where people take an optimistic view of life.' '' The State_of_affairs can be expressed without a Cognizer in many cases, as shown in the following: '' 'The situation is fairly grim at the moment.' ''",general,14,False,False,
Emergency crews said they were hopeful that they would be able to control the fire .,hopeful,Attitude_description,"The lexical units in this frame are descriptions of a Cognizer's Attitude about or outlook on a State_of_affairs. '' 'Carl is becoming more pessimistic about the negotiations every day.' 'The benefits of cluelessness come from living in a society where people take an optimistic view of life.' '' The State_of_affairs can be expressed without a Cognizer in many cases, as shown in the following: '' 'The situation is fairly grim at the moment.' ''",general,16,False,False,
"A major problem , according to Treuherz is career opportunities .",according to,Attributed_information,"A Proposition is attributed to a Speaker or a Text. 'According to the Press Trust of India in an article published on its Web site Thursday, the woman has been identified as 31-year-old Aafia Siddiqui, who was being sought by U.S. officials last week along with two other men, including one whose last known address was in Miramar, Fla.' ' In addition, according to Section I3.5b, the spacing of stud shear connectors along the length of a supporting beam shall not exceed 36?. ' 'According to the Pope, Muslims believe in the same God and according to Jesus, Muslims are the greatest in Heaven.'",daily_life,11,False,False,
"This would cost £8.3 billion , according to government estimates .",according to,Attributed_information,"A Proposition is attributed to a Speaker or a Text. 'According to the Press Trust of India in an article published on its Web site Thursday, the woman has been identified as 31-year-old Aafia Siddiqui, who was being sought by U.S. officials last week along with two other men, including one whose last known address was in Miramar, Fla.' ' In addition, according to Section I3.5b, the spacing of stud shear connectors along the length of a supporting beam shall not exceed 36?. ' 'According to the Pope, Muslims believe in the same God and according to Jesus, Muslims are the greatest in Heaven.'",news_politics,11,False,False,
"If accepted , the appeal process could take as long as three years , according to reports .",according to,Attributed_information,"A Proposition is attributed to a Speaker or a Text. 'According to the Press Trust of India in an article published on its Web site Thursday, the woman has been identified as 31-year-old Aafia Siddiqui, who was being sought by U.S. officials last week along with two other men, including one whose last known address was in Miramar, Fla.' ' In addition, according to Section I3.5b, the spacing of stud shear connectors along the length of a supporting beam shall not exceed 36?. ' 'According to the Pope, Muslims believe in the same God and according to Jesus, Muslims are the greatest in Heaven.'",general,18,False,False,
"And she has not ruled out the prospect of having another baby , according to royal sources .",according to,Attributed_information,"A Proposition is attributed to a Speaker or a Text. 'According to the Press Trust of India in an article published on its Web site Thursday, the woman has been identified as 31-year-old Aafia Siddiqui, who was being sought by U.S. officials last week along with two other men, including one whose last known address was in Miramar, Fla.' ' In addition, according to Section I3.5b, the spacing of stud shear connectors along the length of a supporting beam shall not exceed 36?. ' 'According to the Pope, Muslims believe in the same God and according to Jesus, Muslims are the greatest in Heaven.'",general,18,False,False,
"Keep your hair off your face , and avoid ` flat "" styles .",avoid,Avoiding,"An Agent avoids an Undesirable_situation under certain Circumstances. That situation may be an activity (e.g. going to school), or an entity (perhaps) metonymic for such an activity or situation (e.g. the curb). In this frame, the situation is undesirable from the Agent's point of view (e.g. evade), and contrasts with scenes in which the situation is specifically undesirable to someone else (e.g. forbear) or from the point of view of an external morality (e.g. abstain). 'Mike avoided his supervisor at all costs.'",general,14,False,False,Preventing_or_letting
"` We must avoid jumping to conclusions , "" replied Thiercelin cautiously .",avoid,Avoiding,"An Agent avoids an Undesirable_situation under certain Circumstances. That situation may be an activity (e.g. going to school), or an entity (perhaps) metonymic for such an activity or situation (e.g. the curb). In this frame, the situation is undesirable from the Agent's point of view (e.g. evade), and contrasts with scenes in which the situation is specifically undesirable to someone else (e.g. forbear) or from the point of view of an external morality (e.g. abstain). 'Mike avoided his supervisor at all costs.'",general,13,False,False,Preventing_or_letting
"The ` good loser syndrome "" has to be avoided at all costs .",avoid,Avoiding,"An Agent avoids an Undesirable_situation under certain Circumstances. That situation may be an activity (e.g. going to school), or an entity (perhaps) metonymic for such an activity or situation (e.g. the curb). In this frame, the situation is undesirable from the Agent's point of view (e.g. evade), and contrasts with scenes in which the situation is specifically undesirable to someone else (e.g. forbear) or from the point of view of an external morality (e.g. abstain). 'Mike avoided his supervisor at all costs.'",general,14,False,False,Preventing_or_letting
"Suddenly , Ted was aware that he was ploughing up something other than earth .",aware,Awareness,"A Cognizer has a piece of Content in their model of the world. The Content is not necessarily present due to immediate perception, but usually, rather, due to deduction from perceivables. In some cases, the deduction of the Content is implicitly based on confidence in sources of information (believe), in some cases based on logic (think), and in other cases the source of the deduction is deprofiled (know). 'Your boss is aware of your commitment.' '' Note that this frame is undergoing some degree of reconsideration. Many of the targets will be moved to the Opinion frame. That frame indicates that the Cognizer considers something as true, but the Opinion (compare to Content) is not presupposed to be true; rather it is something that is considered a potential point of difference, as in the following: 'I think that you are awesome.' In the uses that will remain in the Awareness frame, however, the Content is presupposed. '' This frame is also distinct from the Certainty frame, in that it does not profile the relationship of the Cognizer to the Content, but rather presupposes it. In Certainty, the Degree of confidence or certainty is expressible as a separate frame element, as in the following: 'She absolutely knew that he would be there .'",news_politics,15,False,False,
I was suddenly aware that what she said was true .,aware,Awareness,"A Cognizer has a piece of Content in their model of the world. The Content is not necessarily present due to immediate perception, but usually, rather, due to deduction from perceivables. In some cases, the deduction of the Content is implicitly based on confidence in sources of information (believe), in some cases based on logic (think), and in other cases the source of the deduction is deprofiled (know). 'Your boss is aware of your commitment.' '' Note that this frame is undergoing some degree of reconsideration. Many of the targets will be moved to the Opinion frame. That frame indicates that the Cognizer considers something as true, but the Opinion (compare to Content) is not presupposed to be true; rather it is something that is considered a potential point of difference, as in the following: 'I think that you are awesome.' In the uses that will remain in the Awareness frame, however, the Content is presupposed. '' This frame is also distinct from the Certainty frame, in that it does not profile the relationship of the Cognizer to the Content, but rather presupposes it. In Certainty, the Degree of confidence or certainty is expressible as a separate frame element, as in the following: 'She absolutely knew that he would be there .'",news_politics,11,False,False,
As she started to stand up Lisa was aware that she had not intended this abrupt departure .,aware,Awareness,"A Cognizer has a piece of Content in their model of the world. The Content is not necessarily present due to immediate perception, but usually, rather, due to deduction from perceivables. In some cases, the deduction of the Content is implicitly based on confidence in sources of information (believe), in some cases based on logic (think), and in other cases the source of the deduction is deprofiled (know). 'Your boss is aware of your commitment.' '' Note that this frame is undergoing some degree of reconsideration. Many of the targets will be moved to the Opinion frame. That frame indicates that the Cognizer considers something as true, but the Opinion (compare to Content) is not presupposed to be true; rather it is something that is considered a potential point of difference, as in the following: 'I think that you are awesome.' In the uses that will remain in the Awareness frame, however, the Content is presupposed. '' This frame is also distinct from the Certainty frame, in that it does not profile the relationship of the Cognizer to the Content, but rather presupposes it. In Certainty, the Degree of confidence or certainty is expressible as a separate frame element, as in the following: 'She absolutely knew that he would be there .'",news_politics,18,False,False,
"You are quite aware the venture is the brainchild of certain senior officers . """,aware,Awareness,"A Cognizer has a piece of Content in their model of the world. The Content is not necessarily present due to immediate perception, but usually, rather, due to deduction from perceivables. In some cases, the deduction of the Content is implicitly based on confidence in sources of information (believe), in some cases based on logic (think), and in other cases the source of the deduction is deprofiled (know). 'Your boss is aware of your commitment.' '' Note that this frame is undergoing some degree of reconsideration. Many of the targets will be moved to the Opinion frame. That frame indicates that the Cognizer considers something as true, but the Opinion (compare to Content) is not presupposed to be true; rather it is something that is considered a potential point of difference, as in the following: 'I think that you are awesome.' In the uses that will remain in the Awareness frame, however, the Content is presupposed. '' This frame is also distinct from the Certainty frame, in that it does not profile the relationship of the Cognizer to the Content, but rather presupposes it. In Certainty, the Degree of confidence or certainty is expressible as a separate frame element, as in the following: 'She absolutely knew that he would be there .'",news_politics,15,False,False,
""" Lorton paused , aware he was talking too much .",aware,Awareness,"A Cognizer has a piece of Content in their model of the world. The Content is not necessarily present due to immediate perception, but usually, rather, due to deduction from perceivables. In some cases, the deduction of the Content is implicitly based on confidence in sources of information (believe), in some cases based on logic (think), and in other cases the source of the deduction is deprofiled (know). 'Your boss is aware of your commitment.' '' Note that this frame is undergoing some degree of reconsideration. Many of the targets will be moved to the Opinion frame. That frame indicates that the Cognizer considers something as true, but the Opinion (compare to Content) is not presupposed to be true; rather it is something that is considered a potential point of difference, as in the following: 'I think that you are awesome.' In the uses that will remain in the Awareness frame, however, the Content is presupposed. '' This frame is also distinct from the Certainty frame, in that it does not profile the relationship of the Cognizer to the Content, but rather presupposes it. In Certainty, the Degree of confidence or certainty is expressible as a separate frame element, as in the following: 'She absolutely knew that he would be there .'",news_politics,11,False,False,
"Last week , sitting in the Luxembourg Gardens , he became aware of a pain in his foot .",aware,Awareness,"A Cognizer has a piece of Content in their model of the world. The Content is not necessarily present due to immediate perception, but usually, rather, due to deduction from perceivables. In some cases, the deduction of the Content is implicitly based on confidence in sources of information (believe), in some cases based on logic (think), and in other cases the source of the deduction is deprofiled (know). 'Your boss is aware of your commitment.' '' Note that this frame is undergoing some degree of reconsideration. Many of the targets will be moved to the Opinion frame. That frame indicates that the Cognizer considers something as true, but the Opinion (compare to Content) is not presupposed to be true; rather it is something that is considered a potential point of difference, as in the following: 'I think that you are awesome.' In the uses that will remain in the Awareness frame, however, the Content is presupposed. '' This frame is also distinct from the Certainty frame, in that it does not profile the relationship of the Cognizer to the Content, but rather presupposes it. In Certainty, the Degree of confidence or certainty is expressible as a separate frame element, as in the following: 'She absolutely knew that he would be there .'",news_politics,19,False,False,
"The statement said Ferdinand Ibaboa , 36 , of Mesa , Ariz. , was missing and presumed dead .",presumed,Awareness_status,"Some Content is part of the mental model of a Cognizer. The Cognizer arrives at the mental model not by direct perception but by reasoning from perceived phenomena. Alternatively, the Role of a particular object is known to be applicable to that object. 'That fact is known to many.' 'The presumed killer was last seen driving south on the interstate.'",general,19,False,False,
"Thorsen , of Grimstad , Norway , was granted £100,000 bail until June 18 .",bail,Bail_decision,"This frame covers a step in a criminal process in which a Judge decides whether the Accused should be released on bail, and, if so, what the amount of the bail should be. '' 'Thorsen, of Grimstad, Norway, was granted $100,000 bail until June 18.' 'He was granted conditional bail by Teesside Magistrates.'",general,15,False,False,
ARMED police began random checks on main roads in Manchester yesterday .,armed,Bearing_arms,"A Protagonist has (or does not have) a Weapon. The Degree to which the Protagonist is armed may also be described. The Protagonist is normally a human but may be a device that has subsidiary weapons. 'Apparently, the suspect is armed with a shotgun.' 'After she pulled the .45 from her sock drawer, she felt well enough armed to face anyone coming in.' 'The Tomahawk missile packs a lot of heat .' 'An individual with a right-to-carry license may continue to carry in a ""school zone"" in compliance with existing state and local laws. INI'",legal,12,False,False,
Middlesbrough defeated Newcastle B team 13-11 at home in a Northumberland and Durham League water polo fixture .,defeat,Beat_opponent,A Winner has victory over an Loser. 'He always beats me at chess.',sports,18,False,False,
"Yorkshire defeated Sussex to finish third , but both teams were demoted .",defeat,Beat_opponent,A Winner has victory over an Loser. 'He always beats me at chess.',sports,13,False,False,
The lengths to which he is prepared to go will become clear when he and Esau meet .,become,Becoming,"An Entity ends up with some Final_quality--a new fact about the Entity. Alternatively, based on a cluster of changes of characteristics, the Entitynewly meets the conditions for being a member of a Final_category. 'The weather turned cold .' 'You can become a firefighter today !' This frame should be compared with the Transition_to_state frame, which is more general in allowing arbitrary descriptions of a final situation: 'We ended up telling him to leave .' There is no way to effectively paraphrase such a sentence in the Becoming frame.",general,18,False,False,Suitability
The track becomes less distinct and goes into birchwood and a beautiful glen .,become,Becoming,"An Entity ends up with some Final_quality--a new fact about the Entity. Alternatively, based on a cluster of changes of characteristics, the Entitynewly meets the conditions for being a member of a Final_category. 'The weather turned cold .' 'You can become a firefighter today !' This frame should be compared with the Transition_to_state frame, which is more general in allowing arbitrary descriptions of a final situation: 'We ended up telling him to leave .' There is no way to effectively paraphrase such a sentence in the Becoming frame.",general,14,False,False,Suitability
The nurse eggs agglutinate to a mass in the centre of the capsular space .,agglutinate,Becoming_attached,"An Item comes to be attached to a Goal, with a Connector forming a bond between the Handle of the Item and the Goal (or some part of it). Alternatively, multiple Items may form a bond between each other. 'According to plan, the front part of the hull quietly attached to the docking gear.' 'The cells bind together.'",general,15,False,False,Attaching
They began a tour of inspection and almost immediately discovered the wrought-iron crypt gate swinging open .,discover,Becoming_aware,"Words in this frame have to do with a Cognizer adding some Phenomenon to their model of the world. They are similar to Coming-to-believe words, except the latter generally involve reasoning from Evidence. '' The words in this frame take direct objects that denote entities in the world, and indicate awareness of those entities, without necessarily giving any information about the content of the Cognizer's belief or knowledge. These words also resemble perception words, since creatures often become aware of things by perceiving them. 'Later that night, they found the barely-alive victim inside the Red Hall estate flat.' 'Almost immediately, the police discovered the wrought-iron crypt gate swinging open.' 'In the bag on the tableI could vaguelydiscern two bottles of wine and several cartons of cakes and other goodies.' 'People passing through recognize it from afar, by the clouds of coal dust darkening the air.' General Grammatical Observations: Passive forms of the verbs in this frame can occur with extraposed clauses expressing Phenomenon: 'That year it was discovered that consumers preferred the older model.' 'It is not always recognized how much work goes into a dinner party.'",general,17,False,False,Achieving_first
Hard-hit farmers have discovered a new way to make money … by turning their fields into racing circuits .,discover,Becoming_aware,"Words in this frame have to do with a Cognizer adding some Phenomenon to their model of the world. They are similar to Coming-to-believe words, except the latter generally involve reasoning from Evidence. '' The words in this frame take direct objects that denote entities in the world, and indicate awareness of those entities, without necessarily giving any information about the content of the Cognizer's belief or knowledge. These words also resemble perception words, since creatures often become aware of things by perceiving them. 'Later that night, they found the barely-alive victim inside the Red Hall estate flat.' 'Almost immediately, the police discovered the wrought-iron crypt gate swinging open.' 'In the bag on the tableI could vaguelydiscern two bottles of wine and several cartons of cakes and other goodies.' 'People passing through recognize it from afar, by the clouds of coal dust darkening the air.' General Grammatical Observations: Passive forms of the verbs in this frame can occur with extraposed clauses expressing Phenomenon: 'That year it was discovered that consumers preferred the older model.' 'It is not always recognized how much work goes into a dinner party.'",general,19,False,False,Achieving_first
"` So , you have discovered my little secret ! """,discover,Becoming_aware,"Words in this frame have to do with a Cognizer adding some Phenomenon to their model of the world. They are similar to Coming-to-believe words, except the latter generally involve reasoning from Evidence. '' The words in this frame take direct objects that denote entities in the world, and indicate awareness of those entities, without necessarily giving any information about the content of the Cognizer's belief or knowledge. These words also resemble perception words, since creatures often become aware of things by perceiving them. 'Later that night, they found the barely-alive victim inside the Red Hall estate flat.' 'Almost immediately, the police discovered the wrought-iron crypt gate swinging open.' 'In the bag on the tableI could vaguelydiscern two bottles of wine and several cartons of cakes and other goodies.' 'People passing through recognize it from afar, by the clouds of coal dust darkening the air.' General Grammatical Observations: Passive forms of the verbs in this frame can occur with extraposed clauses expressing Phenomenon: 'That year it was discovered that consumers preferred the older model.' 'It is not always recognized how much work goes into a dinner party.'",general,11,False,False,Achieving_first
But he had discovered something surprising .,discover,Becoming_aware,"Words in this frame have to do with a Cognizer adding some Phenomenon to their model of the world. They are similar to Coming-to-believe words, except the latter generally involve reasoning from Evidence. '' The words in this frame take direct objects that denote entities in the world, and indicate awareness of those entities, without necessarily giving any information about the content of the Cognizer's belief or knowledge. These words also resemble perception words, since creatures often become aware of things by perceiving them. 'Later that night, they found the barely-alive victim inside the Red Hall estate flat.' 'Almost immediately, the police discovered the wrought-iron crypt gate swinging open.' 'In the bag on the tableI could vaguelydiscern two bottles of wine and several cartons of cakes and other goodies.' 'People passing through recognize it from afar, by the clouds of coal dust darkening the air.' General Grammatical Observations: Passive forms of the verbs in this frame can occur with extraposed clauses expressing Phenomenon: 'That year it was discovered that consumers preferred the older model.' 'It is not always recognized how much work goes into a dinner party.'",general,7,False,False,Achieving_first
In either case you can easily and very quickly dehydrate and put your life at risk .,dehydrate,Becoming_dry,An Entity loses moisture with the outcome of being in a dry state. 'The slab dries very quickly.',legal,17,False,False,Cause_to_be_dry
Foals rapidly stop sucking and can dehydrate very quickly .,dehydrate,Becoming_dry,An Entity loses moisture with the outcome of being in a dry state. 'The slab dries very quickly.',general,10,False,False,Cause_to_be_dry
Prescott promises to hold his tongue,hold (one's) tongue,Becoming_silent,"In this frame a Speaker ceases speaking, sometimes about a particular Topic. An Expressor may also be indicated. '' The words of this frame are very frequently used imperatively, to the extent that certain words and phrases (not another word, silence, shhh) can only be used this way. 'Finally, Jan shut up about his car accident.' 'The children's laughter quieted down.' 'Somehow, he managed to hold his tongue.'",general,6,False,False,
"Out of sheer curiosity I held my tongue , and waited .",hold (one's) tongue,Becoming_silent,"In this frame a Speaker ceases speaking, sometimes about a particular Topic. An Expressor may also be indicated. '' The words of this frame are very frequently used imperatively, to the extent that certain words and phrases (not another word, silence, shhh) can only be used this way. 'Finally, Jan shut up about his car accident.' 'The children's laughter quieted down.' 'Somehow, he managed to hold his tongue.'",general,12,False,False,
"But we shall watch no longer , nor hold our tongues for fear of hurting you .",hold (one's) tongue,Becoming_silent,"In this frame a Speaker ceases speaking, sometimes about a particular Topic. An Expressor may also be indicated. '' The words of this frame are very frequently used imperatively, to the extent that certain words and phrases (not another word, silence, shhh) can only be used this way. 'Finally, Jan shut up about his car accident.' 'The children's laughter quieted down.' 'Somehow, he managed to hold his tongue.'",general,17,False,False,
The crowd noise hushed .,hush,Becoming_silent,"In this frame a Speaker ceases speaking, sometimes about a particular Topic. An Expressor may also be indicated. '' The words of this frame are very frequently used imperatively, to the extent that certain words and phrases (not another word, silence, shhh) can only be used this way. 'Finally, Jan shut up about his car accident.' 'The children's laughter quieted down.' 'Somehow, he managed to hold his tongue.'",general,5,False,False,Silencing
All around fellow diners hushed .,hush,Becoming_silent,"In this frame a Speaker ceases speaking, sometimes about a particular Topic. An Expressor may also be indicated. '' The words of this frame are very frequently used imperatively, to the extent that certain words and phrases (not another word, silence, shhh) can only be used this way. 'Finally, Jan shut up about his car accident.' 'The children's laughter quieted down.' 'Somehow, he managed to hold his tongue.'",general,6,False,False,Silencing
"Eventually , the lights dimmed , everyone hushed , the curtains parted and the show began .",hush,Becoming_silent,"In this frame a Speaker ceases speaking, sometimes about a particular Topic. An Expressor may also be indicated. '' The words of this frame are very frequently used imperatively, to the extent that certain words and phrases (not another word, silence, shhh) can only be used this way. 'Finally, Jan shut up about his car accident.' 'The children's laughter quieted down.' 'Somehow, he managed to hold his tongue.'",general,17,False,False,Silencing
Steve Goldman talks to the man widely regarded as Europe 's best film-maker .,film-maker,Behind_the_scenes,"Artists work at various tasks that further the completion of a film, play, television show, or other similar Production. Artists never appear on stage or in front of a camera. Some (e.g., a director) may interact with the actors (on-screen participants) of the Production. Often times a particular Production is made for distribution by a Distributor, by a particular Studio, or in a specific Medium. The Artists may be categorized into Type or work in specific Medium. 'Steven Spielberg directed several films for Universal Pictures.' 'Universal Pictures and Amblin Entertainment produced Jurassic Park for MCA.' 'Surprisingly, this film producer was willing to work for a cable company.' 'Independent producers often win big at smaller film festivals.'",general,14,False,False,
Nobody took this fable seriously until in 1961 a Russian film-maker managed to record it actually happening .,film-maker,Behind_the_scenes,"Artists work at various tasks that further the completion of a film, play, television show, or other similar Production. Artists never appear on stage or in front of a camera. Some (e.g., a director) may interact with the actors (on-screen participants) of the Production. Often times a particular Production is made for distribution by a Distributor, by a particular Studio, or in a specific Medium. The Artists may be categorized into Type or work in specific Medium. 'Steven Spielberg directed several films for Universal Pictures.' 'Universal Pictures and Amblin Entertainment produced Jurassic Park for MCA.' 'Surprisingly, this film producer was willing to work for a cable company.' 'Independent producers often win big at smaller film festivals.'",general,18,False,False,
He was active in the Yorkshire coalfield while I was active in the Nottinghamshire coalfield .,active,Being_active,"An Agent is described as pursuing an Activity, expending some effort. The Agent may be active in a particular Role. Alternatively, the Activity itself may be described as having an Agent who is expending effort. In some cases, the Activity may involve a Salient_entity which may stand in for it. 'Sky, a Korean War veteran, was active in his opposition to Vietnam and continues to protest current combat in Iraq.' 'She is active in the community by establishing parent groups, life skills program, sharing circles and various Aboriginal cultural activities for young women..' 'John Colville was quite active as a land speculator in both Virginia and Maryland.'",general,16,False,False,Active_substance
"If you are physically active at work or in leisure time , you can eat slightly more fat .",active,Being_active,"An Agent is described as pursuing an Activity, expending some effort. The Agent may be active in a particular Role. Alternatively, the Activity itself may be described as having an Agent who is expending effort. In some cases, the Activity may involve a Salient_entity which may stand in for it. 'Sky, a Korean War veteran, was active in his opposition to Vietnam and continues to protest current combat in Iraq.' 'She is active in the community by establishing parent groups, life skills program, sharing circles and various Aboriginal cultural activities for young women..' 'John Colville was quite active as a land speculator in both Virginia and Maryland.'",general,19,False,False,Active_substance
"At the bail stage , the Vera Institute has also been active on a number of fronts .",active,Being_active,"An Agent is described as pursuing an Activity, expending some effort. The Agent may be active in a particular Role. Alternatively, the Activity itself may be described as having an Agent who is expending effort. In some cases, the Activity may involve a Salient_entity which may stand in for it. 'Sky, a Korean War veteran, was active in his opposition to Vietnam and continues to protest current combat in Iraq.' 'She is active in the community by establishing parent groups, life skills program, sharing circles and various Aboriginal cultural activities for young women..' 'John Colville was quite active as a land speculator in both Virginia and Maryland.'",general,18,False,False,Active_substance
The nits are shiny and firmly attached to the hair .,attached,Being_attached,"An Item is attached by a Handle, via a Connector, to a Goal, or Items are attached to each other. There may be a Dependent_state, which depends crucially on Item(s) being attached. 'My thumb was stuck to the tube of glue.' 'The prisoner's legs were shackled.'",general,11,False,False,
"From its rear chassis , two heavy chains were securely attached to the steel bars of the gates .",attached,Being_attached,"An Item is attached by a Handle, via a Connector, to a Goal, or Items are attached to each other. There may be a Dependent_state, which depends crucially on Item(s) being attached. 'My thumb was stuck to the tube of glue.' 'The prisoner's legs were shackled.'",general,19,False,False,
If the baby is still attached by the cord to the mother then she may take it .,attached,Being_attached,"An Item is attached by a Handle, via a Connector, to a Goal, or Items are attached to each other. There may be a Dependent_state, which depends crucially on Item(s) being attached. 'My thumb was stuck to the tube of glue.' 'The prisoner's legs were shackled.'",general,18,False,False,
The child was hardly awake .,awake,Being_awake,A Protagonist is awake at some Time and Place. This entails the Protagonist having a higher general level of awareness of the surroundings than when asleep. 'He's awake!',general,6,False,False,Waking_up
"Jane had been awake in the night with her teeth , and had wanted Mummy , not Granny .",awake,Being_awake,A Protagonist is awake at some Time and Place. This entails the Protagonist having a higher general level of awareness of the surroundings than when asleep. 'He's awake!',general,19,False,False,Waking_up
D'Arcy was now fully awake .,awake,Being_awake,A Protagonist is awake at some Time and Place. This entails the Protagonist having a higher general level of awareness of the surroundings than when asleep. 'He's awake!',general,6,False,False,Waking_up
"It was all a dream , or he was n't properly awake .",awake,Being_awake,A Protagonist is awake at some Time and Place. This entails the Protagonist having a higher general level of awareness of the surroundings than when asleep. 'He's awake!',general,13,False,False,Waking_up
"Some of my guests were born sucking on the proverbial silver spoon , others knew hard times .",born,Being_born,"This frame concerns the inception of the life of a Child, generally human, at a particular Time and Place. The Relatives may also be mentioned. 'Little Jessie came into the world at 8 last night.'",general,18,False,False,
Two-year-old Leannda was sighted when she was born 14 weeks premature .,born,Being_born,"This frame concerns the inception of the life of a Child, generally human, at a particular Time and Place. The Relatives may also be mentioned. 'Little Jessie came into the world at 8 last night.'",general,12,False,False,
"The breeze tugged at her hair , pulled it loose from its bun .",loose,Being_detached,"An Item is detached from a Source, or Items are detached from each other. 'When the snow plow is disconnected from the vehicle, extend the lift cylinder to the end of its stroke and coat the chrome rod with a light grease.' 'The gold leaves that are unattached to the engraved surfaces fall off.' 'By 5:00 to 5:30 (depending on the time of year) the boat is unmoored and loaded.'",general,14,False,False,
