model,model_type,condition,retrieval_top_k,top_k,dynamic_example_frame_limit,examples_per_frame,sentence,lexical_unit,gold_frame,prediction,candidate_frames,gold_in_candidates,lexical_unit_candidate_frames,gold_in_lu_candidates,retrieved_example_frames,domain,sentence_length,is_long_context,is_ambiguous_lu,hard_negative_frames,frame_definition
flan_t5_large,encoder_decoder_instruction_model,dynamic_few_shot_lu_rerank,30,15,5,1,"The bank has abandoned all plans to finance roads or logging in Cameroon 's forests , in keeping with its ` stringent policy to protect the rights of indigenous people . """,abandon,Abandonment,UNKNOWN,Abandonment|Attempt|Activity_pause|Becoming|Activity_resume|Agree_or_refuse_to_act|Attempt_suasion|Amassing|Being_detached|Being_at_risk|Activity_done_state|Activity_stop|Abounding_with|Attempt_means|Affirm_or_deny,True,Abandonment,True,Abandonment|Attempt|Activity_pause|Becoming|Activity_resume,business,32,True,True,Activity_stop|Quitting_a_place,An Agent leaves behind a Theme effectively rendering it no longer within their control or of the normal security as one's property. 'Carolyn abandoned her car and jumped on a red double decker bus.' 'Perhaps he left the key in the ignition' 'Abandonment of a child is considered to be a serious crime in many jurisdictions.' There are also metaphorically used examples: 'She left her old ways behind .'
flan_t5_large,encoder_decoder_instruction_model,dynamic_few_shot_lu_rerank,30,15,5,1,"Jamie Hill , prosecuting , said Stevenson and a friend took a Nova car from North Skelton and abandoned it in Nottingham .",abandon,Abandonment,Abandonment,Abandonment|Being_detached|Attempt|Arriving|Abounding_with|Becoming_detached|Actually_occurring_entity|Attempt_suasion|Arson|Accompaniment|Activity_finish|Attitude_description|Attempt_means|Becoming_aware|Arrest,True,Abandonment,True,Abandonment|Being_detached|Attempt|Arriving|Abounding_with,daily_life,23,True,True,Activity_stop|Quitting_a_place,An Agent leaves behind a Theme effectively rendering it no longer within their control or of the normal security as one's property. 'Carolyn abandoned her car and jumped on a red double decker bus.' 'Perhaps he left the key in the ignition' 'Abandonment of a child is considered to be a serious crime in many jurisdictions.' There are also metaphorically used examples: 'She left her old ways behind .'
flan_t5_large,encoder_decoder_instruction_model,dynamic_few_shot_lu_rerank,30,15,5,1,"She had seen no reason to abandon it when she came to Medewich two years ago , even though she might now have been able to afford a car .",abandon,Abandonment,Abandonment,Abandonment|Being_detached|Alternatives|Becoming_detached|Attempt_suasion|Avoiding|Becoming|Attempt|Assistance|Becoming_visible|Becoming_aware|Adjusting|Awareness_status|Activity_stop|Age,True,Abandonment,True,Abandonment|Being_detached|Alternatives|Becoming_detached|Attempt_suasion,daily_life,30,True,True,Activity_stop|Quitting_a_place,An Agent leaves behind a Theme effectively rendering it no longer within their control or of the normal security as one's property. 'Carolyn abandoned her car and jumped on a red double decker bus.' 'Perhaps he left the key in the ignition' 'Abandonment of a child is considered to be a serious crime in many jurisdictions.' There are also metaphorically used examples: 'She left her old ways behind .'
flan_t5_large,encoder_decoder_instruction_model,dynamic_few_shot_lu_rerank,30,15,5,1,"Unfortunately , as a result of other priorities following the fall of France in June 1940 , the project was abandoned .",abandon,Abandonment,Abandonment,Abandonment|Attempt|Accomplishment|Activity_finish|Avoiding|Becoming|Activity_stop|Arriving|Being_detached|Activity_resume|Activity_done_state|Agree_or_refuse_to_act|Attempt_suasion|Be_in_agreement_on_action|Assistance,True,Abandonment,True,Abandonment|Attempt|Accomplishment|Activity_finish|Avoiding,general,22,True,True,Activity_stop|Quitting_a_place,An Agent leaves behind a Theme effectively rendering it no longer within their control or of the normal security as one's property. 'Carolyn abandoned her car and jumped on a red double decker bus.' 'Perhaps he left the key in the ignition' 'Abandonment of a child is considered to be a serious crime in many jurisdictions.' There are also metaphorically used examples: 'She left her old ways behind .'
flan_t5_large,encoder_decoder_instruction_model,dynamic_few_shot_lu_rerank,30,15,5,1,"Moved to rectify this situation , he abandoned plans of working in the missionary field , and offered his services to the Netherlands Indies civil service .",abandon,Abandonment,UNKNOWN,Abandonment|Attempt|Becoming|Attempt_suasion|Being_detached|Assigned_location|Activity_resume|Arriving|Becoming_detached|Agree_or_refuse_to_act|Agriculture|Assistance|Attitude_description|Accomplishment|Accompaniment,True,Abandonment,True,Abandonment|Attempt|Becoming|Attempt_suasion|Being_detached,general,27,True,True,Activity_stop|Quitting_a_place,An Agent leaves behind a Theme effectively rendering it no longer within their control or of the normal security as one's property. 'Carolyn abandoned her car and jumped on a red double decker bus.' 'Perhaps he left the key in the ignition' 'Abandonment of a child is considered to be a serious crime in many jurisdictions.' There are also metaphorically used examples: 'She left her old ways behind .'
flan_t5_large,encoder_decoder_instruction_model,dynamic_few_shot_lu_rerank,30,15,5,1,"The council later abandoned its plans to widen the highway and the reversion passed to the first defendants , who were not a highway authority .",abandon,Abandonment,Abandonment,Abandonment|Becoming|Attempt|Arriving|Attempt_suasion|Accompaniment|Appeal|Alliance|Agree_or_refuse_to_act|Becoming_visible|Becoming_detached|Activity_finish|Attitude_description|Activity_stop|Amalgamation,True,Abandonment,True,Abandonment|Becoming|Attempt|Arriving|Attempt_suasion,news_politics,26,True,True,Activity_stop|Quitting_a_place,An Agent leaves behind a Theme effectively rendering it no longer within their control or of the normal security as one's property. 'Carolyn abandoned her car and jumped on a red double decker bus.' 'Perhaps he left the key in the ignition' 'Abandonment of a child is considered to be a serious crime in many jurisdictions.' There are also metaphorically used examples: 'She left her old ways behind .'
flan_t5_large,encoder_decoder_instruction_model,dynamic_few_shot_lu_rerank,30,15,5,1,It was Osman 's father Mohamed who had returned in his car for the clothes for Mrs Zamzam 's children just before Um Al-Farajh was finally abandoned by the Palestinian Arabs in 1948 .,abandon,Abandonment,Abandonment,Abandonment|Arson|Being_detached|Attempt|Arriving|Becoming|Attempt_suasion|Becoming_visible|Activity_finish|Activity_stop|Attributed_information|Affirm_or_deny|Becoming_detached|Avoiding|Accomplishment,True,Abandonment,True,Abandonment|Arson|Being_detached|Attempt|Arriving,daily_life,34,True,True,Activity_stop|Quitting_a_place,An Agent leaves behind a Theme effectively rendering it no longer within their control or of the normal security as one's property. 'Carolyn abandoned her car and jumped on a red double decker bus.' 'Perhaps he left the key in the ignition' 'Abandonment of a child is considered to be a serious crime in many jurisdictions.' There are also metaphorically used examples: 'She left her old ways behind .'
flan_t5_large,encoder_decoder_instruction_model,dynamic_few_shot_lu_rerank,30,15,5,1,"Lola is waiting loyally , if not faithfully , for the lover , Michel ( Jacques Harden ) , who fathered her child and abandoned her seven years before .",abandon,Abandonment,UNKNOWN,Abandonment|Attempt_suasion|Accompaniment|Atonement|Addiction|Activity_ready_state|Activity_ongoing|Being_detached|Activity_finish|Becoming_dry|Becoming|Attempt|Alternatives|Age|Avoiding,True,Abandonment,True,Abandonment|Attempt_suasion|Accompaniment|Atonement|Addiction,general,30,True,True,Activity_stop|Quitting_a_place,An Agent leaves behind a Theme effectively rendering it no longer within their control or of the normal security as one's property. 'Carolyn abandoned her car and jumped on a red double decker bus.' 'Perhaps he left the key in the ignition' 'Abandonment of a child is considered to be a serious crime in many jurisdictions.' There are also metaphorically used examples: 'She left her old ways behind .'
flan_t5_large,encoder_decoder_instruction_model,dynamic_few_shot_lu_rerank,30,15,5,1,"A pistol was found in a garden at Ava Parade , off Ormeau Road , by police searching the area yesterday after a car was abandoned by two men .",abandon,Abandonment,UNKNOWN,Abandonment|Bearing_arms|Arriving|Becoming_visible|Aiming|Being_detached|Attempt|Assigned_location|Becoming_aware|Abounding_with|Ammunition|Attempt_suasion|Attempt_means|Becoming|Activity_ongoing,True,Abandonment,True,Abandonment|Bearing_arms|Arriving|Becoming_visible|Aiming,legal,30,True,True,Activity_stop|Quitting_a_place,An Agent leaves behind a Theme effectively rendering it no longer within their control or of the normal security as one's property. 'Carolyn abandoned her car and jumped on a red double decker bus.' 'Perhaps he left the key in the ignition' 'Abandonment of a child is considered to be a serious crime in many jurisdictions.' There are also metaphorically used examples: 'She left her old ways behind .'
flan_t5_large,encoder_decoder_instruction_model,dynamic_few_shot_lu_rerank,30,15,5,1,"This is a modern version of the Elizabethan ` City "" comedy , a panorama of town life , teeming with villains , mugs , lechers and madmen .",teem,Abounding_with,UNKNOWN,Abounding_with|Attitude_description|Aesthetics|Attention_getting|Aggregate|Becoming_visible|Architectural_part|Accompaniment|Amalgamation|Appellations|Actually_occurring_entity|Attempt_suasion|Becoming_aware|Alliance|Assemble,True,Abounding_with,True,Abounding_with|Attitude_description|Aesthetics|Attention_getting|Aggregate,general,29,True,True,Abundance|Mass_motion,"A Location is filled or covered with the Theme. The Location is realized as the External Argument, and the Theme either as PP complement headed by with, in or of. NB: This frame does not include uses of adjectives like paved when they merely specify the Type of some location, as in ""paved and unpaved roads"". 'The waters of the bay teemed with fish.' 'The waters of the bay were teeming with fish.' 'The road was completely covered in mud.'"
flan_t5_large,encoder_decoder_instruction_model,dynamic_few_shot_lu_rerank,30,15,5,1,Rare blue lizards scurry among the rocks of Petra ; clumps of black lilies grow beside the King 's Highway ; the few oases teem with birds .,teem,Abounding_with,UNKNOWN,Abounding_with|Abundance|Becoming_aware|Adjacency|Arriving|Ambient_temperature|Aggregate|Animals|Becoming_visible|Amalgamation|Attention_getting|Attitude_description|Amassing|Architectural_part|Adducing,True,Abounding_with,True,Abounding_with|Abundance|Becoming_aware|Adjacency|Arriving,general,28,True,True,Abundance|Mass_motion,"A Location is filled or covered with the Theme. The Location is realized as the External Argument, and the Theme either as PP complement headed by with, in or of. NB: This frame does not include uses of adjectives like paved when they merely specify the Type of some location, as in ""paved and unpaved roads"". 'The waters of the bay teemed with fish.' 'The waters of the bay were teeming with fish.' 'The road was completely covered in mud.'"
flan_t5_large,encoder_decoder_instruction_model,dynamic_few_shot_lu_rerank,30,15,5,1,"The quake knocked The Well out for six hours , but when it came back up , it teemed with emotional first-hand reports .",teem,Abounding_with,UNKNOWN,Abounding_with|Being_detached|Architectural_part|Attention|Attitude_description|Becoming_silent|Becoming_aware|Be_on_alert|Activity_pause|Activity_ready_state|Attention_getting|Adjusting|Attack|Annoyance|Being_awake,True,Abounding_with,True,Abounding_with|Being_detached|Architectural_part|Attention|Attitude_description,general,24,True,True,Abundance|Mass_motion,"A Location is filled or covered with the Theme. The Location is realized as the External Argument, and the Theme either as PP complement headed by with, in or of. NB: This frame does not include uses of adjectives like paved when they merely specify the Type of some location, as in ""paved and unpaved roads"". 'The waters of the bay teemed with fish.' 'The waters of the bay were teeming with fish.' 'The road was completely covered in mud.'"
flan_t5_large,encoder_decoder_instruction_model,dynamic_few_shot_lu_rerank,30,15,5,1,Uncover the pan and continue cooking until all the moisture has evaporated ; the pan should also be sizzling again and the dumplings golden brown and crisp underneath .,sizzle,Absorb_heat,UNKNOWN,Absorb_heat|Apply_heat|Attention|Arriving|Activity_ready_state|Becoming_dry|Activity_finish|Becoming_silent|Being_detached|Accomplishment|Activity_ongoing|Activity_stop|Activity_pause|Becoming_aware|Agriculture,True,Absorb_heat,True,Absorb_heat|Apply_heat|Attention|Arriving|Activity_ready_state,general,29,True,True,Make_noise|Sounds,"An Entity (generally food) is exposed to a Heat_source whose Temperature may also be specified. Generally, the Entity undergoes some sort of change as a result of this process. 'Bacon was frying in the pan, and a great heap of eggs already lay steaming on a plate.' 'If it cooks at 400 for an hour, it 'll be nothing but a pile of ash!'"
flan_t5_large,encoder_decoder_instruction_model,dynamic_few_shot_lu_rerank,30,15,5,1,"You 're going to a friend 's for a barbecue on a hot summer 's evening , and you 're walking up the drive and you can smell the barbecue sizzling away .",sizzle,Absorb_heat,UNKNOWN,Absorb_heat|Apply_heat|Attention_getting|Attention|Ambient_temperature|Architectural_part|Becoming_aware|Aiming|Attending|Abounding_with|Bearing_arms|Attempt_suasion|Accompaniment|Becoming_silent|Aesthetics,True,Absorb_heat,True,Absorb_heat|Apply_heat|Attention_getting|Attention|Ambient_temperature,daily_life,33,True,True,Make_noise|Sounds,"An Entity (generally food) is exposed to a Heat_source whose Temperature may also be specified. Generally, the Entity undergoes some sort of change as a result of this process. 'Bacon was frying in the pan, and a great heap of eggs already lay steaming on a plate.' 'If it cooks at 400 for an hour, it 'll be nothing but a pile of ash!'"
flan_t5_large,encoder_decoder_instruction_model,dynamic_few_shot_lu_rerank,30,15,5,1,"Inside was a lighted wick ; as the metal dish warmed up , the nicotine began to sizzle and give off fumes lethal to red spider mite and aphids .",sizzle,Absorb_heat,UNKNOWN,Absorb_heat|Becoming_aware|Apply_heat|Active_substance|Architectural_part|Aiming|Achieving_first|Attitude_description|Activity_ready_state|Ambient_temperature|Addiction|Arriving|Attention_getting|Bearing_arms|Awareness_status,True,Absorb_heat,True,Absorb_heat|Becoming_aware|Apply_heat|Active_substance|Architectural_part,news_politics,30,True,True,Make_noise|Sounds,"An Entity (generally food) is exposed to a Heat_source whose Temperature may also be specified. Generally, the Entity undergoes some sort of change as a result of this process. 'Bacon was frying in the pan, and a great heap of eggs already lay steaming on a plate.' 'If it cooks at 400 for an hour, it 'll be nothing but a pile of ash!'"
flan_t5_large,encoder_decoder_instruction_model,dynamic_few_shot_lu_rerank,30,15,5,1,A fire was burning in a black grate which had an oven to the side of it ; a large black kettle was sizzling on the hob .,sizzle,Absorb_heat,UNKNOWN,Absorb_heat|Apply_heat|Architectural_part|Arson|Aiming|Attempt|Becoming_aware|Arriving|Ammunition|Achieving_first|Accompaniment|Attack|Attitude_description|Attempt_means|Be_subset_of,True,Absorb_heat,True,Absorb_heat|Apply_heat|Architectural_part|Arson|Aiming,general,28,True,True,Make_noise|Sounds,"An Entity (generally food) is exposed to a Heat_source whose Temperature may also be specified. Generally, the Entity undergoes some sort of change as a result of this process. 'Bacon was frying in the pan, and a great heap of eggs already lay steaming on a plate.' 'If it cooks at 400 for an hour, it 'll be nothing but a pile of ash!'"
flan_t5_large,encoder_decoder_instruction_model,dynamic_few_shot_lu_rerank,30,15,5,1,"THE only surprise in the history of interferon is its meteoric rise to fame as a cancer cure , after its earlier promise as an anti-viral agent .",agent,Active_substance,UNKNOWN,Active_substance|Becoming_visible|Accomplishment|Becoming_aware|Actually_occurring_entity|Activity_ready_state|Achieving_first|Becoming|Arriving|Activity_start|Becoming_attached|Adjusting|Awareness_status|Accompaniment|Attempt_suasion,True,Active_substance,True,Active_substance|Becoming_visible|Accomplishment|Becoming_aware|Actually_occurring_entity,general,28,True,True,Intentionally_act|People_by_vocation,A Substance causes an Effect. The Substance is produced by a process understood as directed towards the Effect. The Name for the material that makes up the substance may also be given. 'A rationale for using denatured gp160 as a therapeutic agent in HIV-infected people is to boost the immune response .' 'The quinolones now seem to be the antimicrobial agents of choice for acute bacterial prostatitis.' 'Hormonally active chemicals have the potential to cause significant environmental injury.' 'Only after the potion has been drunk does the active ingredient form. DNI' 'The sarin agent might have been a leftover shell from a chemical-arms dump. '
flan_t5_large,encoder_decoder_instruction_model,dynamic_few_shot_lu_rerank,30,15,5,1,He conceded that high levels of pollution could have affected the dolphin 's defence mechanisms making them vulnerable to attack by an infectious agent .,agent,Active_substance,UNKNOWN,Active_substance|Avoiding|Adjusting|Attempt|Becoming_aware|Adopt_selection|Attempt_suasion|Authority|Adducing|Being_at_risk|Armor|Architectural_part|Activity_ready_state|Aiming|Attack,True,Active_substance,True,Active_substance|Avoiding|Adjusting|Attempt|Becoming_aware,general,25,True,True,Intentionally_act|People_by_vocation,A Substance causes an Effect. The Substance is produced by a process understood as directed towards the Effect. The Name for the material that makes up the substance may also be given. 'A rationale for using denatured gp160 as a therapeutic agent in HIV-infected people is to boost the immune response .' 'The quinolones now seem to be the antimicrobial agents of choice for acute bacterial prostatitis.' 'Hormonally active chemicals have the potential to cause significant environmental injury.' 'Only after the potion has been drunk does the active ingredient form. DNI' 'The sarin agent might have been a leftover shell from a chemical-arms dump. '
flan_t5_large,encoder_decoder_instruction_model,dynamic_few_shot_lu_rerank,30,15,5,1,"Very recently it has been shown that treating prediabetic mice ( that is , before they develop symptoms ) with various chemical agents , including insulin , will prevent diabetes from developing .",agent,Active_substance,UNKNOWN,Active_substance|Adjusting|Activity_ongoing|Activity_ready_state|Adopt_selection|Activity_start|Attempt|Becoming_aware|Activity_prepare|Alternatives|Becoming_attached|Actually_occurring_entity|Aging|Adducing|Avoiding,True,Active_substance,True,Active_substance|Adjusting|Activity_ongoing|Activity_ready_state|Adopt_selection,science_medical,33,True,True,Intentionally_act|People_by_vocation,A Substance causes an Effect. The Substance is produced by a process understood as directed towards the Effect. The Name for the material that makes up the substance may also be given. 'A rationale for using denatured gp160 as a therapeutic agent in HIV-infected people is to boost the immune response .' 'The quinolones now seem to be the antimicrobial agents of choice for acute bacterial prostatitis.' 'Hormonally active chemicals have the potential to cause significant environmental injury.' 'Only after the potion has been drunk does the active ingredient form. DNI' 'The sarin agent might have been a leftover shell from a chemical-arms dump. '
flan_t5_large,encoder_decoder_instruction_model,dynamic_few_shot_lu_rerank,30,15,5,1,"Those patients at most risk when undergoing ERCP are the elderly , and previous workers have shown that age is a predisposing factor to hypoxia during ERCP when narcotic agents are used in conjunction with benzodiazepine sedation .",agent,Active_substance,UNKNOWN,Active_substance|Activity_ready_state|Aging|Age|Adjusting|Awareness_status|Actually_occurring_entity|Activity_prepare|Becoming_aware|Attention|Adducing|Addiction|Activity_ongoing|Activity_resume|Activity_pause,True,Active_substance,True,Active_substance|Activity_ready_state|Aging|Age|Adjusting,science_medical,38,True,True,Intentionally_act|People_by_vocation,A Substance causes an Effect. The Substance is produced by a process understood as directed towards the Effect. The Name for the material that makes up the substance may also be given. 'A rationale for using denatured gp160 as a therapeutic agent in HIV-infected people is to boost the immune response .' 'The quinolones now seem to be the antimicrobial agents of choice for acute bacterial prostatitis.' 'Hormonally active chemicals have the potential to cause significant environmental injury.' 'Only after the potion has been drunk does the active ingredient form. DNI' 'The sarin agent might have been a leftover shell from a chemical-arms dump. '
flan_t5_large,encoder_decoder_instruction_model,dynamic_few_shot_lu_rerank,30,15,5,1,"Britain and America are worried enough to have produced enough serum to immunise their troops against anthrax , one of the biological agents he is most likely to have .",agent,Active_substance,UNKNOWN,Active_substance|Attack|Activity_ready_state|Be_on_alert|Attempt|Activity_prepare|Adopt_selection|Being_at_risk|Authority|Avoiding|Being_active|Be_in_agreement_on_action|Actually_occurring_entity|Atonement|Adjusting,True,Active_substance,True,Active_substance|Attack|Activity_ready_state|Be_on_alert|Attempt,general,30,True,True,Intentionally_act|People_by_vocation,A Substance causes an Effect. The Substance is produced by a process understood as directed towards the Effect. The Name for the material that makes up the substance may also be given. 'A rationale for using denatured gp160 as a therapeutic agent in HIV-infected people is to boost the immune response .' 'The quinolones now seem to be the antimicrobial agents of choice for acute bacterial prostatitis.' 'Hormonally active chemicals have the potential to cause significant environmental injury.' 'Only after the potion has been drunk does the active ingredient form. DNI' 'The sarin agent might have been a leftover shell from a chemical-arms dump. '
flan_t5_large,encoder_decoder_instruction_model,dynamic_few_shot_lu_rerank,30,15,5,1,"John Surtees kept the British flag flying in 1964 , before Clark won his second title a year later .",keep,Activity_ongoing,UNKNOWN,Activity_ongoing|Appellations|Becoming|Affirm_or_deny|Becoming_visible|Becoming_a_member|Accompaniment|Being_attached|Abandonment|Attention_getting|Activity_finish|Attempt|Being_detached|Awareness|Accomplishment,True,Activity_ongoing,True,Activity_ongoing|Appellations|Becoming|Affirm_or_deny|Becoming_visible,general,20,True,True,Cause_to_continue|Compliance|Retaining|Storing,"An Agent is performing the portion of an Activity in which there is dynamic stability. '' 'Not noticing the hoards of people rushing by the window, Manny continued eating his lunch.' 'Keep living the dream!'"
flan_t5_large,encoder_decoder_instruction_model,dynamic_few_shot_lu_rerank,30,15,5,1,"He kept thinking of the girl in Mu Chua 's House of the Ninth Ecstasy ; the singsong girl , White Orchid , who had looked so much like Vesa .",keep,Activity_ongoing,UNKNOWN,Activity_ongoing|Addiction|Attitude_description|Becoming_aware|Becoming_silent|Aesthetics|Adducing|Artistic_style|Attention_getting|Attempt_suasion|Accoutrements|Becoming_visible|Awareness|Attention|Architectural_part,True,Activity_ongoing,True,Activity_ongoing|Addiction|Attitude_description|Becoming_aware|Becoming_silent,general,31,True,True,Cause_to_continue|Compliance|Retaining|Storing,"An Agent is performing the portion of an Activity in which there is dynamic stability. '' 'Not noticing the hoards of people rushing by the window, Manny continued eating his lunch.' 'Keep living the dream!'"
flan_t5_large,encoder_decoder_instruction_model,dynamic_few_shot_lu_rerank,30,15,5,1,We will start in our first parliamentary session with a Freedom of Information Act which will open up government to the people .,start,Activity_start,UNKNOWN,Activity_start|Activity_ready_state|Attempt_suasion|Becoming|Attention_getting|Aiming|Accomplishment|Activity_resume|Be_in_agreement_on_action|Attempt_means|Assemble|Achieving_first|Attitude_description|Assistance|Attempt,True,Activity_start,True,Activity_start|Activity_ready_state|Attempt_suasion|Becoming|Attention_getting,news_politics,23,True,True,Catching_fire|Process_start|Temporal_subregion,"An Agent initiates the beginning of an ongoing Activity in which he will be continuously involved. '' 'At the same time, city-states began to grow in influence on the southern Greek mainland.' 'Naturally, I started crying to get out of work.'"
flan_t5_large,encoder_decoder_instruction_model,dynamic_few_shot_lu_rerank,30,15,5,1,Follow-up testing has been started with a questionnaire being sent to past course delegates to check their continued understanding of food safety requirements .,start,Activity_start,UNKNOWN,Activity_start|Activity_ready_state|Attempt|Activity_prepare|Assistance|Assessing|Becoming|Activity_resume|Attention_getting|Activity_done_state|Attempt_means|Attempt_suasion|Becoming_aware|Attention|Aiming,True,Activity_start,True,Activity_start|Activity_ready_state|Attempt|Activity_prepare|Assistance,daily_life,24,True,True,Catching_fire|Process_start|Temporal_subregion,"An Agent initiates the beginning of an ongoing Activity in which he will be continuously involved. '' 'At the same time, city-states began to grow in influence on the southern Greek mainland.' 'Naturally, I started crying to get out of work.'"
flan_t5_large,encoder_decoder_instruction_model,dynamic_few_shot_lu_rerank,30,15,5,1,"After all , I 'd only just stopped doing my paper-round and I heard them talking about headlong stuff I never knew about before : abortions , heroin , Sylvia Plath , prostitution .",stop,Activity_stop,UNKNOWN,Activity_stop|Addiction|Activity_ready_state|Activity_finish|Becoming_silent|Activity_start|Attention_getting|Activity_ongoing|Becoming_aware|Becoming|Attempt_suasion|Attitude_description|Attributed_information|Achieving_first|Aggregate,True,Activity_stop,True,Activity_stop|Addiction|Activity_ready_state|Activity_finish|Becoming_silent,general,34,True,True,Halt|Preventing_or_letting|Process_stop|Thwarting,"An Agent ceases an Activity without completing it. '' 'After the lawsuit, the company stopped producing the once very profitable toy.' 'The rugby club terminated negotiations with Argyll in September 1988.'"
flan_t5_large,encoder_decoder_instruction_model,dynamic_few_shot_lu_rerank,30,15,5,1,"To take one example , if Britain stopped burning fossil fuels altogether , the world 's output of carbon dioxide -- some 6 billion tonnes a year -- would fall by only 160 m tonnes .",stop,Activity_stop,UNKNOWN,Activity_stop|Adding_up|Becoming|Activity_finish|Aggregate|Abundance|Amounting_to|Attempt|Actually_occurring_entity|Becoming_separated|Adjusting|Activity_pause|Activity_start|Accomplishment|Be_subset_of,True,Activity_stop,True,Activity_stop|Adding_up|Becoming|Activity_finish|Aggregate,daily_life,36,True,True,Halt|Preventing_or_letting|Process_stop|Thwarting,"An Agent ceases an Activity without completing it. '' 'After the lawsuit, the company stopped producing the once very profitable toy.' 'The rugby club terminated negotiations with Argyll in September 1988.'"
flan_t5_large,encoder_decoder_instruction_model,dynamic_few_shot_lu_rerank,30,15,5,1,The Office has stopped subsidising one-day energy surveys for industry and commerce and there is little accessible public information .,stop,Activity_stop,UNKNOWN,Activity_stop|Activity_pause|Attention_getting|Activity_start|Adjusting|Activity_resume|Attempt_suasion|Attitude_description|Attempt|Activity_ready_state|Be_subset_of|Activity_finish|Activity_done_state|Abundance|Amassing,True,Activity_stop,True,Activity_stop|Activity_pause|Attention_getting|Activity_start|Adjusting,business,20,True,True,Halt|Preventing_or_letting|Process_stop|Thwarting,"An Agent ceases an Activity without completing it. '' 'After the lawsuit, the company stopped producing the once very profitable toy.' 'The rugby club terminated negotiations with Argyll in September 1988.'"
flan_t5_large,encoder_decoder_instruction_model,dynamic_few_shot_lu_rerank,30,15,5,1,Social services have stopped paying a £30 attendance allowance for Becky to go to Southampton once every two months for treatment .,stop,Activity_stop,UNKNOWN,Activity_stop|Activity_pause|Attention_getting|Activity_finish|Activity_resume|Activity_done_state|Assistance|Adding_up|Addiction|Agree_or_refuse_to_act|Accompaniment|Affirm_or_deny|Activity_start|Becoming|Arson,True,Activity_stop,True,Activity_stop|Activity_pause|Attention_getting|Activity_finish|Activity_resume,general,22,True,True,Halt|Preventing_or_letting|Process_stop|Thwarting,"An Agent ceases an Activity without completing it. '' 'After the lawsuit, the company stopped producing the once very profitable toy.' 'The rugby club terminated negotiations with Argyll in September 1988.'"
flan_t5_large,encoder_decoder_instruction_model,dynamic_few_shot_lu_rerank,30,15,5,1,"I stopped smoking two years ago and I stopped doing all the silly drugs and drink nearly six years ago , so you naturally gravitate towards quite a healthy diet .",stop,Activity_stop,UNKNOWN,Activity_stop|Addiction|Attempt|Activity_start|Becoming|Aging|Activity_pause|Activity_resume|Adjusting|Activity_ongoing|Attempt_means|Active_substance|Actually_occurring_entity|Attempt_suasion|Activity_finish,True,Activity_stop,True,Activity_stop|Addiction|Attempt|Activity_start|Becoming,news_politics,31,True,True,Halt|Preventing_or_letting|Process_stop|Thwarting,"An Agent ceases an Activity without completing it. '' 'After the lawsuit, the company stopped producing the once very profitable toy.' 'The rugby club terminated negotiations with Argyll in September 1988.'"
flan_t5_large,encoder_decoder_instruction_model,dynamic_few_shot_lu_rerank,30,15,5,1,The prevalence of this association was found to be higher in our study than in other previous series [ 2 3 4 5 6 7 ] . The true prevalence could be even higher since liver enzyme profiles were not done in all patients .,true,Actually_occurring_entity,UNKNOWN,Actually_occurring_entity|Abundance|Awareness_status|Attributed_information|Be_subset_of|Artificiality|Aging|Age|Active_substance|Becoming_aware|Amounting_to|Affirm_or_deny|Adjusting|Becoming_visible|Assessing,True,Actually_occurring_entity,True,Actually_occurring_entity|Abundance|Awareness_status|Attributed_information|Be_subset_of,science_medical,45,True,True,Accuracy|Artificiality|Candidness|Correctness|Exemplar,"Against the background of a contextually salient non-real world, for instance a hypothetical, imagined, simulated, expected, projected, or dream world, an Instance of a Type encountered in a relation or event in the real world is presented as being different from the instance found in the non-real world. Of course, the real-world Instance of the expected Type may also be presented as not occurring, as in the last example below. 'Actual results may vary.' 'ACTUAL results may vary.' 'Also present is the actual policeman, now 20 years older and helping to cast and prepare the young actor who'll be portraying him onscreen.' 'Also present is the ACTUAL policeman, now 20 years older and helping to cast and prepare the young actor who'll be portraying him onscreen.' 'Of course, an actual car with all these capabilities simply did not exist.' 'Of course, an ACTUAL car with all these capabilities simply did not exist.'"
flan_t5_large,encoder_decoder_instruction_model,dynamic_few_shot_lu_rerank,30,15,5,1,"While I appreciate U.S. News & World Report 's endorsement , the true value of your support is measured by the way Goodwill takes on problems that affect all of us .",true,Actually_occurring_entity,UNKNOWN,Actually_occurring_entity|Assessing|Amounting_to|Accomplishment|Attitude_description|Assistance|Amassing|Adopt_selection|Be_in_agreement_on_action|Be_in_agreement_on_assessment|Artificiality|Attention|Abundance|Adjusting|Aesthetics,True,Actually_occurring_entity,True,Actually_occurring_entity|Assessing|Amounting_to|Accomplishment|Attitude_description,general,32,True,True,Accuracy|Artificiality|Candidness|Correctness|Exemplar,"Against the background of a contextually salient non-real world, for instance a hypothetical, imagined, simulated, expected, projected, or dream world, an Instance of a Type encountered in a relation or event in the real world is presented as being different from the instance found in the non-real world. Of course, the real-world Instance of the expected Type may also be presented as not occurring, as in the last example below. 'Actual results may vary.' 'ACTUAL results may vary.' 'Also present is the actual policeman, now 20 years older and helping to cast and prepare the young actor who'll be portraying him onscreen.' 'Also present is the ACTUAL policeman, now 20 years older and helping to cast and prepare the young actor who'll be portraying him onscreen.' 'Of course, an actual car with all these capabilities simply did not exist.' 'Of course, an ACTUAL car with all these capabilities simply did not exist.'"
flan_t5_large,encoder_decoder_instruction_model,dynamic_few_shot_lu_rerank,30,15,5,1,Example 5 shows the true dominance of the perfect fourth ; the set created is a ten-note set derived by stacking fourths .,true,Actually_occurring_entity,UNKNOWN,Actually_occurring_entity|Attitude_description|Becoming_visible|Aggregate|Adjacency|Adding_up|Affirm_or_deny|Be_subset_of|Artificiality|Amounting_to|Adducing|Abundance|Amalgamation|Attention_getting|Age,True,Actually_occurring_entity,True,Actually_occurring_entity|Attitude_description|Becoming_visible|Aggregate|Adjacency,general,23,True,True,Accuracy|Artificiality|Candidness|Correctness|Exemplar,"Against the background of a contextually salient non-real world, for instance a hypothetical, imagined, simulated, expected, projected, or dream world, an Instance of a Type encountered in a relation or event in the real world is presented as being different from the instance found in the non-real world. Of course, the real-world Instance of the expected Type may also be presented as not occurring, as in the last example below. 'Actual results may vary.' 'ACTUAL results may vary.' 'Also present is the actual policeman, now 20 years older and helping to cast and prepare the young actor who'll be portraying him onscreen.' 'Also present is the ACTUAL policeman, now 20 years older and helping to cast and prepare the young actor who'll be portraying him onscreen.' 'Of course, an actual car with all these capabilities simply did not exist.' 'Of course, an ACTUAL car with all these capabilities simply did not exist.'"
flan_t5_large,encoder_decoder_instruction_model,dynamic_few_shot_lu_rerank,30,15,5,1,"April 27, 2009 4:45 PM Brad Templeton : When I got to United 's site it has two columns , one for true miles flown ( sort of ) and one for elite bonus .",true,Actually_occurring_entity,UNKNOWN,Actually_occurring_entity|Amounting_to|Attention_getting|Adding_up|Appellations|Attitude_description|Becoming_a_member|Affirm_or_deny|Be_in_agreement_on_action|Assistance|Attributed_information|Accomplishment|Aggregate|Be_subset_of|Alliance,True,Actually_occurring_entity,True,Actually_occurring_entity|Amounting_to|Attention_getting|Adding_up|Appellations,general,35,True,True,Accuracy|Artificiality|Candidness|Correctness|Exemplar,"Against the background of a contextually salient non-real world, for instance a hypothetical, imagined, simulated, expected, projected, or dream world, an Instance of a Type encountered in a relation or event in the real world is presented as being different from the instance found in the non-real world. Of course, the real-world Instance of the expected Type may also be presented as not occurring, as in the last example below. 'Actual results may vary.' 'ACTUAL results may vary.' 'Also present is the actual policeman, now 20 years older and helping to cast and prepare the young actor who'll be portraying him onscreen.' 'Also present is the ACTUAL policeman, now 20 years older and helping to cast and prepare the young actor who'll be portraying him onscreen.' 'Of course, an actual car with all these capabilities simply did not exist.' 'Of course, an ACTUAL car with all these capabilities simply did not exist.'"
flan_t5_large,encoder_decoder_instruction_model,dynamic_few_shot_lu_rerank,30,15,5,1,"That 's why I ask that ( today , 1993 ) we NOT LABEL true plain text as US-ASCII /ISO-8859-1 .",true,Actually_occurring_entity,UNKNOWN,Actually_occurring_entity|Attributed_information|Affirm_or_deny|Artificiality|Amounting_to|Attitude_description|Be_subset_of|Age|Ambient_temperature|Attention_getting|Artifact|Adding_up|Becoming|Becoming_aware|Bearing_arms,True,Actually_occurring_entity,True,Actually_occurring_entity|Attributed_information|Affirm_or_deny|Artificiality|Amounting_to,general,21,True,True,Accuracy|Artificiality|Candidness|Correctness|Exemplar,"Against the background of a contextually salient non-real world, for instance a hypothetical, imagined, simulated, expected, projected, or dream world, an Instance of a Type encountered in a relation or event in the real world is presented as being different from the instance found in the non-real world. Of course, the real-world Instance of the expected Type may also be presented as not occurring, as in the last example below. 'Actual results may vary.' 'ACTUAL results may vary.' 'Also present is the actual policeman, now 20 years older and helping to cast and prepare the young actor who'll be portraying him onscreen.' 'Also present is the ACTUAL policeman, now 20 years older and helping to cast and prepare the young actor who'll be portraying him onscreen.' 'Of course, an actual car with all these capabilities simply did not exist.' 'Of course, an ACTUAL car with all these capabilities simply did not exist.'"
flan_t5_large,encoder_decoder_instruction_model,dynamic_few_shot_lu_rerank,30,15,5,1,"In this case , though , when I totalled their length it came to 2,000 words ; and the books editor had asked for 700 .",total,Adding_up,Adding_up,Adding_up|Amounting_to|Attention_getting|Be_subset_of|Attitude_description|Aggregate|Activity_finish|Amassing|Amalgamation|Attempt|Affirm_or_deny|Adjusting|Adducing|Actually_occurring_entity|Be_in_agreement_on_assessment,True,Adding_up|Amounting_to,True,Adding_up|Amounting_to|Attention_getting|Be_subset_of|Attitude_description,legal,26,True,True,Amounting_to|Completeness|Render_nonfunctional,"A Cognizer computes a Result on the basis of input Numbers by addition. ' Add up your savings.' ' This is a cumulative figure obtained by adding up the cost of treating a given volume of specific diseases. ' 'When he later took the trouble to add up the bill he discovered that the actual cost was Fr 1,481 , around 140 pounds : an overcharge of 40 pounds' 'Chaperones tallied the number of tickets sold at the school dance at more than 1000.'"
flan_t5_large,encoder_decoder_instruction_model,dynamic_few_shot_lu_rerank,30,15,5,1,A spreadsheet makes operations like totalling a column of numbers or producing a bar chart a straightforward operation -- SuperCalc 5.5 makes them incredibly quick and easy due to the icons in its new Tool Bar .,total,Adding_up,UNKNOWN,Adding_up|Amounting_to|Be_subset_of|Aggregate|Accuracy|Attention_getting|Amalgamation|Arranging|Actually_occurring_entity|Ambient_temperature|Amassing|Activity_done_state|Artificiality|Assistance|Activity_finish,True,Adding_up|Amounting_to,True,Adding_up|Amounting_to|Be_subset_of|Aggregate|Accuracy,news_politics,37,True,True,Amounting_to|Completeness|Render_nonfunctional,"A Cognizer computes a Result on the basis of input Numbers by addition. ' Add up your savings.' ' This is a cumulative figure obtained by adding up the cost of treating a given volume of specific diseases. ' 'When he later took the trouble to add up the bill he discovered that the actual cost was Fr 1,481 , around 140 pounds : an overcharge of 40 pounds' 'Chaperones tallied the number of tickets sold at the school dance at more than 1000.'"
flan_t5_large,encoder_decoder_instruction_model,dynamic_few_shot_lu_rerank,30,15,5,1,The goals scored over four weeks are totalled and the highest number of goals wins a prize of £50 .,total,Adding_up,UNKNOWN,Adding_up|Amounting_to|Be_subset_of|Accomplishment|Attention_getting|Aggregate|Activity_finish|Attitude_description|Assessing|Actually_occurring_entity|Attempt|Becoming|Architectural_part|Amassing|Age,True,Adding_up|Amounting_to,True,Adding_up|Amounting_to|Be_subset_of|Accomplishment|Attention_getting,sports,20,True,True,Amounting_to|Completeness|Render_nonfunctional,"A Cognizer computes a Result on the basis of input Numbers by addition. ' Add up your savings.' ' This is a cumulative figure obtained by adding up the cost of treating a given volume of specific diseases. ' 'When he later took the trouble to add up the bill he discovered that the actual cost was Fr 1,481 , around 140 pounds : an overcharge of 40 pounds' 'Chaperones tallied the number of tickets sold at the school dance at more than 1000.'"
flan_t5_large,encoder_decoder_instruction_model,dynamic_few_shot_lu_rerank,30,15,5,1,Unfortunately it is insufficient to total the number of weeks of holiday to be taken in the year by staff and divide by fifty-two .,total,Adding_up,Adding_up,Adding_up|Amounting_to|Be_subset_of|Adjusting|Attempt|Aggregate|Arriving|Assessing|Amassing|Age|Attention_getting|Activity_done_state|Attempt_means|Arranging|Accomplishment,True,Adding_up|Amounting_to,True,Adding_up|Amounting_to|Be_subset_of|Adjusting|Attempt,general,25,True,True,Amounting_to|Completeness|Render_nonfunctional,"A Cognizer computes a Result on the basis of input Numbers by addition. ' Add up your savings.' ' This is a cumulative figure obtained by adding up the cost of treating a given volume of specific diseases. ' 'When he later took the trouble to add up the bill he discovered that the actual cost was Fr 1,481 , around 140 pounds : an overcharge of 40 pounds' 'Chaperones tallied the number of tickets sold at the school dance at more than 1000.'"
flan_t5_large,encoder_decoder_instruction_model,dynamic_few_shot_lu_rerank,30,15,5,1,By totalling the number of such problems ( listed in the box ) a total score with a maximum of 13 was derived .,total,Adding_up,Adding_up,Adding_up|Amounting_to|Assessing|Be_subset_of|Aggregate|Attempt|Amassing|Attention_getting|Actually_occurring_entity|Assistance|Attitude_description|Attempt_means|Accomplishment|Activity_finish|Becoming,True,Adding_up|Amounting_to,True,Adding_up|Amounting_to|Assessing|Be_subset_of|Aggregate,general,24,True,True,Amounting_to|Completeness|Render_nonfunctional,"A Cognizer computes a Result on the basis of input Numbers by addition. ' Add up your savings.' ' This is a cumulative figure obtained by adding up the cost of treating a given volume of specific diseases. ' 'When he later took the trouble to add up the bill he discovered that the actual cost was Fr 1,481 , around 140 pounds : an overcharge of 40 pounds' 'Chaperones tallied the number of tickets sold at the school dance at more than 1000.'"
flan_t5_large,encoder_decoder_instruction_model,dynamic_few_shot_lu_rerank,30,15,5,1,the square roots obtained from all the interest category loan components are totalled and then each individual square root is calculated as a percentage of that total .,total,Adding_up,Adding_up,Adding_up|Amounting_to|Be_subset_of|Aggregate|Actually_occurring_entity|Assessing|Adjusting|Attitude_description|Attention_getting|Assistance|Accuracy|Artificiality|Amalgamation|Architectural_part|Agriculture,True,Adding_up|Amounting_to,True,Adding_up|Amounting_to|Be_subset_of|Aggregate|Actually_occurring_entity,general,28,True,True,Amounting_to|Completeness|Render_nonfunctional,"A Cognizer computes a Result on the basis of input Numbers by addition. ' Add up your savings.' ' This is a cumulative figure obtained by adding up the cost of treating a given volume of specific diseases. ' 'When he later took the trouble to add up the bill he discovered that the actual cost was Fr 1,481 , around 140 pounds : an overcharge of 40 pounds' 'Chaperones tallied the number of tickets sold at the school dance at more than 1000.'"
flan_t5_large,encoder_decoder_instruction_model,dynamic_few_shot_lu_rerank,30,15,5,1,"At the end of the accounting period the revenue accounts are totalled and the balance , positive or negative , transferred to the profit and loss account .",total,Adding_up,UNKNOWN,Amounting_to|Adding_up|Aggregate|Activity_finish|Activity_stop|Assessing|Be_subset_of|Activity_done_state|Attention_getting|Amalgamation|Amassing|Becoming|Architectural_part|Accomplishment|Attitude_description,True,Adding_up|Amounting_to,True,Amounting_to|Adding_up|Aggregate|Activity_finish|Activity_stop,general,28,True,True,Amounting_to|Completeness|Render_nonfunctional,"A Cognizer computes a Result on the basis of input Numbers by addition. ' Add up your savings.' ' This is a cumulative figure obtained by adding up the cost of treating a given volume of specific diseases. ' 'When he later took the trouble to add up the bill he discovered that the actual cost was Fr 1,481 , around 140 pounds : an overcharge of 40 pounds' 'Chaperones tallied the number of tickets sold at the school dance at more than 1000.'"
flan_t5_large,encoder_decoder_instruction_model,dynamic_few_shot_lu_rerank,30,15,5,1,"Should you have questions or if I can be of assistance in any way , please call me : 317.923.1331 , ext. 248 .",way,Alternatives,Assistance,Alternatives|Assistance|Attempt_suasion|Attention_getting|Be_in_agreement_on_assessment|Attempt_means|Assessing|Activity_ready_state|Attention|Attempt|Attitude_description|Adjusting|Appeal|Alliance|Being_active,True,Alternatives,True,Alternatives|Assistance|Attempt_suasion|Attention_getting|Be_in_agreement_on_assessment,general,24,True,True,Conduct|Degree|Direction|Manner|Means,"There exist a number of different possible Situations that may happen in the future. (In some cases, the Situation is concurrent or past, and only the knowledge of which has happened is in the future.) In most cases, there is an Agent involved who has to consider which of the possible Situations will or should occur. A Salient_entity which is deeply involved in the Situation may also be mentioned. 'You have but two choices for your daughter .' While all the members of this frame denote possible situations, in principle, this frame could be split into a number of subtypes on the following basis: ''1. Future.n, and most uses of alternative.n and possibility.n all evoke nothing more than a simple possible situation (not necessarily an Situation) with no Agent; the remaining frames would inherit from this. ''2. Use.n evokes different possible things that can be done with a Salient_entity (i.e., Purposes) and thus uses the Using frame; in this frame, the target denotes the Purpose that can be achieved. ''3. way.n evokes different events that can lead to an Outcome (not necessarily a Purpose); this frame should use the Means frame. In this frame, the target denotes the possible Means actions. ''4. option.n, choice.n, and many instances of alternative.n and possibility.n, evoke possible Situations that an implicit or explicit Agent can bring about at will. A Purpose that would be served by bringing these Situations about may be mentioned. A Salient_entity related to the Purpose may occur in place of the Purpose."
flan_t5_large,encoder_decoder_instruction_model,dynamic_few_shot_lu_rerank,30,15,5,1,"Since the early 1990s , China has improved its export controls , including the promulgation of regulations on nuclear and nuclear dual - use exports and has pledged to halt exports of nuclear technology to un - safeguarded facilities .",use,Alternatives,UNKNOWN,Alternatives|Be_in_agreement_on_action|Adjusting|Activity_ready_state|Accomplishment|Artifact|Activity_resume|Activity_pause|Adopt_selection|Affirm_or_deny|Becoming|Attempt|Attempt_suasion|Activity_stop|Actually_occurring_entity,True,Alternatives,True,Alternatives|Be_in_agreement_on_action|Adjusting|Activity_ready_state|Accomplishment,general,40,True,True,Ingest_substance|Purpose|Tool_purpose|Treating_and_mistreating|Using,"There exist a number of different possible Situations that may happen in the future. (In some cases, the Situation is concurrent or past, and only the knowledge of which has happened is in the future.) In most cases, there is an Agent involved who has to consider which of the possible Situations will or should occur. A Salient_entity which is deeply involved in the Situation may also be mentioned. 'You have but two choices for your daughter .' While all the members of this frame denote possible situations, in principle, this frame could be split into a number of subtypes on the following basis: ''1. Future.n, and most uses of alternative.n and possibility.n all evoke nothing more than a simple possible situation (not necessarily an Situation) with no Agent; the remaining frames would inherit from this. ''2. Use.n evokes different possible things that can be done with a Salient_entity (i.e., Purposes) and thus uses the Using frame; in this frame, the target denotes the Purpose that can be achieved. ''3. way.n evokes different events that can lead to an Outcome (not necessarily a Purpose); this frame should use the Means frame. In this frame, the target denotes the possible Means actions. ''4. option.n, choice.n, and many instances of alternative.n and possibility.n, evoke possible Situations that an implicit or explicit Agent can bring about at will. A Purpose that would be served by bringing these Situations about may be mentioned. A Salient_entity related to the Purpose may occur in place of the Purpose."
flan_t5_large,encoder_decoder_instruction_model,dynamic_few_shot_lu_rerank,30,15,5,1,"In contrast to the homespun approach of Chiles , Martinez was believed to have amassed some $7,000,000 to spend on his November campaign , and was expected to use negative tactics .",amass,Amassing,UNKNOWN,Amassing|Attempt|Attitude_description|Accomplishment|Attempt_suasion|Adopt_selection|Avoiding|Amounting_to|Arraignment|Attributed_information|Agriculture|Actually_occurring_entity|Affirm_or_deny|Activity_ready_state|Attention,True,Amassing,True,Amassing|Attempt|Attitude_description|Accomplishment|Attempt_suasion,daily_life,32,True,True,Come_together|Gathering_up,"A Recipient (who may or may not be agentive) ends up in possession of a Mass_theme (which may be conceptualized as a single mass entity, or may be a group of individual entities). Some lexical units (e.g. stockpile) specifically indicate an intentional Recipient. This frame differs from Gathering_up in that this frame refers specifically to the acquisition and (according to expectation) long-term possession of entities, rather than (as in the Gathering_up frame) simply talking about causing a group of entities to be located in the same place. In sum, Gathering_up concerns (co-)locations, but Amassing concerns possession. 'Bogs accumulate carbon for thousands of years.'"
flan_t5_large,encoder_decoder_instruction_model,dynamic_few_shot_lu_rerank,30,15,5,1,During the 1980s these quasi-government agencies became a convenient means of off-balance-sheet financing ; so much so that they have now amassed nearly $1 trillion-worth of obligations underwritten by the American taxpayer .,amass,Amassing,UNKNOWN,Amassing|Amounting_to|Attitude_description|Adding_up|Aggregate|Attention_getting|Atonement|Accomplishment|Authority|Artificiality|Attention|Becoming|Adjusting|Assistance|Actually_occurring_entity,True,Amassing,True,Amassing|Amounting_to|Attitude_description|Adding_up|Aggregate,news_politics,33,True,True,Come_together|Gathering_up,"A Recipient (who may or may not be agentive) ends up in possession of a Mass_theme (which may be conceptualized as a single mass entity, or may be a group of individual entities). Some lexical units (e.g. stockpile) specifically indicate an intentional Recipient. This frame differs from Gathering_up in that this frame refers specifically to the acquisition and (according to expectation) long-term possession of entities, rather than (as in the Gathering_up frame) simply talking about causing a group of entities to be located in the same place. In sum, Gathering_up concerns (co-)locations, but Amassing concerns possession. 'Bogs accumulate carbon for thousands of years.'"
flan_t5_large,encoder_decoder_instruction_model,dynamic_few_shot_lu_rerank,30,15,5,1,"After being ignored by streams of tight-lipped Brits , the Goldsmiths graduate finally amassed almost 400 portraits , a selection of which are on display at the Marconi Gallery in Milan this month .",amass,Amassing,UNKNOWN,Amassing|Becoming_visible|Aesthetics|Attributed_information|Abounding_with|Attitude_description|Attempt_suasion|Actually_occurring_entity|Be_subset_of|Attention_getting|Abundance|Amounting_to|Avoiding|Arraignment|Activity_finish,True,Amassing,True,Amassing|Becoming_visible|Aesthetics|Attributed_information|Abounding_with,general,34,True,True,Come_together|Gathering_up,"A Recipient (who may or may not be agentive) ends up in possession of a Mass_theme (which may be conceptualized as a single mass entity, or may be a group of individual entities). Some lexical units (e.g. stockpile) specifically indicate an intentional Recipient. This frame differs from Gathering_up in that this frame refers specifically to the acquisition and (according to expectation) long-term possession of entities, rather than (as in the Gathering_up frame) simply talking about causing a group of entities to be located in the same place. In sum, Gathering_up concerns (co-)locations, but Amassing concerns possession. 'Bogs accumulate carbon for thousands of years.'"
flan_t5_large,encoder_decoder_instruction_model,dynamic_few_shot_lu_rerank,30,15,5,1,"I have always been deeply suspicious of Roddick and her cliche-ridden slogans and highly-publicised efforts to save the world , while quietly amassing a fortune on the side .",amass,Amassing,UNKNOWN,Amassing|Attention|Aesthetics|Attitude_description|Being_at_risk|Accomplishment|Affirm_or_deny|Attention_getting|Becoming_aware|Activity_ready_state|Avoiding|Abounding_with|Activity_ongoing|Be_on_alert|Becoming_visible,True,Amassing,True,Amassing|Attention|Aesthetics|Attitude_description|Being_at_risk,general,29,True,True,Come_together|Gathering_up,"A Recipient (who may or may not be agentive) ends up in possession of a Mass_theme (which may be conceptualized as a single mass entity, or may be a group of individual entities). Some lexical units (e.g. stockpile) specifically indicate an intentional Recipient. This frame differs from Gathering_up in that this frame refers specifically to the acquisition and (according to expectation) long-term possession of entities, rather than (as in the Gathering_up frame) simply talking about causing a group of entities to be located in the same place. In sum, Gathering_up concerns (co-)locations, but Amassing concerns possession. 'Bogs accumulate carbon for thousands of years.'"
flan_t5_large,encoder_decoder_instruction_model,dynamic_few_shot_lu_rerank,30,15,5,1,"In a week of feverish detective work , he amassed a dossier on the publishing arrangements of Sting 's manager , Miles Copeland .",amass,Amassing,UNKNOWN,Amassing|Arraignment|Attitude_description|Bail_decision|Arson|Assigned_location|Becoming_visible|Arrest|Attempt|Abounding_with|Adducing|Arranging|Activity_prepare|Activity_ongoing|Attack,True,Amassing,True,Amassing|Arraignment|Attitude_description|Bail_decision|Arson,general,24,True,True,Come_together|Gathering_up,"A Recipient (who may or may not be agentive) ends up in possession of a Mass_theme (which may be conceptualized as a single mass entity, or may be a group of individual entities). Some lexical units (e.g. stockpile) specifically indicate an intentional Recipient. This frame differs from Gathering_up in that this frame refers specifically to the acquisition and (according to expectation) long-term possession of entities, rather than (as in the Gathering_up frame) simply talking about causing a group of entities to be located in the same place. In sum, Gathering_up concerns (co-)locations, but Amassing concerns possession. 'Bogs accumulate carbon for thousands of years.'"
flan_t5_large,encoder_decoder_instruction_model,dynamic_few_shot_lu_rerank,30,15,5,1,Another advantage of the gens system was that you could keep the fortune you had amassed in one incarnation and use it in the next .,amass,Amassing,UNKNOWN,Amassing|Alternatives|Becoming|Agriculture|Assistance|Aggregate|Attitude_description|Accomplishment|Being_born|Attention_getting|Achieving_first|Adducing|Becoming_visible|Alliance|Aging,True,Amassing,True,Amassing|Alternatives|Becoming|Agriculture|Assistance,daily_life,26,True,True,Come_together|Gathering_up,"A Recipient (who may or may not be agentive) ends up in possession of a Mass_theme (which may be conceptualized as a single mass entity, or may be a group of individual entities). Some lexical units (e.g. stockpile) specifically indicate an intentional Recipient. This frame differs from Gathering_up in that this frame refers specifically to the acquisition and (according to expectation) long-term possession of entities, rather than (as in the Gathering_up frame) simply talking about causing a group of entities to be located in the same place. In sum, Gathering_up concerns (co-)locations, but Amassing concerns possession. 'Bogs accumulate carbon for thousands of years.'"
flan_t5_large,encoder_decoder_instruction_model,dynamic_few_shot_lu_rerank,30,15,5,1,"Nevertheless , this happened to many , but I would question if anyone in the Command had amassed the experience of Fraser Barron in such a relatively short time .",amass,Amassing,UNKNOWN,Amassing|Becoming_visible|Accompaniment|Actually_occurring_entity|Attitude_description|Attempt_suasion|Attributed_information|Accomplishment|Abundance|Attempt|Becoming_aware|Activity_ongoing|Assistance|Arraignment|Appointing,True,Amassing,True,Amassing|Becoming_visible|Accompaniment|Actually_occurring_entity|Attitude_description,general,30,True,True,Come_together|Gathering_up,"A Recipient (who may or may not be agentive) ends up in possession of a Mass_theme (which may be conceptualized as a single mass entity, or may be a group of individual entities). Some lexical units (e.g. stockpile) specifically indicate an intentional Recipient. This frame differs from Gathering_up in that this frame refers specifically to the acquisition and (according to expectation) long-term possession of entities, rather than (as in the Gathering_up frame) simply talking about causing a group of entities to be located in the same place. In sum, Gathering_up concerns (co-)locations, but Amassing concerns possession. 'Bogs accumulate carbon for thousands of years.'"
flan_t5_large,encoder_decoder_instruction_model,dynamic_few_shot_lu_rerank,30,15,5,1,"Reportedly the division has amassed a wealth of productivity tools from independent software vendors in support of the programme which in turn supports IBM mainframes , AS/400s , VAXes , Sparcs , PCs and perhaps eventually Macs .",amass,Amassing,UNKNOWN,Amassing|Be_subset_of|Aggregate|Becoming_a_member|Agriculture|Adding_up|Attention_getting|Assistance|Amounting_to|Attitude_description|Amalgamation|Abundance|Alliance|Accomplishment|Achieving_first,True,Amassing,True,Amassing|Be_subset_of|Aggregate|Becoming_a_member|Agriculture,news_politics,38,True,True,Come_together|Gathering_up,"A Recipient (who may or may not be agentive) ends up in possession of a Mass_theme (which may be conceptualized as a single mass entity, or may be a group of individual entities). Some lexical units (e.g. stockpile) specifically indicate an intentional Recipient. This frame differs from Gathering_up in that this frame refers specifically to the acquisition and (according to expectation) long-term possession of entities, rather than (as in the Gathering_up frame) simply talking about causing a group of entities to be located in the same place. In sum, Gathering_up concerns (co-)locations, but Amassing concerns possession. 'Bogs accumulate carbon for thousands of years.'"
flan_t5_large,encoder_decoder_instruction_model,dynamic_few_shot_lu_rerank,30,15,5,1,"By the time I was 16 , I was winning major contests , amassing a few quid in the bank as a part-time model and walking as though I had a brush handle up my arse .",amass,Amassing,UNKNOWN,Amassing|Accomplishment|Bearing_arms|Attitude_description|Age|Actually_occurring_entity|Attaching|Attention_getting|Avoiding|Assistance|Activity_finish|Being_detached|Being_attached|Annoyance|Amalgamation,True,Amassing,True,Amassing|Accomplishment|Bearing_arms|Attitude_description|Age,business,37,True,True,Come_together|Gathering_up,"A Recipient (who may or may not be agentive) ends up in possession of a Mass_theme (which may be conceptualized as a single mass entity, or may be a group of individual entities). Some lexical units (e.g. stockpile) specifically indicate an intentional Recipient. This frame differs from Gathering_up in that this frame refers specifically to the acquisition and (according to expectation) long-term possession of entities, rather than (as in the Gathering_up frame) simply talking about causing a group of entities to be located in the same place. In sum, Gathering_up concerns (co-)locations, but Amassing concerns possession. 'Bogs accumulate carbon for thousands of years.'"
flan_t5_large,encoder_decoder_instruction_model,dynamic_few_shot_lu_rerank,30,15,5,1,"Places that are dank in winter but pleasantly cool in summer , are made delightful by a stone bowl or tulips or a tumble of petunias .",cool,Ambient_temperature,UNKNOWN,Ambient_temperature|Aesthetics|Apply_heat|Abounding_with|Adjacency|Absorb_heat|Becoming_aware|Attitude_description|Animals|Accoutrements|Agriculture|Abundance|Attention|Arriving|Architectural_part,True,Ambient_temperature,True,Ambient_temperature|Aesthetics|Apply_heat|Abounding_with|Adjacency,general,27,True,True,Cause_temperature_change|Change_of_temperature|Desirability|Experiencer_focus|Popularity,"The Temperature in a certain environment, determined by Time and Place, is specified. 'It's too hot to do anything today.' 'Nome is pretty cold this time of year' 'Last Tuesday was a real scorcher.' 'Tomorrow is gonna be chilly.' 'I ca n't go out into the cold . DNI DNI'"
flan_t5_large,encoder_decoder_instruction_model,dynamic_few_shot_lu_rerank,30,15,5,1,"The pale blue vertical blind in G was half closed to cut out the sun , and the room was refreshingly cool .",cool,Ambient_temperature,UNKNOWN,Ambient_temperature|Attitude_description|Becoming_aware|Architectural_part|Adjusting|Attention_getting|Becoming_visible|Being_awake|Arriving|Adjacency|Attention|Accompaniment|Being_detached|Becoming_separated|Activity_pause,True,Ambient_temperature,True,Ambient_temperature|Attitude_description|Becoming_aware|Architectural_part|Adjusting,daily_life,23,True,True,Cause_temperature_change|Change_of_temperature|Desirability|Experiencer_focus|Popularity,"The Temperature in a certain environment, determined by Time and Place, is specified. 'It's too hot to do anything today.' 'Nome is pretty cold this time of year' 'Last Tuesday was a real scorcher.' 'Tomorrow is gonna be chilly.' 'I ca n't go out into the cold . DNI DNI'"
flan_t5_large,encoder_decoder_instruction_model,dynamic_few_shot_lu_rerank,30,15,5,1,The surface must not be touched and it must be stored in a cool dry place away from electrical equipment because it is magnetic .,cool,Ambient_temperature,UNKNOWN,Ambient_temperature|Being_attached|Becoming_dry|Architectural_part|Absorb_heat|Becoming_attached|Being_detached|Adjacency|Being_at_risk|Artifact|Attaching|Attempt_suasion|Bearing_arms|Becoming_detached|Attitude_description,True,Ambient_temperature,True,Ambient_temperature|Being_attached|Becoming_dry|Architectural_part|Absorb_heat,general,25,True,True,Cause_temperature_change|Change_of_temperature|Desirability|Experiencer_focus|Popularity,"The Temperature in a certain environment, determined by Time and Place, is specified. 'It's too hot to do anything today.' 'Nome is pretty cold this time of year' 'Last Tuesday was a real scorcher.' 'Tomorrow is gonna be chilly.' 'I ca n't go out into the cold . DNI DNI'"
flan_t5_large,encoder_decoder_instruction_model,dynamic_few_shot_lu_rerank,30,15,5,1,"Last year sales of paintings totalled £1.3 million , netting a £330,000 commission for the Academy ( at 25% on works sold ) , out of which the administration and handling expenses had to be paid .",total,Amounting_to,UNKNOWN,Amounting_to|Adding_up|Behind_the_scenes|Activity_finish|Assessing|Aesthetics|Be_subset_of|Amassing|Aggregate|Actually_occurring_entity|Attention_getting|Attitude_description|Accomplishment|Accompaniment|Artistic_style,True,Adding_up|Amounting_to,True,Amounting_to|Adding_up|Behind_the_scenes|Activity_finish|Assessing,general,37,True,True,Adding_up|Completeness|Render_nonfunctional,"The absolute Value of a quantifiable Attribute of an item is determined by adding up the values for the Attribute of the individuals or parts that make up the item. The item is not expressed as a separate constituent but it is presupposed by the concept of Attribute. Alternatively, the Numbers form an implicit set whose sum is the Value associated with the set. In some cases what is reported is just the cardinality of the individuals that make up the item so that in effect the Value is a count. In other cases the identity of the Attribute can only be inferred from the Value. There is no cognizer on the scene in this frame. Instead, the frame focuses on the relationship between the Attribute or Numbers and the Value, which is stable and unchanging regardless of who performs the calculation. 'Defence is provided in West Germany by armed forces whose number totals close to half a million men and women ' . ' Revenues totalled 568.86m pounds ' 'The WHO estimated that the cumulative total of AIDS cases was more than 1,500,000. '"
flan_t5_large,encoder_decoder_instruction_model,dynamic_few_shot_lu_rerank,30,15,5,1,"Development expenditure was expected to total almost Rps20,000,000 million , an increase of 23 per cent , with priority for infrastructure construction , basic services , human resources development , and operational and maintenance expenses .",total,Amounting_to,UNKNOWN,Adding_up|Amounting_to|Attention_getting|Accomplishment|Be_subset_of|Aggregate|Assessing|Activity_done_state|Activity_finish|Actually_occurring_entity|Amassing|Attempt|Amalgamation|Adjusting|Architectural_part,True,Adding_up|Amounting_to,True,Adding_up|Amounting_to|Attention_getting|Accomplishment|Be_subset_of,general,36,True,True,Adding_up|Completeness|Render_nonfunctional,"The absolute Value of a quantifiable Attribute of an item is determined by adding up the values for the Attribute of the individuals or parts that make up the item. The item is not expressed as a separate constituent but it is presupposed by the concept of Attribute. Alternatively, the Numbers form an implicit set whose sum is the Value associated with the set. In some cases what is reported is just the cardinality of the individuals that make up the item so that in effect the Value is a count. In other cases the identity of the Attribute can only be inferred from the Value. There is no cognizer on the scene in this frame. Instead, the frame focuses on the relationship between the Attribute or Numbers and the Value, which is stable and unchanging regardless of who performs the calculation. 'Defence is provided in West Germany by armed forces whose number totals close to half a million men and women ' . ' Revenues totalled 568.86m pounds ' 'The WHO estimated that the cumulative total of AIDS cases was more than 1,500,000. '"
flan_t5_large,encoder_decoder_instruction_model,dynamic_few_shot_lu_rerank,30,15,5,1,"An agreement was signed for Spanish loans to Honduras totalling US$70,000,000 over the next four years , and Spanish financial participation in the building of a new airport near Tegucigalpa was confirmed .",total,Amounting_to,UNKNOWN,Amounting_to|Adding_up|Be_in_agreement_on_action|Affirm_or_deny|Amassing|Activity_done_state|Attributed_information|Aggregate|Assemble|Attention_getting|Amalgamation|Activity_finish|Alliance|Artistic_style|Agree_or_refuse_to_act,True,Adding_up|Amounting_to,True,Amounting_to|Adding_up|Be_in_agreement_on_action|Affirm_or_deny|Amassing,general,33,True,True,Adding_up|Completeness|Render_nonfunctional,"The absolute Value of a quantifiable Attribute of an item is determined by adding up the values for the Attribute of the individuals or parts that make up the item. The item is not expressed as a separate constituent but it is presupposed by the concept of Attribute. Alternatively, the Numbers form an implicit set whose sum is the Value associated with the set. In some cases what is reported is just the cardinality of the individuals that make up the item so that in effect the Value is a count. In other cases the identity of the Attribute can only be inferred from the Value. There is no cognizer on the scene in this frame. Instead, the frame focuses on the relationship between the Attribute or Numbers and the Value, which is stable and unchanging regardless of who performs the calculation. 'Defence is provided in West Germany by armed forces whose number totals close to half a million men and women ' . ' Revenues totalled 568.86m pounds ' 'The WHO estimated that the cumulative total of AIDS cases was more than 1,500,000. '"
flan_t5_large,encoder_decoder_instruction_model,dynamic_few_shot_lu_rerank,30,15,5,1,"Another British merchant bank , Kleinwort Benson , owned up to writing off loans totalling $23m which it had sunk into an American partnership controlled by one of its directors .",total,Amounting_to,UNKNOWN,Amounting_to|Adding_up|Amassing|Aggregate|Be_subset_of|Be_in_agreement_on_action|Attributed_information|Amalgamation|Alliance|Attitude_description|Accompaniment|Attention_getting|Becoming_a_member|Assistance|Attempt,True,Adding_up|Amounting_to,True,Amounting_to|Adding_up|Amassing|Aggregate|Be_subset_of,business,31,True,True,Adding_up|Completeness|Render_nonfunctional,"The absolute Value of a quantifiable Attribute of an item is determined by adding up the values for the Attribute of the individuals or parts that make up the item. The item is not expressed as a separate constituent but it is presupposed by the concept of Attribute. Alternatively, the Numbers form an implicit set whose sum is the Value associated with the set. In some cases what is reported is just the cardinality of the individuals that make up the item so that in effect the Value is a count. In other cases the identity of the Attribute can only be inferred from the Value. There is no cognizer on the scene in this frame. Instead, the frame focuses on the relationship between the Attribute or Numbers and the Value, which is stable and unchanging regardless of who performs the calculation. 'Defence is provided in West Germany by armed forces whose number totals close to half a million men and women ' . ' Revenues totalled 568.86m pounds ' 'The WHO estimated that the cumulative total of AIDS cases was more than 1,500,000. '"
flan_t5_large,encoder_decoder_instruction_model,dynamic_few_shot_lu_rerank,30,15,5,1,"In November , UN sources confirmed that contributions totalling $140,830,531 had so far been promised for the UNHCR 's 1991 programmes .",total,Amounting_to,UNKNOWN,Amounting_to|Adding_up|Accomplishment|Actually_occurring_entity|Be_subset_of|Affirm_or_deny|Be_in_agreement_on_action|Assistance|Amassing|Attempt|Attributed_information|Becoming|Attention_getting|Activity_finish|Becoming_a_member,True,Adding_up|Amounting_to,True,Amounting_to|Adding_up|Accomplishment|Actually_occurring_entity|Be_subset_of,general,22,True,True,Adding_up|Completeness|Render_nonfunctional,"The absolute Value of a quantifiable Attribute of an item is determined by adding up the values for the Attribute of the individuals or parts that make up the item. The item is not expressed as a separate constituent but it is presupposed by the concept of Attribute. Alternatively, the Numbers form an implicit set whose sum is the Value associated with the set. In some cases what is reported is just the cardinality of the individuals that make up the item so that in effect the Value is a count. In other cases the identity of the Attribute can only be inferred from the Value. There is no cognizer on the scene in this frame. Instead, the frame focuses on the relationship between the Attribute or Numbers and the Value, which is stable and unchanging regardless of who performs the calculation. 'Defence is provided in West Germany by armed forces whose number totals close to half a million men and women ' . ' Revenues totalled 568.86m pounds ' 'The WHO estimated that the cumulative total of AIDS cases was more than 1,500,000. '"
flan_t5_large,encoder_decoder_instruction_model,dynamic_few_shot_lu_rerank,30,15,5,1,Paul Ride and Michael Wainwright made their plea while waiting for news of appeals to Iraq 's Supreme Court .,appeal,Appeal,Appeal,Appeal|Bail_decision|Arraignment|Assigned_location|Activity_pause|Attempt|Activity_done_state|Affirm_or_deny|Arrest|Abounding_with|Activity_ready_state|Accompaniment|Agree_or_refuse_to_act|Attempt_suasion|Atonement,True,Appeal,True,Appeal|Bail_decision|Arraignment|Assigned_location|Activity_pause,news_politics,20,True,True,Experiencer_obj|Request,In the Appeal stage of the criminal process the Convict or his or her Representative applies to a higher Court to reverse the Decision of the lower court on certain Grounds. ' The defense plans to appeal the court's decision on the grounds that the judge violated Code 81.b . ' ' John Michaels will appeal his conviction .'
flan_t5_large,encoder_decoder_instruction_model,dynamic_few_shot_lu_rerank,30,15,5,1,Mrs Spence is a former legal secretary who is considering an appeal against an industrial tribunal decision which went against her last week .,appeal,Appeal,Appeal,Appeal|Arraignment|Attempt_suasion|Arson|Assistance|Appointing|Bail_decision|Artificiality|Agree_or_refuse_to_act|Abusing|Attempt|Attitude_description|Actually_occurring_entity|Affirm_or_deny|Accompaniment,True,Appeal,True,Appeal|Arraignment|Attempt_suasion|Arson|Assistance,legal,24,True,True,Experiencer_obj|Request,In the Appeal stage of the criminal process the Convict or his or her Representative applies to a higher Court to reverse the Decision of the lower court on certain Grounds. ' The defense plans to appeal the court's decision on the grounds that the judge violated Code 81.b . ' ' John Michaels will appeal his conviction .'
flan_t5_large,encoder_decoder_instruction_model,dynamic_few_shot_lu_rerank,30,15,5,1,They decided that her objections to adoption were not unreasonable and dismissed an appeal by the local authority against a county court judge 's rejection of its adoption proposal on the grounds that it was premature .,appeal,Appeal,Appeal,Appeal|Agree_or_refuse_to_act|Attempt|Affirm_or_deny|Bail_decision|Arraignment|Attempt_suasion|Adopt_selection|Abandonment|Annoyance|Avoiding|Adjusting|Abusing|Assessing|Arriving,True,Appeal,True,Appeal|Agree_or_refuse_to_act|Attempt|Affirm_or_deny|Bail_decision,legal,37,True,True,Experiencer_obj|Request,In the Appeal stage of the criminal process the Convict or his or her Representative applies to a higher Court to reverse the Decision of the lower court on certain Grounds. ' The defense plans to appeal the court's decision on the grounds that the judge violated Code 81.b . ' ' John Michaels will appeal his conviction .'
flan_t5_large,encoder_decoder_instruction_model,dynamic_few_shot_lu_rerank,30,15,5,1,"An appeal against Langbaurgh planners ' refusal to allow a hot food takeaway premises at 46 West Road , Loftus , to operate on Sundays between 7 pm and 11 pm has been dismissed .",appeal,Appeal,Appeal,Appeal|Agree_or_refuse_to_act|Attempt|Attempt_suasion|Avoiding|Abandonment|Attempt_means|Arraignment|Activity_pause|Arriving|Affirm_or_deny|Arson|Bail_decision|Attitude_description|Activity_done_state,True,Appeal,True,Appeal|Agree_or_refuse_to_act|Attempt|Attempt_suasion|Avoiding,daily_life,35,True,True,Experiencer_obj|Request,In the Appeal stage of the criminal process the Convict or his or her Representative applies to a higher Court to reverse the Decision of the lower court on certain Grounds. ' The defense plans to appeal the court's decision on the grounds that the judge violated Code 81.b . ' ' John Michaels will appeal his conviction .'
flan_t5_large,encoder_decoder_instruction_model,dynamic_few_shot_lu_rerank,30,15,5,1,Unless an appeal is lodged within 28 days of sentencing he could be free in a little over two years .,appeal,Appeal,Appeal,Appeal|Bail_decision|Arrest|Arraignment|Age|Agree_or_refuse_to_act|Arson|Activity_pause|Attempt_suasion|Avoiding|Atonement|Affirm_or_deny|Actually_occurring_entity|Abusing|Attitude_description,True,Appeal,True,Appeal|Bail_decision|Arrest|Arraignment|Age,general,21,True,True,Experiencer_obj|Request,In the Appeal stage of the criminal process the Convict or his or her Representative applies to a higher Court to reverse the Decision of the lower court on certain Grounds. ' The defense plans to appeal the court's decision on the grounds that the judge violated Code 81.b . ' ' John Michaels will appeal his conviction .'
flan_t5_large,encoder_decoder_instruction_model,dynamic_few_shot_lu_rerank,30,15,5,1,"Rehabilitation officer Margaret Harding , 64 , was not meant to know that a special presentation had been organised , but word soon got out .",officer,Appellations,UNKNOWN,Appellations|Becoming_visible|Assistance|Becoming_aware|Attitude_description|Becoming|Accompaniment|Activity_ready_state|Assemble|Attention_getting|Awareness_status|Attending|Attempt_suasion|Activity_pause|Assigned_location,True,Appellations,True,Appellations|Becoming_visible|Assistance|Becoming_aware|Attitude_description,general,26,True,True,Attention_getting|Leadership|People_by_vocation,"This frame is only for words that are used as the Titles of individuals. The Title is applied to a Name (surname or full name) and often designates their rank within a man-made institution (e.g. chief, king, bishop, brother) or general social status (mr., miss), or may indicate a kinship relationship (cousin, aunt). Pairings of Title and Name can be used as vocatives (see Attention_getting), while the Titles may not always be vocative on their own. 'He saluted General Fightmeister walking into the room.' 'Everyone stood as Captain Jack Aubrey delivered a toast.' 'Supreme Court Chief Justice John Roberts is sticking to his guns .' 'Captain Mike Eruzione of the USA Miracle on Ice hockey team in 1980 turns 58 today.' Most LUs of this frame are related to LUs of the Leadership or Kinship frames, but some (e.g. Lady, Mr., Brother) occur only here. These LUs differ from normal examples of LUs in Leadership or Kinship in that the LUs are used simply as vocatives or as modifiers of names, to indicate how the individual fits into the general or specific social context."
flan_t5_large,encoder_decoder_instruction_model,dynamic_few_shot_lu_rerank,30,15,5,1,"Dog attack : RSPCA officer Albert Morland was savaged by a dog after calling at a home in Aigburth , Liverpool .",officer,Appellations,Attack,Appellations|Animals|Attack|Abusing|Arson|Appeal|Attempt|Be_on_alert|Attention_getting|Arrest|Activity_ready_state|Assigned_location|Attempt_suasion|Agree_or_refuse_to_act|Affirm_or_deny,True,Appellations,True,Appellations|Animals|Attack|Abusing|Arson,daily_life,22,True,True,Attention_getting|Leadership|People_by_vocation,"This frame is only for words that are used as the Titles of individuals. The Title is applied to a Name (surname or full name) and often designates their rank within a man-made institution (e.g. chief, king, bishop, brother) or general social status (mr., miss), or may indicate a kinship relationship (cousin, aunt). Pairings of Title and Name can be used as vocatives (see Attention_getting), while the Titles may not always be vocative on their own. 'He saluted General Fightmeister walking into the room.' 'Everyone stood as Captain Jack Aubrey delivered a toast.' 'Supreme Court Chief Justice John Roberts is sticking to his guns .' 'Captain Mike Eruzione of the USA Miracle on Ice hockey team in 1980 turns 58 today.' Most LUs of this frame are related to LUs of the Leadership or Kinship frames, but some (e.g. Lady, Mr., Brother) occur only here. These LUs differ from normal examples of LUs in Leadership or Kinship in that the LUs are used simply as vocatives or as modifiers of names, to indicate how the individual fits into the general or specific social context."
flan_t5_large,encoder_decoder_instruction_model,dynamic_few_shot_lu_rerank,30,15,5,1,BMC access officer Bill Wright has ascertained that the caves to be ( or not to be ? ) blown up lie below and to the side of the main embankments of Hodge .,officer,Appellations,UNKNOWN,Appellations|Abounding_with|Adducing|Attitude_description|Attributed_information|Becoming_aware|Attempt_suasion|Attempt|Affirm_or_deny|Arraignment|Actually_occurring_entity|Appeal|Architectural_part|Activity_ready_state|Assigned_location,True,Appellations,True,Appellations|Abounding_with|Adducing|Attitude_description|Attributed_information,business,34,True,True,Attention_getting|Leadership|People_by_vocation,"This frame is only for words that are used as the Titles of individuals. The Title is applied to a Name (surname or full name) and often designates their rank within a man-made institution (e.g. chief, king, bishop, brother) or general social status (mr., miss), or may indicate a kinship relationship (cousin, aunt). Pairings of Title and Name can be used as vocatives (see Attention_getting), while the Titles may not always be vocative on their own. 'He saluted General Fightmeister walking into the room.' 'Everyone stood as Captain Jack Aubrey delivered a toast.' 'Supreme Court Chief Justice John Roberts is sticking to his guns .' 'Captain Mike Eruzione of the USA Miracle on Ice hockey team in 1980 turns 58 today.' Most LUs of this frame are related to LUs of the Leadership or Kinship frames, but some (e.g. Lady, Mr., Brother) occur only here. These LUs differ from normal examples of LUs in Leadership or Kinship in that the LUs are used simply as vocatives or as modifiers of names, to indicate how the individual fits into the general or specific social context."
flan_t5_large,encoder_decoder_instruction_model,dynamic_few_shot_lu_rerank,30,15,5,1,"Wirral Ranger Services principal officer Jim Lester said : ` The number of cocklers in the estuary is much lower than it has been , partly due to the cockle beds being reduced .",officer,Appellations,UNKNOWN,Appellations|Abounding_with|Amounting_to|Being_detached|Adducing|Attempt|Bail_decision|Adjusting|Amassing|Agree_or_refuse_to_act|Attitude_description|Arriving|Accompaniment|Becoming_separated|Bearing_arms,True,Appellations,True,Appellations|Abounding_with|Amounting_to|Being_detached|Adducing,general,34,True,True,Attention_getting|Leadership|People_by_vocation,"This frame is only for words that are used as the Titles of individuals. The Title is applied to a Name (surname or full name) and often designates their rank within a man-made institution (e.g. chief, king, bishop, brother) or general social status (mr., miss), or may indicate a kinship relationship (cousin, aunt). Pairings of Title and Name can be used as vocatives (see Attention_getting), while the Titles may not always be vocative on their own. 'He saluted General Fightmeister walking into the room.' 'Everyone stood as Captain Jack Aubrey delivered a toast.' 'Supreme Court Chief Justice John Roberts is sticking to his guns .' 'Captain Mike Eruzione of the USA Miracle on Ice hockey team in 1980 turns 58 today.' Most LUs of this frame are related to LUs of the Leadership or Kinship frames, but some (e.g. Lady, Mr., Brother) occur only here. These LUs differ from normal examples of LUs in Leadership or Kinship in that the LUs are used simply as vocatives or as modifiers of names, to indicate how the individual fits into the general or specific social context."
flan_t5_large,encoder_decoder_instruction_model,dynamic_few_shot_lu_rerank,30,15,5,1,"US Cup press officer Jim Trecker says : ` If you did n't know the story , you would n't think it was anything out of the ordinary , it looks just like a plain grass field .",officer,Appellations,UNKNOWN,Appellations|Attitude_description|Awareness_status|Becoming_aware|Actually_occurring_entity|Abounding_with|Artificiality|Awareness|Affirm_or_deny|Avoiding|Ambient_temperature|Assigned_location|Arrest|Bearing_arms|Aggregate,True,Appellations,True,Appellations|Attitude_description|Awareness_status|Becoming_aware|Actually_occurring_entity,general,38,True,True,Attention_getting|Leadership|People_by_vocation,"This frame is only for words that are used as the Titles of individuals. The Title is applied to a Name (surname or full name) and often designates their rank within a man-made institution (e.g. chief, king, bishop, brother) or general social status (mr., miss), or may indicate a kinship relationship (cousin, aunt). Pairings of Title and Name can be used as vocatives (see Attention_getting), while the Titles may not always be vocative on their own. 'He saluted General Fightmeister walking into the room.' 'Everyone stood as Captain Jack Aubrey delivered a toast.' 'Supreme Court Chief Justice John Roberts is sticking to his guns .' 'Captain Mike Eruzione of the USA Miracle on Ice hockey team in 1980 turns 58 today.' Most LUs of this frame are related to LUs of the Leadership or Kinship frames, but some (e.g. Lady, Mr., Brother) occur only here. These LUs differ from normal examples of LUs in Leadership or Kinship in that the LUs are used simply as vocatives or as modifiers of names, to indicate how the individual fits into the general or specific social context."
flan_t5_large,encoder_decoder_instruction_model,dynamic_few_shot_lu_rerank,30,15,5,1,Star of the Swansea show against the overrun police was CID officer Simon Davies with a hat-trick of tries .,officer,Appellations,UNKNOWN,Appellations|Attempt|Attempt_means|Attitude_description|Arrest|Attention_getting|Becoming_visible|Actually_occurring_entity|Assistance|Accompaniment|Affirm_or_deny|Bearing_arms|Appeal|Becoming_aware|Arson,True,Appellations,True,Appellations|Attempt|Attempt_means|Attitude_description|Arrest,legal,20,True,True,Attention_getting|Leadership|People_by_vocation,"This frame is only for words that are used as the Titles of individuals. The Title is applied to a Name (surname or full name) and often designates their rank within a man-made institution (e.g. chief, king, bishop, brother) or general social status (mr., miss), or may indicate a kinship relationship (cousin, aunt). Pairings of Title and Name can be used as vocatives (see Attention_getting), while the Titles may not always be vocative on their own. 'He saluted General Fightmeister walking into the room.' 'Everyone stood as Captain Jack Aubrey delivered a toast.' 'Supreme Court Chief Justice John Roberts is sticking to his guns .' 'Captain Mike Eruzione of the USA Miracle on Ice hockey team in 1980 turns 58 today.' Most LUs of this frame are related to LUs of the Leadership or Kinship frames, but some (e.g. Lady, Mr., Brother) occur only here. These LUs differ from normal examples of LUs in Leadership or Kinship in that the LUs are used simply as vocatives or as modifiers of names, to indicate how the individual fits into the general or specific social context."
flan_t5_large,encoder_decoder_instruction_model,dynamic_few_shot_lu_rerank,30,15,5,1,"Arranging them in a curved shape , I used a small fern , some gorse , a few ` Canary Bird "" roses and some pansies .",arrange,Arranging,Arranging,Arranging|Arriving|Aggregate|Abounding_with|Adjacency|Assemble|Attaching|Ammunition|Appointing|Becoming_visible|Becoming_separated|Adjusting|Achieving_first|Animals|Attitude_description,True,Arranging,True,Arranging|Arriving|Aggregate|Abounding_with|Adjacency,general,27,True,True,Placing|Scheduling,"An Agent puts a complex Theme into a particular Configuration, which can be a proper order, a correct or suitable sequence, or a spatial position. 'He arranged the elements in the pattern that we now call the periodic table.' 'Try to order them by importance. CNI '"
flan_t5_large,encoder_decoder_instruction_model,dynamic_few_shot_lu_rerank,30,15,5,1,"Take about three bananas , and cut them up and arrange them on a plate in four pieces to look like a monster .",arrange,Arranging,Arranging,Arranging|Aggregate|Attitude_description|Arriving|Be_subset_of|Becoming_visible|Assemble|Becoming_aware|Adjacency|Architectural_part|Becoming_separated|Adducing|Attention_getting|Adding_up|Accompaniment,True,Arranging,True,Arranging|Aggregate|Attitude_description|Arriving|Be_subset_of,general,24,True,True,Placing|Scheduling,"An Agent puts a complex Theme into a particular Configuration, which can be a proper order, a correct or suitable sequence, or a spatial position. 'He arranged the elements in the pattern that we now call the periodic table.' 'Try to order them by importance. CNI '"
flan_t5_large,encoder_decoder_instruction_model,dynamic_few_shot_lu_rerank,30,15,5,1,"Far above in the belfry , the huge bronze bells , mounted on wheels , swing madly through a full 360 degrees , starting and ending , surprisingly , in the inverted , or mouth-up position .",wheel,Artifact,UNKNOWN,Artifact|Becoming_aware|Attention_getting|Abounding_with|Attitude_description|Becoming_silent|Adjacency|Arriving|Attention|Achieving_first|Being_detached|Aesthetics|Ambient_temperature|Arranging|Becoming_visible,True,Artifact,True,Artifact|Becoming_aware|Attention_getting|Abounding_with|Attitude_description,general,37,True,True,Bringing|Vehicle_subpart,"An Artifact is deliberately made or modified by an intelligent entity to be put to a certain kind of Use. Various properties of the Artifact may be specified, such as its Creator, Time_of_creation, Name, Type, and the Material of which it is composed. The Artifact may or may not be a physical entity. 'There are reports that Kim Il Sung asked China to share its nuclear weapons technology.'"
flan_t5_large,encoder_decoder_instruction_model,dynamic_few_shot_lu_rerank,30,15,5,1,"Drumheller told the Post he was surprised when a few days later , on February 5, 2003 , Powell told the U.N. Security Council that `` we have first-hand descriptions of biological weapons factories on wheels and rails . ''",wheel,Artifact,UNKNOWN,Artifact|Bearing_arms|Ammunition|Becoming_aware|Attitude_description|Becoming_attached|Achieving_first|Activity_ready_state|Attack|Be_in_agreement_on_action|Aggregate|Attention_getting|Awareness_status|Actually_occurring_entity|Aiming,True,Artifact,True,Artifact|Bearing_arms|Ammunition|Becoming_aware|Attitude_description,news_politics,40,True,True,Bringing|Vehicle_subpart,"An Artifact is deliberately made or modified by an intelligent entity to be put to a certain kind of Use. Various properties of the Artifact may be specified, such as its Creator, Time_of_creation, Name, Type, and the Material of which it is composed. The Artifact may or may not be a physical entity. 'There are reports that Kim Il Sung asked China to share its nuclear weapons technology.'"
flan_t5_large,encoder_decoder_instruction_model,dynamic_few_shot_lu_rerank,30,15,5,1,"Only then , when the wheels were almost moving , did I suddenly realize that my liberty lay in my own hands .",wheel,Artifact,UNKNOWN,Artifact|Becoming_aware|Attitude_description|Attention|Bearing_arms|Achieving_first|Attention_getting|Becoming|Being_detached|Awareness_status|Abandonment|Becoming_visible|Attaching|Becoming_silent|Adjusting,True,Artifact,True,Artifact|Becoming_aware|Attitude_description|Attention|Bearing_arms,general,23,True,True,Bringing|Vehicle_subpart,"An Artifact is deliberately made or modified by an intelligent entity to be put to a certain kind of Use. Various properties of the Artifact may be specified, such as its Creator, Time_of_creation, Name, Type, and the Material of which it is composed. The Artifact may or may not be a physical entity. 'There are reports that Kim Il Sung asked China to share its nuclear weapons technology.'"
flan_t5_large,encoder_decoder_instruction_model,dynamic_few_shot_lu_rerank,30,15,5,1,"The sound is equal parts glam , punk , and metal , and features Cheap Trick guitarist Rick Nielsen .",sound,Artistic_style,UNKNOWN,Artistic_style|Attitude_description|Actually_occurring_entity|Adjusting|Be_subset_of|Achieving_first|Architectural_part|Artificiality|Becoming_aware|Be_in_agreement_on_assessment|Adjacency|Attention_getting|Accompaniment|Aggregate|Animals,True,Artistic_style,True,Artistic_style|Attitude_description|Actually_occurring_entity|Adjusting|Be_subset_of,general,20,True,True,Cause_to_make_noise|Give_impression|Make_noise|Natural_features|Sensation,This frame contains LUs that express the Form which a piece of Artwork represents. The Form may also represent the entire body of an Artist's work. The Form may be further characterized by the Time of some Artwork's creation or other Descriptors. 'Her style of painting is an excellent blend of traditional and modern.' 'The whimsical style of this piece is very effective.'
flan_t5_large,encoder_decoder_instruction_model,dynamic_few_shot_lu_rerank,30,15,5,1,"A quick check into the sounds of its era reveals what the set 's 198 pages of liner notes do n't -- that 1959 , the year Sketches of Spain was recorded , was also the year The Soul of Spain by the mood orchestra 101 Strings hit the Top 40 .",sound,Artistic_style,UNKNOWN,Artistic_style|Abounding_with|Age|Attitude_description|Aesthetics|Becoming_aware|Ambient_temperature|Be_subset_of|Amounting_to|Attributed_information|Activity_finish|Attention_getting|Achieving_first|Accompaniment|Amassing,True,Artistic_style,True,Artistic_style|Abounding_with|Age|Attitude_description|Aesthetics,general,52,True,True,Cause_to_make_noise|Give_impression|Make_noise|Natural_features|Sensation,This frame contains LUs that express the Form which a piece of Artwork represents. The Form may also represent the entire body of an Artist's work. The Form may be further characterized by the Time of some Artwork's creation or other Descriptors. 'Her style of painting is an excellent blend of traditional and modern.' 'The whimsical style of this piece is very effective.'
flan_t5_large,encoder_decoder_instruction_model,dynamic_few_shot_lu_rerank,30,15,5,1,"Meanwhile , the music 's sound and technology was providing the sonic space and public rituals for hip-hop -- as electrifying a pop form as I 've ever heard .",sound,Artistic_style,UNKNOWN,Artistic_style|Attitude_description|Architectural_part|Abounding_with|Achieving_first|Becoming_aware|Becoming_visible|Accompaniment|Actually_occurring_entity|Aesthetics|Becoming|Attention|Artifact|Attention_getting|Activity_ongoing,True,Artistic_style,True,Artistic_style|Attitude_description|Architectural_part|Abounding_with|Achieving_first,general,30,True,True,Cause_to_make_noise|Give_impression|Make_noise|Natural_features|Sensation,This frame contains LUs that express the Form which a piece of Artwork represents. The Form may also represent the entire body of an Artist's work. The Form may be further characterized by the Time of some Artwork's creation or other Descriptors. 'Her style of painting is an excellent blend of traditional and modern.' 'The whimsical style of this piece is very effective.'
flan_t5_large,encoder_decoder_instruction_model,dynamic_few_shot_lu_rerank,30,15,5,1,"Of the relatively few exceptions to the pattern two which call for mention are Chicheley Hall , Buckinghamshire ( 1719-21 ) , and Sutton Scarsdale , Derbyshire ( begun 1724 ) : the exotic façade of the former probably owes more to the taste of the patron , Sir John Chester , than to Smith 's own devising ; but Sutton Scarsdale , in part evidently inspired by Gibbs 's unexecuted design of 1721 for the university buildings at Cambridge , is his finest work , a wholly convincing essay in the heroic grand manner , in which the giant Corinthian order is handled with total assurance .",order,Artistic_style,UNKNOWN,Bail_decision|Artistic_style|Arriving|Becoming_visible|Arranging|Accompaniment|Attitude_description|Be_subset_of|Achieving_first|Adjacency|Architectural_part|Attempt_suasion|Adducing|Attempt|Amalgamation,True,Artistic_style|Bail_decision,True,Bail_decision|Artistic_style|Arriving|Becoming_visible|Arranging,daily_life,108,True,True,Arranging|Bail_decision|Biological_classification|Chaos|Law,This frame contains LUs that express the Form which a piece of Artwork represents. The Form may also represent the entire body of an Artist's work. The Form may be further characterized by the Time of some Artwork's creation or other Descriptors. 'Her style of painting is an excellent blend of traditional and modern.' 'The whimsical style of this piece is very effective.'
flan_t5_large,encoder_decoder_instruction_model,dynamic_few_shot_lu_rerank,30,15,5,1,"The interior walls are alternately recessed with square and semicircular niches and there are eight columns of the Corinthian order supporting an entablature , with , above , eight further columns of the Composite order .",order,Artistic_style,UNKNOWN,Bail_decision|Artistic_style|Arranging|Adjacency|Adducing|Arriving|Attitude_description|Architectural_part|Becoming_visible|Amalgamation|Accompaniment|Becoming_separated|Becoming_aware|Aggregate|Aesthetics,True,Artistic_style|Bail_decision,True,Bail_decision|Artistic_style|Arranging|Adjacency|Adducing,general,36,True,True,Arranging|Bail_decision|Biological_classification|Chaos|Law,This frame contains LUs that express the Form which a piece of Artwork represents. The Form may also represent the entire body of an Artist's work. The Form may be further characterized by the Time of some Artwork's creation or other Descriptors. 'Her style of painting is an excellent blend of traditional and modern.' 'The whimsical style of this piece is very effective.'
flan_t5_large,encoder_decoder_instruction_model,dynamic_few_shot_lu_rerank,30,15,5,1,"Also in the Corinthian Order , it has an almost intact peristyle of 20 columns but the entablature has been replaced by a modern roof .",order,Artistic_style,UNKNOWN,Bail_decision|Artistic_style|Becoming_visible|Arranging|Adjacency|Attitude_description|Arriving|Architectural_part|Becoming|Amalgamation|Becoming_aware|Achieving_first|Adducing|Accompaniment|Attaching,True,Artistic_style|Bail_decision,True,Bail_decision|Artistic_style|Becoming_visible|Arranging|Adjacency,general,26,True,True,Arranging|Bail_decision|Biological_classification|Chaos|Law,This frame contains LUs that express the Form which a piece of Artwork represents. The Form may also represent the entire body of an Artist's work. The Form may be further characterized by the Time of some Artwork's creation or other Descriptors. 'Her style of painting is an excellent blend of traditional and modern.' 'The whimsical style of this piece is very effective.'
flan_t5_large,encoder_decoder_instruction_model,dynamic_few_shot_lu_rerank,30,15,5,1,It is still in use as the town gateway as is the other example on the other side of the town which uses the Corinthian Order ( 163 ) .,order,Artistic_style,UNKNOWN,Bail_decision|Artistic_style|Arriving|Adjacency|Becoming_visible|Accompaniment|Alliance|Abounding_with|Arranging|Amalgamation|Achieving_first|Abandonment|Assigned_location|Becoming_aware|Assemble,True,Artistic_style|Bail_decision,True,Bail_decision|Artistic_style|Arriving|Adjacency|Becoming_visible,general,30,True,True,Arranging|Bail_decision|Biological_classification|Chaos|Law,This frame contains LUs that express the Form which a piece of Artwork represents. The Form may also represent the entire body of an Artist's work. The Form may be further characterized by the Time of some Artwork's creation or other Descriptors. 'Her style of painting is an excellent blend of traditional and modern.' 'The whimsical style of this piece is very effective.'
flan_t5_large,encoder_decoder_instruction_model,dynamic_few_shot_lu_rerank,30,15,5,1,The arch has three openings divided by columns of the Corinthian Order based on sculptured pedestals ; the entablature is returned over each column .,order,Artistic_style,UNKNOWN,Bail_decision|Artistic_style|Arranging|Arriving|Attitude_description|Achieving_first|Architectural_part|Becoming_visible|Adjacency|Accompaniment|Amalgamation|Aggregate|Adducing|Becoming_aware|Attempt_means,True,Artistic_style|Bail_decision,True,Bail_decision|Artistic_style|Arranging|Arriving|Attitude_description,general,25,True,True,Arranging|Bail_decision|Biological_classification|Chaos|Law,This frame contains LUs that express the Form which a piece of Artwork represents. The Form may also represent the entire body of an Artist's work. The Form may be further characterized by the Time of some Artwork's creation or other Descriptors. 'Her style of painting is an excellent blend of traditional and modern.' 'The whimsical style of this piece is very effective.'
flan_t5_large,encoder_decoder_instruction_model,dynamic_few_shot_lu_rerank,30,15,5,1,"The annual opening ceremonies and the regular sessions are open to visitors , who can sit in the public gallery to watch the robed and white - wigged Speaker preside over the legislative deliberations ( the Assembly meets on Fridays from late October until early July ) .",meet,Assemble,UNKNOWN,Assemble|Attending|Attention|Activity_start|Accompaniment|Activity_ready_state|Attention_getting|Activity_prepare|Aesthetics|Becoming_visible|Activity_resume|Be_in_agreement_on_assessment|Becoming_a_member|Activity_done_state|Attempt_suasion,True,Assemble,True,Assemble|Attending|Attention|Activity_start|Accompaniment,general,48,True,True,Come_together|Locative_relation|Make_acquaintance|Meet_specifications|Meet_with_response,"In this frame a group of Individuals intentionally come together to form a Group. Alternatively, a grammatically more prominent Party_1 assembles with a Party_2, expressed as an oblique phrase. If this asymmetric construal is chosen, Purpose only relates to Party_1. 'We assembled in the courtyard to talk about our future plans.' 'Our study group is convening outside today.' 'The Dodgers meet the San Francisco Giants tomorrow at Dodger Stadium.'"
flan_t5_large,encoder_decoder_instruction_model,dynamic_few_shot_lu_rerank,30,15,5,1,"Saturday my study group ( go ahead , laugh ) met to discuss Doug Henwood 's new book Wall Street ( I missed this session because I had n't read the book ) and at lunchtime they went to a demonstration in Union Square , that was supposed to be of Latino sweatshop workers , and came away reeling : maybe fifteen people , mostly ancient sectarians and a few young ones , all full of the old rhetoric ( a moment of silence followed by a `` moment of rage '' with raised fists but some people did n't know how to do it , memories of the black athletes ' stand at the Mexico City Olympics having faded ) .",meet,Assemble,Attending,Assemble|Attitude_description|Attending|Accompaniment|Alliance|Arriving|Attention_getting|Aggregate|Attention|Attributed_information|Amassing|Becoming_visible|Abounding_with|Assistance|Becoming_silent,True,Assemble,True,Assemble|Attitude_description|Attending|Accompaniment|Alliance,general,122,True,True,Come_together|Locative_relation|Make_acquaintance|Meet_specifications|Meet_with_response,"In this frame a group of Individuals intentionally come together to form a Group. Alternatively, a grammatically more prominent Party_1 assembles with a Party_2, expressed as an oblique phrase. If this asymmetric construal is chosen, Purpose only relates to Party_1. 'We assembled in the courtyard to talk about our future plans.' 'Our study group is convening outside today.' 'The Dodgers meet the San Francisco Giants tomorrow at Dodger Stadium.'"
flan_t5_large,encoder_decoder_instruction_model,dynamic_few_shot_lu_rerank,30,15,5,1,The two chambers of the modern House of Assembly meet in the so-called western building ( on the right side if you 're facing from the square ) ; the public - records office and government publications department are housed in the other historic buildings .,meet,Assemble,UNKNOWN,Assemble|Architectural_part|Attending|Adjacency|Attitude_description|Becoming_aware|Attention_getting|Alliance|Becoming_separated|Aggregate|Becoming_visible|Abounding_with|Amalgamation|Be_subset_of|Adducing,True,Assemble,True,Assemble|Architectural_part|Attending|Adjacency|Attitude_description,news_politics,46,True,True,Come_together|Locative_relation|Make_acquaintance|Meet_specifications|Meet_with_response,"In this frame a group of Individuals intentionally come together to form a Group. Alternatively, a grammatically more prominent Party_1 assembles with a Party_2, expressed as an oblique phrase. If this asymmetric construal is chosen, Purpose only relates to Party_1. 'We assembled in the courtyard to talk about our future plans.' 'Our study group is convening outside today.' 'The Dodgers meet the San Francisco Giants tomorrow at Dodger Stadium.'"
flan_t5_large,encoder_decoder_instruction_model,dynamic_few_shot_lu_rerank,30,15,5,1,Every August young women convene to light joss sticks and some even climb the nine - meter ( 30 - ft ) rock to pray for good husbands .,convene,Assemble,UNKNOWN,Assemble|Aesthetics|Attitude_description|Attention|Attention_getting|Adjusting|Accomplishment|Ambient_temperature|Abounding_with|Animals|Being_detached|Aggregate|Attempt|Arriving|Bearing_arms,True,Assemble,True,Assemble|Aesthetics|Attitude_description|Attention|Attention_getting,general,29,True,True,Come_together|Gathering_up,"In this frame a group of Individuals intentionally come together to form a Group. Alternatively, a grammatically more prominent Party_1 assembles with a Party_2, expressed as an oblique phrase. If this asymmetric construal is chosen, Purpose only relates to Party_1. 'We assembled in the courtyard to talk about our future plans.' 'Our study group is convening outside today.' 'The Dodgers meet the San Francisco Giants tomorrow at Dodger Stadium.'"
flan_t5_large,encoder_decoder_instruction_model,dynamic_few_shot_lu_rerank,30,15,5,1,"A cop for 13 years , he fled his post during the uprising , he said , but returned a week later because police work is all he knows .",post,Assigned_location,UNKNOWN,Assigned_location|Awareness_status|Arrest|Attempt|Attention_getting|Attempt_suasion|Arson|Accomplishment|Awareness|Becoming_aware|Abandonment|Becoming|Attitude_description|Affirm_or_deny|Arriving,True,Assigned_location,True,Assigned_location|Awareness_status|Arrest|Attempt|Attention_getting,legal,30,True,True,Sending|Sent_items|Time_vector,"An Individual is assigned a Station to remain at, usually in order to accomplish a task. The Station may have an intended use based on its features (e.g., a vendor's booth), or it may be temporarily assigned a use. 'The guards who remained at their stations had no idea what was going on two floors below.' 'Return to your post!'"
flan_t5_large,encoder_decoder_instruction_model,dynamic_few_shot_lu_rerank,30,15,5,1,"The new , better-trained and better-equipped Iraqi forces include police who have defended their stations during insurgent attacks in Baghdad -- though some officers abandoned their posts in Mosul this month .",post,Assigned_location,UNKNOWN,Assigned_location|Attack|Bearing_arms|Armor|Attempt|Actually_occurring_entity|Attitude_description|Attempt_suasion|Activity_prepare|Be_on_alert|Aggregate|Aiming|Activity_ready_state|Being_active|Adopt_selection,True,Assigned_location,True,Assigned_location|Attack|Bearing_arms|Armor|Attempt,legal,32,True,True,Sending|Sent_items|Time_vector,"An Individual is assigned a Station to remain at, usually in order to accomplish a task. The Station may have an intended use based on its features (e.g., a vendor's booth), or it may be temporarily assigned a use. 'The guards who remained at their stations had no idea what was going on two floors below.' 'Return to your post!'"
flan_t5_large,encoder_decoder_instruction_model,dynamic_few_shot_lu_rerank,30,15,5,1,"Three-quarters of the members of the 4,000-strong Mosul police force have abandoned their posts , said a senior military official in Iraq .",post,Assigned_location,UNKNOWN,Assigned_location|Aggregate|Attack|Attributed_information|Attitude_description|Attention_getting|Amounting_to|Bearing_arms|Age|Affirm_or_deny|Attempt|Amassing|Be_subset_of|Be_on_alert|Becoming,True,Assigned_location,True,Assigned_location|Aggregate|Attack|Attributed_information|Attitude_description,legal,23,True,True,Sending|Sent_items|Time_vector,"An Individual is assigned a Station to remain at, usually in order to accomplish a task. The Station may have an intended use based on its features (e.g., a vendor's booth), or it may be temporarily assigned a use. 'The guards who remained at their stations had no idea what was going on two floors below.' 'Return to your post!'"
flan_t5_large,encoder_decoder_instruction_model,dynamic_few_shot_lu_rerank,30,15,5,1,Six of the engineers had swum to the northern bank where they were fastening a rope to a great elm tree .,fasten,Attaching,UNKNOWN,Attaching|Becoming_attached|Arriving|Attempt|Assistance|Animals|Architectural_part|Attitude_description|Achieving_first|Attention_getting|Accuracy|Adjusting|Aiming|Becoming_aware|Attempt_means,True,Attaching|Becoming_attached,True,Attaching|Becoming_attached|Arriving|Attempt|Assistance,business,22,True,True,Becoming_attached|Closure,"The Attaching frame covers two situations: a scene in which somebody causes one thing to be physically connected to something else; or a scene in which somebody causes two things to be connected to each other. In the first, the frame includes an Agent who attaches an Item to a Goal by manipulating a Connector, creating an asymmetric relationship between the Item and the Goal. In the second, the Agent attaches two Items to each other, where each serves as a Goal for the other, creating a symmetric relationship between the two Items. In both cases, the Connector remains to bind the two entities (either Item and Goal, or two Items), without creating a new entity. 'The robber tied Harry to the chair.' 'Make sure you bind his wrists as tightly as possible.'"
flan_t5_large,encoder_decoder_instruction_model,dynamic_few_shot_lu_rerank,30,15,5,1,"At the Grand , David Swan fastened his amended photopass to his jacket and set off briskly towards the conference centre some two hundred yards away .",fasten,Attaching,Attaching,Attaching|Becoming_attached|Arriving|Attention_getting|Aiming|Assistance|Adjusting|Becoming_visible|Accomplishment|Armor|Attention|Aesthetics|Attending|Attempt|Architectural_part,True,Attaching|Becoming_attached,True,Attaching|Becoming_attached|Arriving|Attention_getting|Aiming,news_politics,27,True,True,Becoming_attached|Closure,"The Attaching frame covers two situations: a scene in which somebody causes one thing to be physically connected to something else; or a scene in which somebody causes two things to be connected to each other. In the first, the frame includes an Agent who attaches an Item to a Goal by manipulating a Connector, creating an asymmetric relationship between the Item and the Goal. In the second, the Agent attaches two Items to each other, where each serves as a Goal for the other, creating a symmetric relationship between the two Items. In both cases, the Connector remains to bind the two entities (either Item and Goal, or two Items), without creating a new entity. 'The robber tied Harry to the chair.' 'Make sure you bind his wrists as tightly as possible.'"
flan_t5_large,encoder_decoder_instruction_model,dynamic_few_shot_lu_rerank,30,15,5,1,"The wire is generally fastened to the bracelet with a popper so even if she forgets about it and walks away from her machine with it still attached , it will just pop apart .",fasten,Attaching,UNKNOWN,Attaching|Becoming_attached|Being_attached|Being_detached|Adjusting|Accoutrements|Becoming_detached|Bearing_arms|Artifact|Assistance|Architectural_part|Attention|Alternatives|Adjacency|Becoming_separated,True,Attaching|Becoming_attached,True,Attaching|Becoming_attached|Being_attached|Being_detached|Adjusting,sports,35,True,True,Becoming_attached|Closure,"The Attaching frame covers two situations: a scene in which somebody causes one thing to be physically connected to something else; or a scene in which somebody causes two things to be connected to each other. In the first, the frame includes an Agent who attaches an Item to a Goal by manipulating a Connector, creating an asymmetric relationship between the Item and the Goal. In the second, the Agent attaches two Items to each other, where each serves as a Goal for the other, creating a symmetric relationship between the two Items. In both cases, the Connector remains to bind the two entities (either Item and Goal, or two Items), without creating a new entity. 'The robber tied Harry to the chair.' 'Make sure you bind his wrists as tightly as possible.'"
flan_t5_large,encoder_decoder_instruction_model,dynamic_few_shot_lu_rerank,30,15,5,1,The edges of adjacent planks were not fastened together mechanically but stood open so as to form a V-shaped groove .,fasten,Attaching,UNKNOWN,Attaching|Becoming_attached|Adjacency|Becoming_separated|Arriving|Becoming_visible|Architectural_part|Arranging|Alliance|Assistance|Being_attached|Aggregate|Attitude_description|Being_detached|Amalgamation,True,Attaching|Becoming_attached,True,Attaching|Becoming_attached|Adjacency|Becoming_separated|Arriving,general,21,True,True,Becoming_attached|Closure,"The Attaching frame covers two situations: a scene in which somebody causes one thing to be physically connected to something else; or a scene in which somebody causes two things to be connected to each other. In the first, the frame includes an Agent who attaches an Item to a Goal by manipulating a Connector, creating an asymmetric relationship between the Item and the Goal. In the second, the Agent attaches two Items to each other, where each serves as a Goal for the other, creating a symmetric relationship between the two Items. In both cases, the Connector remains to bind the two entities (either Item and Goal, or two Items), without creating a new entity. 'The robber tied Harry to the chair.' 'Make sure you bind his wrists as tightly as possible.'"
flan_t5_large,encoder_decoder_instruction_model,dynamic_few_shot_lu_rerank,30,15,5,1,A TRANMERE man who attacked two sisters at a party told police he remembered little or nothing about it because of the quantity of drink he had consumed .,attack,Attack,Attack,Attack|Attempt|Attitude_description|Avoiding|Arson|Abusing|Armor|Attention_getting|Aggregate|Architectural_part|Accompaniment|Becoming_aware|Arriving|Attempt_suasion|Affirm_or_deny,True,Attack,True,Attack|Attempt|Attitude_description|Avoiding|Arson,legal,29,True,True,Firefighting|Judgment_communication,"An Assailant physically attacks a Victim (which is usually but not always sentient), causing or intending to cause the Victim physical damage. A Weapon used by the Assailant may also be mentioned, in addition to the usual Place, Time, Purpose, Explanation, etc. Sometimes a location is used metonymically to stand for the Assailant or the Victim, and in such cases the Place FE will be annotated on a second FE layer. 'As soon as he stepped out of the bar he was set upon by four men in ski-masks.' 'Is he invading Iraq just to cover other shortcomings?' 'Then Jon-O's forces ambushed them on the left flank from a line of low hills.'"
flan_t5_large,encoder_decoder_instruction_model,dynamic_few_shot_lu_rerank,30,15,5,1,On Feb. 26 the UK forces suffered their worst losses when nine soldiers were killed after being mistakenly attacked by a US aircraft .,attack,Attack,Attack,Attack|Arson|Be_on_alert|Attempt|Assigned_location|Being_detached|Arriving|Aiming|Bearing_arms|Armor|Atonement|Appeal|Attitude_description|Avoiding|Aggregate,True,Attack,True,Attack|Arson|Be_on_alert|Attempt|Assigned_location,general,24,True,True,Firefighting|Judgment_communication,"An Assailant physically attacks a Victim (which is usually but not always sentient), causing or intending to cause the Victim physical damage. A Weapon used by the Assailant may also be mentioned, in addition to the usual Place, Time, Purpose, Explanation, etc. Sometimes a location is used metonymically to stand for the Assailant or the Victim, and in such cases the Place FE will be annotated on a second FE layer. 'As soon as he stepped out of the bar he was set upon by four men in ski-masks.' 'Is he invading Iraq just to cover other shortcomings?' 'Then Jon-O's forces ambushed them on the left flank from a line of low hills.'"
flan_t5_large,encoder_decoder_instruction_model,dynamic_few_shot_lu_rerank,30,15,5,1,"The man was speaking two days after his 14-year-old daughter was attacked in a garden 100 yards from her home in Lanchester , Co Durham .",attack,Attack,Attack,Attack|Age|Arson|Abusing|Attention_getting|Arriving|Attempt|Aiming|Becoming_visible|Attitude_description|Architectural_part|Attempt_suasion|Bearing_arms|Actually_occurring_entity|Be_on_alert,True,Attack,True,Attack|Age|Arson|Abusing|Attention_getting,daily_life,26,True,True,Firefighting|Judgment_communication,"An Assailant physically attacks a Victim (which is usually but not always sentient), causing or intending to cause the Victim physical damage. A Weapon used by the Assailant may also be mentioned, in addition to the usual Place, Time, Purpose, Explanation, etc. Sometimes a location is used metonymically to stand for the Assailant or the Victim, and in such cases the Place FE will be annotated on a second FE layer. 'As soon as he stepped out of the bar he was set upon by four men in ski-masks.' 'Is he invading Iraq just to cover other shortcomings?' 'Then Jon-O's forces ambushed them on the left flank from a line of low hills.'"
flan_t5_large,encoder_decoder_instruction_model,dynamic_few_shot_lu_rerank,30,15,5,1,"Two American destroyers , the Maddox and the C. Turner Joy , were attacked by North Vietnamese boats in the Gulf of Tonkin .",attack,Attack,Attack,Attack|Attempt|Arriving|Attention_getting|Be_in_agreement_on_action|Attitude_description|Aggregate|Becoming_visible|Bearing_arms|Alliance|Aiming|Attempt_means|Be_on_alert|Appellations|Becoming_separated,True,Attack,True,Attack|Attempt|Arriving|Attention_getting|Be_in_agreement_on_action,general,24,True,True,Firefighting|Judgment_communication,"An Assailant physically attacks a Victim (which is usually but not always sentient), causing or intending to cause the Victim physical damage. A Weapon used by the Assailant may also be mentioned, in addition to the usual Place, Time, Purpose, Explanation, etc. Sometimes a location is used metonymically to stand for the Assailant or the Victim, and in such cases the Place FE will be annotated on a second FE layer. 'As soon as he stepped out of the bar he was set upon by four men in ski-masks.' 'Is he invading Iraq just to cover other shortcomings?' 'Then Jon-O's forces ambushed them on the left flank from a line of low hills.'"
flan_t5_large,encoder_decoder_instruction_model,dynamic_few_shot_lu_rerank,30,15,5,1,"The troops fired blanks into the air , but were attacked by the Uzbeks with stones and petrol bombs , and only succeeded in clearing the area by firing live rounds over the heads of the crowd .",attack,Attack,Attack,Attack|Aiming|Attempt|Arriving|Bearing_arms|Arson|Assigned_location|Be_on_alert|Ammunition|Aggregate|Beat_opponent|Becoming_visible|Activity_finish|Architectural_part|Avoiding,True,Attack,True,Attack|Aiming|Attempt|Arriving|Bearing_arms,general,38,True,True,Firefighting|Judgment_communication,"An Assailant physically attacks a Victim (which is usually but not always sentient), causing or intending to cause the Victim physical damage. A Weapon used by the Assailant may also be mentioned, in addition to the usual Place, Time, Purpose, Explanation, etc. Sometimes a location is used metonymically to stand for the Assailant or the Victim, and in such cases the Place FE will be annotated on a second FE layer. 'As soon as he stepped out of the bar he was set upon by four men in ski-masks.' 'Is he invading Iraq just to cover other shortcomings?' 'Then Jon-O's forces ambushed them on the left flank from a line of low hills.'"
flan_t5_large,encoder_decoder_instruction_model,dynamic_few_shot_lu_rerank,30,15,5,1,"Mr Peter Haliday , the district police commander for the area surrounding the Whitehead Detention Centre , Hong Kong 's largest camp for boat people , said the victims were attacked in their sleep by 10 men .",attack,Attack,Attack,Attack|Attempt|Arson|Appellations|Be_on_alert|Arriving|Attention_getting|Assigned_location|Abusing|Being_awake|Attitude_description|Appeal|Avoiding|Attempt_means|Aiming,True,Attack,True,Attack|Attempt|Arson|Appellations|Be_on_alert,legal,38,True,True,Firefighting|Judgment_communication,"An Assailant physically attacks a Victim (which is usually but not always sentient), causing or intending to cause the Victim physical damage. A Weapon used by the Assailant may also be mentioned, in addition to the usual Place, Time, Purpose, Explanation, etc. Sometimes a location is used metonymically to stand for the Assailant or the Victim, and in such cases the Place FE will be annotated on a second FE layer. 'As soon as he stepped out of the bar he was set upon by four men in ski-masks.' 'Is he invading Iraq just to cover other shortcomings?' 'Then Jon-O's forces ambushed them on the left flank from a line of low hills.'"
flan_t5_large,encoder_decoder_instruction_model,dynamic_few_shot_lu_rerank,30,15,5,1,"If you really feel that there is no opportunity in your life for you to do any of the things mentioned ( or anything else which appeals to you ) , try using your imagination .",try,Attempt_means,UNKNOWN,Attempt_means|Attempt|Attempt_suasion|Alternatives|Actually_occurring_entity|Activity_ongoing|Attitude_description|Activity_ready_state|Attention|Addiction|Accomplishment|Aesthetics|Being_at_risk|Activity_stop|Attaching,True,Attempt_means,True,Attempt_means|Attempt|Attempt_suasion|Alternatives|Actually_occurring_entity,general,36,True,True,Attempt|Tasting|Try_defendant|Trying_out,"An Agent attempts to achieve a Goal using some Means. 'John tried using a crowbar to open the door.' 'They tried opening the window in order to rob the store.' Very frequently, an entity involved in a Means action stands in for the Means, and similarly a Goal may be metonymically expressed with an entity related to a Goal situation: 'John tried a crowbar on the door.' 'They tried the window in order to rob the store.' Unlike the Attempt frame, the Means is focused upon, and the Goal is often implicit. This frame answers the question of how something is to be attempted, rather than what is being attempted. The frames can be most reliably distinguished by paraphrasing a sentence with ""give X a try"", since ""give try"" belongs only in this frame."
flan_t5_large,encoder_decoder_instruction_model,dynamic_few_shot_lu_rerank,30,15,5,1,"Try using the same number and range of staff that are presently involved in giving nursing care , however it is organised .",try,Attempt_means,UNKNOWN,Attempt_means|Be_subset_of|Attempt|Assistance|Architectural_part|Appointing|Becoming_a_member|Adjusting|Arranging|Aiming|Actually_occurring_entity|Being_active|Activity_resume|Attending|Aggregate,True,Attempt_means,True,Attempt_means|Be_subset_of|Attempt|Assistance|Architectural_part,daily_life,23,True,True,Attempt|Tasting|Try_defendant|Trying_out,"An Agent attempts to achieve a Goal using some Means. 'John tried using a crowbar to open the door.' 'They tried opening the window in order to rob the store.' Very frequently, an entity involved in a Means action stands in for the Means, and similarly a Goal may be metonymically expressed with an entity related to a Goal situation: 'John tried a crowbar on the door.' 'They tried the window in order to rob the store.' Unlike the Attempt frame, the Means is focused upon, and the Goal is often implicit. This frame answers the question of how something is to be attempted, rather than what is being attempted. The frames can be most reliably distinguished by paraphrasing a sentence with ""give X a try"", since ""give try"" belongs only in this frame."
flan_t5_large,encoder_decoder_instruction_model,dynamic_few_shot_lu_rerank,30,15,5,1,and the bank has a lot of programs now for child care referrals i 've of course it 's too late for me so i 've i 've not tried them to see how effective they are but,try,Attempt_means,UNKNOWN,Attempt_means|Assistance|Age|Adding_up|Attention_getting|Attitude_description|Artificiality|Be_in_agreement_on_assessment|Actually_occurring_entity|Alternatives|Adducing|Assessing|Becoming|Appeal|Adjusting,True,Attempt_means,True,Attempt_means|Assistance|Age|Adding_up|Attention_getting,business,38,True,True,Attempt|Tasting|Try_defendant|Trying_out,"An Agent attempts to achieve a Goal using some Means. 'John tried using a crowbar to open the door.' 'They tried opening the window in order to rob the store.' Very frequently, an entity involved in a Means action stands in for the Means, and similarly a Goal may be metonymically expressed with an entity related to a Goal situation: 'John tried a crowbar on the door.' 'They tried the window in order to rob the store.' Unlike the Attempt frame, the Means is focused upon, and the Goal is often implicit. This frame answers the question of how something is to be attempted, rather than what is being attempted. The frames can be most reliably distinguished by paraphrasing a sentence with ""give X a try"", since ""give try"" belongs only in this frame."
flan_t5_large,encoder_decoder_instruction_model,dynamic_few_shot_lu_rerank,30,15,5,1,One low cost / high value option would be for companies that have already tried a particular research direction to warn TDI if the collaboration was about to investigate a known dead end .,try,Attempt_means,UNKNOWN,Attempt_means|Assessing|Attempt|Aiming|Assistance|Artificiality|Be_subset_of|Adjusting|Achieving_first|Attention|Adopt_selection|Be_in_agreement_on_action|Attempt_suasion|Active_substance|Appeal,True,Attempt_means,True,Attempt_means|Assessing|Attempt|Aiming|Assistance,news_politics,34,True,True,Attempt|Tasting|Try_defendant|Trying_out,"An Agent attempts to achieve a Goal using some Means. 'John tried using a crowbar to open the door.' 'They tried opening the window in order to rob the store.' Very frequently, an entity involved in a Means action stands in for the Means, and similarly a Goal may be metonymically expressed with an entity related to a Goal situation: 'John tried a crowbar on the door.' 'They tried the window in order to rob the store.' Unlike the Attempt frame, the Means is focused upon, and the Goal is often implicit. This frame answers the question of how something is to be attempted, rather than what is being attempted. The frames can be most reliably distinguished by paraphrasing a sentence with ""give X a try"", since ""give try"" belongs only in this frame."
flan_t5_large,encoder_decoder_instruction_model,dynamic_few_shot_lu_rerank,30,15,5,1,"` Please , "" Melissa urged , ` there 's no need to say any more , "" but Madame Gebrec continued as if she had not spoken .",urge,Attempt_suasion,UNKNOWN,Attempt_suasion|Affirm_or_deny|Attention_getting|Agree_or_refuse_to_act|Annoyance|Becoming_silent|Activity_ready_state|Attempt|Attention|Awareness|Alternatives|Attempt_means|Activity_finish|Adding_up|Avoiding,True,Attempt_suasion,True,Attempt_suasion|Affirm_or_deny|Attention_getting|Agree_or_refuse_to_act|Annoyance,general,29,True,True,Desiring|Request,"The Speaker expresses through language his wish to get the Addressee to act in some way that will help to bring about events or states described in the Content. There is no implication that the Addressee forms an intention to act, let alone acts. 'Mr Smithers always encourages the employees to stay late and work harder.' 'Dennis Rodman advises moderation in all things. INI' The Content most prototypically refers to an action that the Addressee will carry out themselves, but may (in the case of valences with a non-finite Content clause) merely refer to a situation that they have indirect influence over, as in the following 'When I talked to her, I suggested that he be removed from office . DNI '"
flan_t5_large,encoder_decoder_instruction_model,dynamic_few_shot_lu_rerank,30,15,5,1,"` Believe it , Hilary , "" he urged gently , and when she smiled he whispered , ` Can we go back to bed now ? """,urge,Attempt_suasion,UNKNOWN,Attempt_suasion|Affirm_or_deny|Becoming_aware|Awareness|Attempt|Activity_ready_state|Attention_getting|Agree_or_refuse_to_act|Attempt_means|Activity_ongoing|Becoming_silent|Attention|Alternatives|Arriving|Awareness_status,True,Attempt_suasion,True,Attempt_suasion|Affirm_or_deny|Becoming_aware|Awareness|Attempt,general,28,True,True,Desiring|Request,"The Speaker expresses through language his wish to get the Addressee to act in some way that will help to bring about events or states described in the Content. There is no implication that the Addressee forms an intention to act, let alone acts. 'Mr Smithers always encourages the employees to stay late and work harder.' 'Dennis Rodman advises moderation in all things. INI' The Content most prototypically refers to an action that the Addressee will carry out themselves, but may (in the case of valences with a non-finite Content clause) merely refer to a situation that they have indirect influence over, as in the following 'When I talked to her, I suggested that he be removed from office . DNI '"
flan_t5_large,encoder_decoder_instruction_model,dynamic_few_shot_lu_rerank,30,15,5,1,"The conference will be attended by directors , health service chief executives and directors of purchasing , as well as delegates from the independent sector .",attend,Attending,Attending,Attending|Assemble|Appointing|Assistance|Accompaniment|Becoming_a_member|Alliance|Attention_getting|Be_subset_of|Becoming_visible|Architectural_part|Aggregate|Be_in_agreement_on_assessment|Accomplishment|Attention,True,Attending,True,Attending|Assemble|Appointing|Assistance|Accompaniment,general,26,True,True,Attention|Perception_active,An Agent goes to an Event and is present in a relatively non-participatory way. 'The Angolan guerrillas will attend a September meeting in Zaire.' 'We just go to the movies when it rains.' 'His attendance at the funeral did not go unnoticed.'
flan_t5_large,encoder_decoder_instruction_model,dynamic_few_shot_lu_rerank,30,15,5,1,"To make things worse , he attended a meeting in South Africa without the permission of his Church Chairman .",attend,Attending,Attending,Attending|Accompaniment|Assemble|Attempt_suasion|Appointing|Assistance|Agree_or_refuse_to_act|Affirm_or_deny|Avoiding|Arriving|Attempt|Attention_getting|Arson|Accomplishment|Alliance,True,Attending,True,Attending|Accompaniment|Assemble|Attempt_suasion|Appointing,general,20,True,True,Attention|Perception_active,An Agent goes to an Event and is present in a relatively non-participatory way. 'The Angolan guerrillas will attend a September meeting in Zaire.' 'We just go to the movies when it rains.' 'His attendance at the funeral did not go unnoticed.'
flan_t5_large,encoder_decoder_instruction_model,dynamic_few_shot_lu_rerank,30,15,5,1,"Mr Wilson , who is a member of the Irish Senate , also announced today that he would be attending the funeral of three-year-old Johnathan Ball , who died in the Warrington blast .",attend,Attending,Attending,Attending|Accompaniment|Assemble|Assistance|Appellations|Becoming_aware|Appointing|Arson|Attention_getting|Attempt_suasion|Activity_finish|Bail_decision|Becoming_visible|Becoming_a_member|Awareness_status,True,Attending,True,Attending|Accompaniment|Assemble|Assistance|Appellations,news_politics,34,True,True,Attention|Perception_active,An Agent goes to an Event and is present in a relatively non-participatory way. 'The Angolan guerrillas will attend a September meeting in Zaire.' 'We just go to the movies when it rains.' 'His attendance at the funeral did not go unnoticed.'
flan_t5_large,encoder_decoder_instruction_model,dynamic_few_shot_lu_rerank,30,15,5,1,"Earlier , 270 candles were lit after a ceremony attended by 1,000 local people in Dryfesdale cemetery to dedicate a garden of remembrance .",attend,Attending,Attending,Attending|Assemble|Accompaniment|Architectural_part|Becoming_aware|Arriving|Activity_done_state|Activity_finish|Aesthetics|Becoming_visible|Assistance|Attention_getting|Attempt_suasion|Attention|Activity_resume,True,Attending,True,Attending|Assemble|Accompaniment|Architectural_part|Becoming_aware,general,24,True,True,Attention|Perception_active,An Agent goes to an Event and is present in a relatively non-participatory way. 'The Angolan guerrillas will attend a September meeting in Zaire.' 'We just go to the movies when it rains.' 'His attendance at the funeral did not go unnoticed.'
flan_t5_large,encoder_decoder_instruction_model,dynamic_few_shot_lu_rerank,30,15,5,1,"In fact the health visitor diagnosed a problem with speech at his screening at age 3 , and he began attending the local health clinic for speech therapy .",attend,Attending,Attending,Attending|Attention_getting|Assistance|Activity_start|Age|Becoming_silent|Accompaniment|Assemble|Becoming_visible|Attention|Actually_occurring_entity|Appointing|Aging|Attempt|Affirm_or_deny,True,Attending,True,Attending|Attention_getting|Assistance|Activity_start|Age,general,29,True,True,Attention|Perception_active,An Agent goes to an Event and is present in a relatively non-participatory way. 'The Angolan guerrillas will attend a September meeting in Zaire.' 'We just go to the movies when it rains.' 'His attendance at the funeral did not go unnoticed.'
flan_t5_large,encoder_decoder_instruction_model,dynamic_few_shot_lu_rerank,30,15,5,1,Tonight the Soviets attend a reception at the House of Commons and another tiny barrier will be broken down on Wednesday when the Combined Services provide the opposition at Aldershot .,attend,Attending,UNKNOWN,Attending|Assemble|Arriving|Attention_getting|Accompaniment|Assistance|Becoming_visible|Attempt_suasion|Attention|Affirm_or_deny|Be_on_alert|Be_in_agreement_on_action|Activity_finish|Assigned_location|Activity_resume,True,Attending,True,Attending|Assemble|Arriving|Attention_getting|Accompaniment,general,31,True,True,Attention|Perception_active,An Agent goes to an Event and is present in a relatively non-participatory way. 'The Angolan guerrillas will attend a September meeting in Zaire.' 'We just go to the movies when it rains.' 'His attendance at the funeral did not go unnoticed.'
flan_t5_large,encoder_decoder_instruction_model,dynamic_few_shot_lu_rerank,30,15,5,1,"Always be alert for a bad swing or a wing-tip touching the ground on take off and have your hand near the release , ready .",alert,Attention,UNKNOWN,Be_on_alert|Attention|Activity_ready_state|Attention_getting|Arriving|Bearing_arms|Aiming|Becoming_silent|Attack|Annoyance|Attaching|Assistance|Activity_start|Attitude_description|Being_at_risk,True,Attention|Be_on_alert,True,Be_on_alert|Attention|Activity_ready_state|Attention_getting|Arriving,general,26,True,True,Be_on_alert|Warning,"This frame concerns a Perceiver's state of readiness to process and consider impressions of a Figure within a Ground. It is often unknown to the Perceiver whether or not the Figure exists within the Ground. Alternatively, the Expressor may be expressed as showing signs of the Perceiver's state of attentiveness. 'Legislator tells consumers to be alert to dioxin levels.' 'They demand an attentive gaze, a careful accounting of parts.'"
flan_t5_large,encoder_decoder_instruction_model,dynamic_few_shot_lu_rerank,30,15,5,1,"An amorous meeting is forecast , so keep yourself smart , sociable and suitably alert for what promises to be an interesting episode .",alert,Attention,UNKNOWN,Attention|Be_on_alert|Attitude_description|Activity_ready_state|Attention_getting|Being_awake|Activity_ongoing|Accomplishment|Aesthetics|Assemble|Attempt_suasion|Aggregate|Activity_prepare|Becoming_aware|Activity_start,True,Attention|Be_on_alert,True,Attention|Be_on_alert|Attitude_description|Activity_ready_state|Attention_getting,general,24,True,True,Be_on_alert|Warning,"This frame concerns a Perceiver's state of readiness to process and consider impressions of a Figure within a Ground. It is often unknown to the Perceiver whether or not the Figure exists within the Ground. Alternatively, the Expressor may be expressed as showing signs of the Perceiver's state of attentiveness. 'Legislator tells consumers to be alert to dioxin levels.' 'They demand an attentive gaze, a careful accounting of parts.'"
flan_t5_large,encoder_decoder_instruction_model,dynamic_few_shot_lu_rerank,30,15,5,1,"In commercial computer applications , he believes sound will be particularly important in collaborative tasks , where people need to be alert to what colleagues are doing , without having it distractingly thrust upon their attention .",alert,Attention,UNKNOWN,Attention|Be_on_alert|Attention_getting|Annoyance|Awareness|Attitude_description|Attempt_suasion|Becoming_silent|Awareness_status|Becoming_aware|Aiming|Assistance|Be_in_agreement_on_assessment|Activity_ready_state|Affirm_or_deny,True,Attention|Be_on_alert,True,Attention|Be_on_alert|Attention_getting|Annoyance|Awareness,sports,37,True,True,Be_on_alert|Warning,"This frame concerns a Perceiver's state of readiness to process and consider impressions of a Figure within a Ground. It is often unknown to the Perceiver whether or not the Figure exists within the Ground. Alternatively, the Expressor may be expressed as showing signs of the Perceiver's state of attentiveness. 'Legislator tells consumers to be alert to dioxin levels.' 'They demand an attentive gaze, a careful accounting of parts.'"
flan_t5_large,encoder_decoder_instruction_model,dynamic_few_shot_lu_rerank,30,15,5,1,"From the moment you first suspect you 're pregnant , you are alert to each change in your body and the way you feel .",alert,Attention,UNKNOWN,Be_on_alert|Attention|Activity_ready_state|Becoming_aware|Awareness_status|Activity_start|Attention_getting|Awareness|Alternatives|Attitude_description|Being_awake|Annoyance|Becoming|Arriving|Adjusting,True,Attention|Be_on_alert,True,Be_on_alert|Attention|Activity_ready_state|Becoming_aware|Awareness_status,general,25,True,True,Be_on_alert|Warning,"This frame concerns a Perceiver's state of readiness to process and consider impressions of a Figure within a Ground. It is often unknown to the Perceiver whether or not the Figure exists within the Ground. Alternatively, the Expressor may be expressed as showing signs of the Perceiver's state of attentiveness. 'Legislator tells consumers to be alert to dioxin levels.' 'They demand an attentive gaze, a careful accounting of parts.'"
flan_t5_large,encoder_decoder_instruction_model,dynamic_few_shot_lu_rerank,30,15,5,1,"He said : ` We would urge people to be aware and be alert with fireworks because your fun might be someone else 's tragedy . """,alert,Attention,Be_on_alert,Be_on_alert|Attention|Attempt_suasion|Awareness_status|Attention_getting|Annoyance|Aiming|Arson|Assistance|Activity_ready_state|Becoming_aware|Awareness|Attack|Animals|Arriving,True,Attention|Be_on_alert,True,Be_on_alert|Attention|Attempt_suasion|Awareness_status|Attention_getting,news_politics,27,True,True,Be_on_alert|Warning,"This frame concerns a Perceiver's state of readiness to process and consider impressions of a Figure within a Ground. It is often unknown to the Perceiver whether or not the Figure exists within the Ground. Alternatively, the Expressor may be expressed as showing signs of the Perceiver's state of attentiveness. 'Legislator tells consumers to be alert to dioxin levels.' 'They demand an attentive gaze, a careful accounting of parts.'"
flan_t5_large,encoder_decoder_instruction_model,dynamic_few_shot_lu_rerank,30,15,5,1,Much of the game was taken up with mauls which an alert French referee often had to turn into scrums .,alert,Attention,UNKNOWN,Be_on_alert|Attention|Amassing|Attitude_description|Arriving|Activity_ready_state|Attention_getting|Aiming|Attack|Attempt|Appeal|Adjusting|Avoiding|Architectural_part|Becoming,True,Attention|Be_on_alert,True,Be_on_alert|Attention|Amassing|Attitude_description|Arriving,sports,21,True,True,Be_on_alert|Warning,"This frame concerns a Perceiver's state of readiness to process and consider impressions of a Figure within a Ground. It is often unknown to the Perceiver whether or not the Figure exists within the Ground. Alternatively, the Expressor may be expressed as showing signs of the Perceiver's state of attentiveness. 'Legislator tells consumers to be alert to dioxin levels.' 'They demand an attentive gaze, a careful accounting of parts.'"
flan_t5_large,encoder_decoder_instruction_model,dynamic_few_shot_lu_rerank,30,15,5,1,"Sometimes it 's difficult to believe , as I look into Drew 's light face , that he was ever that dark , depressed boy who wore nothing but black and listened to the same song over and over again .",dark,Attitude_description,UNKNOWN,Attitude_description|Becoming_aware|Artistic_style|Being_awake|Actually_occurring_entity|Ambient_temperature|Becoming_visible|Awareness_status|Achieving_first|Addiction|Attempt|Appellations|Age|Accoutrements|Awareness,True,Attitude_description,True,Attitude_description|Becoming_aware|Artistic_style|Being_awake|Actually_occurring_entity,general,41,True,True,Color_qualities|Level_of_light|Morality_evaluation|Openness,"The lexical units in this frame are descriptions of a Cognizer's Attitude about or outlook on a State_of_affairs. '' 'Carl is becoming more pessimistic about the negotiations every day.' 'The benefits of cluelessness come from living in a society where people take an optimistic view of life.' '' The State_of_affairs can be expressed without a Cognizer in many cases, as shown in the following: '' 'The situation is fairly grim at the moment.' ''"
flan_t5_large,encoder_decoder_instruction_model,dynamic_few_shot_lu_rerank,30,15,5,1,"Inspector Baynes visited us at Baker Street with a printed description of the dark face of the secretary , and of the masterful features , the magnetic black eyes , and the tufted brows of his master .",dark,Attitude_description,UNKNOWN,Attitude_description|Becoming_visible|Aesthetics|Accoutrements|Becoming_aware|Attention|Attention_getting|Appellations|Accompaniment|Adducing|Awareness_status|Achieving_first|Architectural_part|Adjacency|Armor,True,Attitude_description,True,Attitude_description|Becoming_visible|Aesthetics|Accoutrements|Becoming_aware,general,38,True,True,Color_qualities|Level_of_light|Morality_evaluation|Openness,"The lexical units in this frame are descriptions of a Cognizer's Attitude about or outlook on a State_of_affairs. '' 'Carl is becoming more pessimistic about the negotiations every day.' 'The benefits of cluelessness come from living in a society where people take an optimistic view of life.' '' The State_of_affairs can be expressed without a Cognizer in many cases, as shown in the following: '' 'The situation is fairly grim at the moment.' ''"
flan_t5_large,encoder_decoder_instruction_model,dynamic_few_shot_lu_rerank,30,15,5,1,"Real-estate moguls , the only folks who made real money in D.C. until recently , were shut out of power Washington - except for sports team owners Jack Kent Cooke and Abe Pollin .",power,Authority,UNKNOWN,Authority|Amassing|Being_active|Activity_stop|Activity_ongoing|Attitude_description|Aggregate|Appellations|Beat_opponent|Attempt|Attributed_information|Artificiality|Activity_pause|Agriculture|Actually_occurring_entity,True,Authority,True,Authority|Amassing|Being_active|Activity_stop|Activity_ongoing,sports,34,True,True,Capability|Electricity|Level_of_force_exertion|Objective_influence,An Agent has the means to affect a Theme along the lines of a certain Domain. There is an imbalance of influence or power within a certain Domain that favors the Agent (often due to some Source) over the Theme. 'His authority over his subjects was given to him by God.' 'Congress has the power to enact laws.' 'Only the King has the authority to declare war.'
flan_t5_large,encoder_decoder_instruction_model,dynamic_few_shot_lu_rerank,30,15,5,1,"A new coalition , they hoped , would break the power of the landed élite and bring about a social revolution in the South .",power,Authority,UNKNOWN,Authority|Alliance|Becoming|Aggregate|Being_active|Assistance|Accomplishment|Attitude_description|Agriculture|Attempt|Arriving|Becoming_a_member|Assemble|Be_in_agreement_on_action|Attempt_suasion,True,Authority,True,Authority|Alliance|Becoming|Aggregate|Being_active,general,25,True,True,Capability|Electricity|Level_of_force_exertion|Objective_influence,An Agent has the means to affect a Theme along the lines of a certain Domain. There is an imbalance of influence or power within a certain Domain that favors the Agent (often due to some Source) over the Theme. 'His authority over his subjects was given to him by God.' 'Congress has the power to enact laws.' 'Only the King has the authority to declare war.'
flan_t5_large,encoder_decoder_instruction_model,dynamic_few_shot_lu_rerank,30,15,5,1,"If Congress `` would not have enacted those provisions which are within its power , independently of that which is not , '' then courts must strike the provisions as a piece .",power,Authority,UNKNOWN,Authority|Architectural_part|Attempt_suasion|Amalgamation|Affirm_or_deny|Becoming_separated|Alliance|Be_in_agreement_on_action|Attempt|Agree_or_refuse_to_act|Being_at_risk|Bearing_arms|Actually_occurring_entity|Be_in_agreement_on_assessment|Adjacency,True,Authority,True,Authority|Architectural_part|Attempt_suasion|Amalgamation|Affirm_or_deny,news_politics,33,True,True,Capability|Electricity|Level_of_force_exertion|Objective_influence,An Agent has the means to affect a Theme along the lines of a certain Domain. There is an imbalance of influence or power within a certain Domain that favors the Agent (often due to some Source) over the Theme. 'His authority over his subjects was given to him by God.' 'Congress has the power to enact laws.' 'Only the King has the authority to declare war.'
flan_t5_large,encoder_decoder_instruction_model,dynamic_few_shot_lu_rerank,30,15,5,1,"It results from the sovereign power of the Government to directly create money and , although not an inflow of resources from the public , does increase the Government 's net position in the same manner as an inflow of resources .",power,Authority,UNKNOWN,Authority|Adducing|Amassing|Accomplishment|Attempt_suasion|Aggregate|Attitude_description|Adjusting|Amounting_to|Architectural_part|Agriculture|Becoming|Amalgamation|Assistance|Actually_occurring_entity,True,Authority,True,Authority|Adducing|Amassing|Accomplishment|Attempt_suasion,news_politics,42,True,True,Capability|Electricity|Level_of_force_exertion|Objective_influence,An Agent has the means to affect a Theme along the lines of a certain Domain. There is an imbalance of influence or power within a certain Domain that favors the Agent (often due to some Source) over the Theme. 'His authority over his subjects was given to him by God.' 'Congress has the power to enact laws.' 'Only the King has the authority to declare war.'
flan_t5_large,encoder_decoder_instruction_model,dynamic_few_shot_lu_rerank,30,15,5,1,"According to witness reports , the home owners had a new water heater installed just last week , but it is not known if the fire was caused by the heater .",known,Awareness_status,UNKNOWN,Awareness_status|Becoming_aware|Actually_occurring_entity|Arson|Architectural_part|Becoming_visible|Age|Attributed_information|Adducing|Animals|Attitude_description|Awareness|Be_on_alert|Attack|Attempt,True,Awareness_status,True,Awareness_status|Becoming_aware|Actually_occurring_entity|Arson|Architectural_part,daily_life,32,True,True,Being_named|Fame,"Some Content is part of the mental model of a Cognizer. The Cognizer arrives at the mental model not by direct perception but by reasoning from perceived phenomena. Alternatively, the Role of a particular object is known to be applicable to that object. 'That fact is known to many.' 'The presumed killer was last seen driving south on the interstate.'"
flan_t5_large,encoder_decoder_instruction_model,dynamic_few_shot_lu_rerank,30,15,5,1,"Took him to the station and routine happened -- they had to call the bridewell surgeon and the drunk could call his own doctor , fixing bail and so on .",fix,Bail_decision,UNKNOWN,Bail_decision|Accompaniment|Adjusting|Appeal|Assistance|Activity_done_state|Assigned_location|Activity_ready_state|Attaching|Arson|Attack|Attention_getting|Attempt|Being_attached|Attempt_suasion,True,Bail_decision,True,Bail_decision|Accompaniment|Adjusting|Appeal|Assistance,general,31,True,True,Activity_prepare|Attaching|Cooking_creation|Predicament|Resolve_problem,"This frame covers a step in a criminal process in which a Judge decides whether the Accused should be released on bail, and, if so, what the amount of the bail should be. '' 'Thorsen, of Grimstad, Norway, was granted $100,000 bail until June 18.' 'He was granted conditional bail by Teesside Magistrates.'"
flan_t5_large,encoder_decoder_instruction_model,dynamic_few_shot_lu_rerank,30,15,5,1,Alleged White House gunman Robert Pickett was arraigned Wednesday at a federal court in Washington and ordered held without bond .,order,Bail_decision,Arraignment,Bail_decision|Artistic_style|Arraignment|Appeal|Bearing_arms|Aiming|Atonement|Attack|Attempt|Arrest|Becoming_visible|Appointing|Abusing|Attempt_suasion|Appellations,True,Artistic_style|Bail_decision,True,Bail_decision|Artistic_style|Arraignment|Appeal|Bearing_arms,news_politics,21,True,True,Arranging|Artistic_style|Biological_classification|Chaos|Law,"This frame covers a step in a criminal process in which a Judge decides whether the Accused should be released on bail, and, if so, what the amount of the bail should be. '' 'Thorsen, of Grimstad, Norway, was granted $100,000 bail until June 18.' 'He was granted conditional bail by Teesside Magistrates.'"
flan_t5_large,encoder_decoder_instruction_model,dynamic_few_shot_lu_rerank,30,15,5,1,"The treaty of Nanjing had opened the interior of China , but no existing mission had accepted the challenge .",treaty,Be_in_agreement_on_action,UNKNOWN,Be_in_agreement_on_action|Attempt|Affirm_or_deny|Artifact|Attempt_means|Alliance|Becoming|Accomplishment|Arriving|Activity_ready_state|Becoming_visible|Appeal|Aiming|Attitude_description|Aggregate,True,Be_in_agreement_on_action,True,Be_in_agreement_on_action|Attempt|Affirm_or_deny|Artifact|Attempt_means,general,20,True,True,Documents|Make_agreement_on_action,"Two (or more) people (the Parties, also encodable as Party_1 and Party_2) have an agreement. Both sides are construed as having a commitment to an Obligation--the relationship is understood to be symmetrical or reciprocal. Instead of a specific mention of the Obligation, a Topic expression may be used to indicate the domain covered. 'The US and Russia have an agreement to share early warning data on missile launches.'"
flan_t5_large,encoder_decoder_instruction_model,dynamic_few_shot_lu_rerank,30,15,5,1,"After all , Mr Yeltsin and Mr Gorbachev before him have made more concessions to the western powers than any Russian leader since Lenin in 1918 accepted the Russo-German treaty of Brest-Litovsk .",treaty,Be_in_agreement_on_action,UNKNOWN,Be_in_agreement_on_action|Affirm_or_deny|Accomplishment|Activity_resume|Activity_finish|Atonement|Alliance|Accompaniment|Adopt_selection|Activity_stop|Appellations|Becoming|Authority|Activity_ready_state|Avoiding,True,Be_in_agreement_on_action,True,Be_in_agreement_on_action|Affirm_or_deny|Accomplishment|Activity_resume|Activity_finish,general,33,True,True,Documents|Make_agreement_on_action,"Two (or more) people (the Parties, also encodable as Party_1 and Party_2) have an agreement. Both sides are construed as having a commitment to an Obligation--the relationship is understood to be symmetrical or reciprocal. Instead of a specific mention of the Obligation, a Topic expression may be used to indicate the domain covered. 'The US and Russia have an agreement to share early warning data on missile launches.'"
flan_t5_large,encoder_decoder_instruction_model,dynamic_few_shot_lu_rerank,30,15,5,1,"In view of his assessment of the damage that they are likely to cause to employment in this country , will he say under which article of the treaty of Rome they have been proposed ?",treaty,Be_in_agreement_on_action,UNKNOWN,Be_in_agreement_on_action|Attributed_information|Assessing|Attempt_suasion|Appeal|Aiming|Attempt|Accomplishment|Attitude_description|Artifact|Arriving|Affirm_or_deny|Adopt_selection|Adducing|Architectural_part,True,Be_in_agreement_on_action,True,Be_in_agreement_on_action|Attributed_information|Assessing|Attempt_suasion|Appeal,business,36,True,True,Documents|Make_agreement_on_action,"Two (or more) people (the Parties, also encodable as Party_1 and Party_2) have an agreement. Both sides are construed as having a commitment to an Obligation--the relationship is understood to be symmetrical or reciprocal. Instead of a specific mention of the Obligation, a Topic expression may be used to indicate the domain covered. 'The US and Russia have an agreement to share early warning data on missile launches.'"
flan_t5_large,encoder_decoder_instruction_model,dynamic_few_shot_lu_rerank,30,15,5,1,"But the settlers had been courtiers , the sons and daughters of kings and dukes exchanged in marriages which formed part of peace treaties between the Black Land and the Nation of the North-East .",treaty,Be_in_agreement_on_action,UNKNOWN,Be_in_agreement_on_action|Alliance|Accompaniment|Amalgamation|Abounding_with|Becoming|Becoming_separated|Arriving|Affirm_or_deny|Appellations|Aggregate|Adjacency|Bail_decision|Attitude_description|Becoming_visible,True,Be_in_agreement_on_action,True,Be_in_agreement_on_action|Alliance|Accompaniment|Amalgamation|Abounding_with,news_politics,35,True,True,Documents|Make_agreement_on_action,"Two (or more) people (the Parties, also encodable as Party_1 and Party_2) have an agreement. Both sides are construed as having a commitment to an Obligation--the relationship is understood to be symmetrical or reciprocal. Instead of a specific mention of the Obligation, a Topic expression may be used to indicate the domain covered. 'The US and Russia have an agreement to share early warning data on missile launches.'"
flan_t5_large,encoder_decoder_instruction_model,dynamic_few_shot_lu_rerank,30,15,5,1,The union of Marr and Quando was also seen as a peace treaty between The Smiths and The Factory organisation .,treaty,Be_in_agreement_on_action,UNKNOWN,Be_in_agreement_on_action|Alliance|Amalgamation|Aggregate|Becoming_visible|Accompaniment|Artifact|Becoming_a_member|Adjacency|Bearing_arms|Attaching|Attitude_description|Be_subset_of|Becoming_attached|Architectural_part,True,Be_in_agreement_on_action,True,Be_in_agreement_on_action|Alliance|Amalgamation|Aggregate|Becoming_visible,general,21,True,True,Documents|Make_agreement_on_action,"Two (or more) people (the Parties, also encodable as Party_1 and Party_2) have an agreement. Both sides are construed as having a commitment to an Obligation--the relationship is understood to be symmetrical or reciprocal. Instead of a specific mention of the Obligation, a Topic expression may be used to indicate the domain covered. 'The US and Russia have an agreement to share early warning data on missile launches.'"
flan_t5_large,encoder_decoder_instruction_model,dynamic_few_shot_lu_rerank,30,15,5,1,"King Fahd of Saudi Arabia began a visit to Egypt on March 27 , 1989 , the day after the 10th anniversary of the 1979 treaty between Israel and Egypt .",treaty,Be_in_agreement_on_action,UNKNOWN,Be_in_agreement_on_action|Accomplishment|Affirm_or_deny|Attending|Activity_done_state|Atonement|Assemble|Be_on_alert|Accompaniment|Attempt|Arriving|Activity_start|Artifact|Activity_resume|Attack,True,Be_in_agreement_on_action,True,Be_in_agreement_on_action|Accomplishment|Affirm_or_deny|Attending|Activity_done_state,general,31,True,True,Documents|Make_agreement_on_action,"Two (or more) people (the Parties, also encodable as Party_1 and Party_2) have an agreement. Both sides are construed as having a commitment to an Obligation--the relationship is understood to be symmetrical or reciprocal. Instead of a specific mention of the Obligation, a Topic expression may be used to indicate the domain covered. 'The US and Russia have an agreement to share early warning data on missile launches.'"
flan_t5_large,encoder_decoder_instruction_model,dynamic_few_shot_lu_rerank,30,15,5,1,"The ratification of similar treaties with Latvia and Estonia could be jeopardized , according to Shelov-Kovedyayev , by language and draft citizenship laws .",treaty,Be_in_agreement_on_action,UNKNOWN,Be_in_agreement_on_action|Alliance|Amalgamation|Affirm_or_deny|Accompaniment|Artifact|Attempt_suasion|Be_in_agreement_on_assessment|Activity_resume|Attempt|Attributed_information|Activity_ready_state|Atonement|Adjusting|Avoiding,True,Be_in_agreement_on_action,True,Be_in_agreement_on_action|Alliance|Amalgamation|Affirm_or_deny|Accompaniment,legal,24,True,True,Documents|Make_agreement_on_action,"Two (or more) people (the Parties, also encodable as Party_1 and Party_2) have an agreement. Both sides are construed as having a commitment to an Obligation--the relationship is understood to be symmetrical or reciprocal. Instead of a specific mention of the Obligation, a Topic expression may be used to indicate the domain covered. 'The US and Russia have an agreement to share early warning data on missile launches.'"
flan_t5_large,encoder_decoder_instruction_model,dynamic_few_shot_lu_rerank,30,15,5,1,"Like the Permanent Court , Waldock focused on the intention of the parties to the treaty and the consent of the third party to any such right .",treaty,Be_in_agreement_on_action,UNKNOWN,Be_in_agreement_on_action|Alliance|Attempt_suasion|Affirm_or_deny|Awareness|Amalgamation|Accompaniment|Be_in_agreement_on_assessment|Alternatives|Appointing|Assemble|Arriving|Attitude_description|Appeal|Becoming,True,Be_in_agreement_on_action,True,Be_in_agreement_on_action|Alliance|Attempt_suasion|Affirm_or_deny|Awareness,news_politics,28,True,True,Documents|Make_agreement_on_action,"Two (or more) people (the Parties, also encodable as Party_1 and Party_2) have an agreement. Both sides are construed as having a commitment to an Obligation--the relationship is understood to be symmetrical or reciprocal. Instead of a specific mention of the Obligation, a Topic expression may be used to indicate the domain covered. 'The US and Russia have an agreement to share early warning data on missile launches.'"
flan_t5_large,encoder_decoder_instruction_model,dynamic_few_shot_lu_rerank,30,15,5,1,"Make sure you agree from the start on whether babysitting is part of her job , and if so how often .",agree,Be_in_agreement_on_assessment,UNKNOWN,Be_in_agreement_on_assessment|Activity_start|Alternatives|Attention|Activity_done_state|Attention_getting|Assistance|Awareness|Be_in_agreement_on_action|Accomplishment|Adopt_selection|Attempt_suasion|Adjusting|Attitude_description|Aggregate,True,Be_in_agreement_on_assessment,True,Be_in_agreement_on_assessment|Activity_start|Alternatives|Attention|Activity_done_state,general,22,True,True,Agree_or_refuse_to_act|Compatibility|Make_agreement_on_action,"The Cognizers have a similarity (or dissimilarity) in their Opinion. The Cognizers may be expressed separately, with Cognizer_2 being the basis for establishing the Opinion of Cognizer_1. Rather than a specific Opinion, a phenomenon about which a similar or differing Opinion is held, the Topic, may be specified. A specific Opinion may also go unmentioned when the Opinions of the Cognizers are understood as answers to a Question. 'Dr. Gerry and Mr. Pond agree in their impressions.' ' This copyeditor and I mostly see eye to eye on things.' 'I agree with you that everything should be monitored to keep the person from wasting time and protecting the interests of the company.'"
flan_t5_large,encoder_decoder_instruction_model,dynamic_few_shot_lu_rerank,30,15,5,1,"The 44 delegates , drawn from ruling and opposition parties and interest groups , agreed on the need for a United States-style constitution , with an executive president possibly elected by universal suffrage .",agree,Be_in_agreement_on_assessment,UNKNOWN,Be_in_agreement_on_assessment|Alliance|Authority|Attempt_suasion|Appointing|Assemble|Be_in_agreement_on_action|Affirm_or_deny|Attempt|Attitude_description|Being_active|Accomplishment|Accompaniment|Aggregate|Awareness,True,Be_in_agreement_on_assessment,True,Be_in_agreement_on_assessment|Alliance|Authority|Attempt_suasion|Appointing,news_politics,34,True,True,Agree_or_refuse_to_act|Compatibility|Make_agreement_on_action,"The Cognizers have a similarity (or dissimilarity) in their Opinion. The Cognizers may be expressed separately, with Cognizer_2 being the basis for establishing the Opinion of Cognizer_1. Rather than a specific Opinion, a phenomenon about which a similar or differing Opinion is held, the Topic, may be specified. A specific Opinion may also go unmentioned when the Opinions of the Cognizers are understood as answers to a Question. 'Dr. Gerry and Mr. Pond agree in their impressions.' ' This copyeditor and I mostly see eye to eye on things.' 'I agree with you that everything should be monitored to keep the person from wasting time and protecting the interests of the company.'"
flan_t5_large,encoder_decoder_instruction_model,dynamic_few_shot_lu_rerank,30,15,5,1,I do not agree with his analysis about the Government looking after number one and therefore encouraging people to commit crime .,agree,Be_in_agreement_on_assessment,UNKNOWN,Be_in_agreement_on_assessment|Attempt|Attitude_description|Agree_or_refuse_to_act|Affirm_or_deny|Attention|Attempt_suasion|Appeal|Be_in_agreement_on_action|Avoiding|Alliance|Attempt_means|Adopt_selection|Awareness|Assistance,True,Be_in_agreement_on_assessment,True,Be_in_agreement_on_assessment|Attempt|Attitude_description|Agree_or_refuse_to_act|Affirm_or_deny,news_politics,22,True,True,Agree_or_refuse_to_act|Compatibility|Make_agreement_on_action,"The Cognizers have a similarity (or dissimilarity) in their Opinion. The Cognizers may be expressed separately, with Cognizer_2 being the basis for establishing the Opinion of Cognizer_1. Rather than a specific Opinion, a phenomenon about which a similar or differing Opinion is held, the Topic, may be specified. A specific Opinion may also go unmentioned when the Opinions of the Cognizers are understood as answers to a Question. 'Dr. Gerry and Mr. Pond agree in their impressions.' ' This copyeditor and I mostly see eye to eye on things.' 'I agree with you that everything should be monitored to keep the person from wasting time and protecting the interests of the company.'"
flan_t5_large,encoder_decoder_instruction_model,dynamic_few_shot_lu_rerank,30,15,5,1,"The attorney agreed with Haydon about the injustice of the proceedings , and told him to return that evening to settle the matter finally .",agree,Be_in_agreement_on_assessment,UNKNOWN,Be_in_agreement_on_assessment|Appeal|Bail_decision|Agree_or_refuse_to_act|Arraignment|Accompaniment|Be_in_agreement_on_action|Affirm_or_deny|Activity_done_state|Attitude_description|Activity_finish|Attempt_suasion|Arriving|Attempt|Assemble,True,Be_in_agreement_on_assessment,True,Be_in_agreement_on_assessment|Appeal|Bail_decision|Agree_or_refuse_to_act|Arraignment,general,25,True,True,Agree_or_refuse_to_act|Compatibility|Make_agreement_on_action,"The Cognizers have a similarity (or dissimilarity) in their Opinion. The Cognizers may be expressed separately, with Cognizer_2 being the basis for establishing the Opinion of Cognizer_1. Rather than a specific Opinion, a phenomenon about which a similar or differing Opinion is held, the Topic, may be specified. A specific Opinion may also go unmentioned when the Opinions of the Cognizers are understood as answers to a Question. 'Dr. Gerry and Mr. Pond agree in their impressions.' ' This copyeditor and I mostly see eye to eye on things.' 'I agree with you that everything should be monitored to keep the person from wasting time and protecting the interests of the company.'"
flan_t5_large,encoder_decoder_instruction_model,dynamic_few_shot_lu_rerank,30,15,5,1,"A major Swedish newspaper , Svenska Daghbladet , said Swedish troops stationed at the base were put on standby alert during the mob rampage but were not deployed .",alert,Be_on_alert,UNKNOWN,Be_on_alert|Attention|Assigned_location|Attack|Affirm_or_deny|Activity_ready_state|Arriving|Activity_pause|Bearing_arms|Animals|Aggregate|Becoming_visible|Being_awake|Attitude_description|Awareness_status,True,Attention|Be_on_alert,True,Be_on_alert|Attention|Assigned_location|Attack|Affirm_or_deny,general,29,True,True,Attention|Warning,A Protagonist has become aware of a possible Danger (a dangerous event or a Dangerous_entity that might participate in an event harmful to the Protagonist) and is ready to engage in an Activity in response to that Danger. 'All tropps are on high alert for possible intruders following an attack on a nearby compound.' 'we're on alert to stop anyone trying to sneak in.' 'we're on guard for possible sabotage.'
flan_t5_large,encoder_decoder_instruction_model,dynamic_few_shot_lu_rerank,30,15,5,1,"Jordanian security forces were placed on high alert , deploying throughout the capital around hotels , embassies and malls .",alert,Be_on_alert,Be_on_alert,Be_on_alert|Attention|Assigned_location|Attack|Attention_getting|Aiming|Bearing_arms|Activity_ready_state|Arriving|Being_at_risk|Attending|Animals|Attitude_description|Being_active|Becoming_visible,True,Attention|Be_on_alert,True,Be_on_alert|Attention|Assigned_location|Attack|Attention_getting,general,20,True,True,Attention|Warning,A Protagonist has become aware of a possible Danger (a dangerous event or a Dangerous_entity that might participate in an event harmful to the Protagonist) and is ready to engage in an Activity in response to that Danger. 'All tropps are on high alert for possible intruders following an attack on a nearby compound.' 'we're on alert to stop anyone trying to sneak in.' 'we're on guard for possible sabotage.'
flan_t5_large,encoder_decoder_instruction_model,dynamic_few_shot_lu_rerank,30,15,5,1,"U. S. officials said they had not increased security at domestic airports , which have been on alert since an attempt to blow up two U. S. -bound cargo planes in October .",alert,Be_on_alert,Be_on_alert,Be_on_alert|Attention|Affirm_or_deny|Attack|Being_at_risk|Activity_ready_state|Awareness_status|Be_in_agreement_on_action|Becoming_aware|Activity_pause|Animals|Attention_getting|Bearing_arms|Activity_done_state|Amassing,True,Attention|Be_on_alert,True,Be_on_alert|Attention|Affirm_or_deny|Attack|Being_at_risk,daily_life,33,True,True,Attention|Warning,A Protagonist has become aware of a possible Danger (a dangerous event or a Dangerous_entity that might participate in an event harmful to the Protagonist) and is ready to engage in an Activity in response to that Danger. 'All tropps are on high alert for possible intruders following an attack on a nearby compound.' 'we're on alert to stop anyone trying to sneak in.' 'we're on guard for possible sabotage.'
flan_t5_large,encoder_decoder_instruction_model,dynamic_few_shot_lu_rerank,30,15,5,1,"After Wednesday 's attack , court proceedings were suspended , the complex evacuated and the nation placed on alert .",alert,Be_on_alert,UNKNOWN,Be_on_alert|Attention|Activity_pause|Attack|Appeal|Arson|Becoming_visible|Assigned_location|Activity_ready_state|Being_awake|Affirm_or_deny|Architectural_part|Attention_getting|Arriving|Activity_done_state,True,Attention|Be_on_alert,True,Be_on_alert|Attention|Activity_pause|Attack|Appeal,news_politics,20,True,True,Attention|Warning,A Protagonist has become aware of a possible Danger (a dangerous event or a Dangerous_entity that might participate in an event harmful to the Protagonist) and is ready to engage in an Activity in response to that Danger. 'All tropps are on high alert for possible intruders following an attack on a nearby compound.' 'we're on alert to stop anyone trying to sneak in.' 'we're on guard for possible sabotage.'
flan_t5_large,encoder_decoder_instruction_model,dynamic_few_shot_lu_rerank,30,15,5,1,"The base was on heightened alert for much of the day , with parts of the installation cleared of personnel and military flights in and out employing defensive measures such as use of chaff and flares .",alert,Be_on_alert,Be_on_alert,Be_on_alert|Attention|Attitude_description|Attention_getting|Arriving|Attack|Assigned_location|Becoming_aware|Adjusting|Architectural_part|Amassing|Being_awake|Animals|Awareness|Annoyance,True,Attention|Be_on_alert,True,Be_on_alert|Attention|Attitude_description|Attention_getting|Arriving,general,37,True,True,Attention|Warning,A Protagonist has become aware of a possible Danger (a dangerous event or a Dangerous_entity that might participate in an event harmful to the Protagonist) and is ready to engage in an Activity in response to that Danger. 'All tropps are on high alert for possible intruders following an attack on a nearby compound.' 'we're on alert to stop anyone trying to sneak in.' 'we're on guard for possible sabotage.'
flan_t5_large,encoder_decoder_instruction_model,dynamic_few_shot_lu_rerank,30,15,5,1,""" General quarters "" was sounded to put the crew on full battle alert as soon as it was realized that the ship was under attack , he said .",alert,Be_on_alert,Be_on_alert,Be_on_alert|Attention|Arriving|Attention_getting|Aggregate|Attack|Attitude_description|Affirm_or_deny|Becoming_visible|Assigned_location|Abounding_with|Activity_finish|Annoyance|Assemble|Amassing,True,Attention|Be_on_alert,True,Be_on_alert|Attention|Arriving|Attention_getting|Aggregate,general,30,True,True,Attention|Warning,A Protagonist has become aware of a possible Danger (a dangerous event or a Dangerous_entity that might participate in an event harmful to the Protagonist) and is ready to engage in an Activity in response to that Danger. 'All tropps are on high alert for possible intruders following an attack on a nearby compound.' 'we're on alert to stop anyone trying to sneak in.' 'we're on guard for possible sabotage.'
flan_t5_large,encoder_decoder_instruction_model,dynamic_few_shot_lu_rerank,30,15,5,1,The House of Mattli was a husband and wife team who were numbered amongst the top ten names in the Incorporated Society of London Fashion Designers .,number,Be_subset_of,UNKNOWN,Be_subset_of|Architectural_part|Attitude_description|Becoming_visible|Arranging|Attributed_information|Appellations|Amounting_to|Age|Adding_up|Accoutrements|Aggregate|Adjacency|Accompaniment|Armor,True,Be_subset_of,True,Be_subset_of|Architectural_part|Attitude_description|Becoming_visible|Arranging,sports,27,True,True,Amounting_to|Cardinal_numbers|Quantified_mass|Quantity,A Part is considered to be a member of the set described by the Total. The relationship between Part and Total subset-superset rather than part-whole (as it is in the frames Part_whole and Including). 'Dr. Nelson numbers among the world?s foremost geotechnical engineering experts.' 'Restaurant-Pizzeria Dante counts among the few restaurants of Florence where you can find good typical Tuscan and fish dishes and a first-class pizza.'
flan_t5_large,encoder_decoder_instruction_model,dynamic_few_shot_lu_rerank,30,15,5,1,Two of the top 10 data-processing firms in Japan are numbered among these subsidiaries : Nippon Business Consultants and Hitachi Software Engineering ( HSE ) .,number,Be_subset_of,UNKNOWN,Be_subset_of|Becoming_a_member|Amounting_to|Amalgamation|Aggregate|Be_in_agreement_on_action|Adding_up|Aiming|Attention_getting|Assessing|Abundance|Appointing|Attributed_information|Architectural_part|Appellations,True,Be_subset_of,True,Be_subset_of|Becoming_a_member|Amounting_to|Amalgamation|Aggregate,news_politics,26,True,True,Amounting_to|Cardinal_numbers|Quantified_mass|Quantity,A Part is considered to be a member of the set described by the Total. The relationship between Part and Total subset-superset rather than part-whole (as it is in the frames Part_whole and Including). 'Dr. Nelson numbers among the world?s foremost geotechnical engineering experts.' 'Restaurant-Pizzeria Dante counts among the few restaurants of Florence where you can find good typical Tuscan and fish dishes and a first-class pizza.'
flan_t5_large,encoder_decoder_instruction_model,dynamic_few_shot_lu_rerank,30,15,5,1,"His enemies in the Party , who were numbered among the brightest and the best , suggested unkindly that his libido was turbo-assisted , and that he traded in his women after two years .",number,Be_subset_of,UNKNOWN,Be_subset_of|Attitude_description|Amounting_to|Aiming|Adding_up|Accompaniment|Beat_opponent|Appellations|Alliance|Attention_getting|Adopt_selection|Appointing|Attack|Attempt_suasion|Aggregate,True,Be_subset_of,True,Be_subset_of|Attitude_description|Amounting_to|Aiming|Adding_up,business,35,True,True,Amounting_to|Cardinal_numbers|Quantified_mass|Quantity,A Part is considered to be a member of the set described by the Total. The relationship between Part and Total subset-superset rather than part-whole (as it is in the frames Part_whole and Including). 'Dr. Nelson numbers among the world?s foremost geotechnical engineering experts.' 'Restaurant-Pizzeria Dante counts among the few restaurants of Florence where you can find good typical Tuscan and fish dishes and a first-class pizza.'
flan_t5_large,encoder_decoder_instruction_model,dynamic_few_shot_lu_rerank,30,15,5,1,"Among his colleagues there was his feoffee John Hoton of Tudhoe , who should probably also be numbered among Gloucester 's Durham associates .",number,Be_subset_of,UNKNOWN,Be_subset_of|Becoming_a_member|Accompaniment|Becoming_visible|Assemble|Appointing|Abundance|Attending|Attributed_information|Arranging|Attitude_description|Alliance|Adjacency|Attention_getting|Amounting_to,True,Be_subset_of,True,Be_subset_of|Becoming_a_member|Accompaniment|Becoming_visible|Assemble,sports,24,True,True,Amounting_to|Cardinal_numbers|Quantified_mass|Quantity,A Part is considered to be a member of the set described by the Total. The relationship between Part and Total subset-superset rather than part-whole (as it is in the frames Part_whole and Including). 'Dr. Nelson numbers among the world?s foremost geotechnical engineering experts.' 'Restaurant-Pizzeria Dante counts among the few restaurants of Florence where you can find good typical Tuscan and fish dishes and a first-class pizza.'
flan_t5_large,encoder_decoder_instruction_model,dynamic_few_shot_lu_rerank,30,15,5,1,"Dying in such a cause , he was to be numbered amongst Christ 's martyrs , much more worthy of the name of Saint Thomas of Canterbury than he whom the Pope falsely before did canonize .",number,Be_subset_of,UNKNOWN,Be_subset_of|Attributed_information|Accompaniment|Atonement|Arriving|Attempt|Amounting_to|Appellations|Actually_occurring_entity|Arson|Appointing|Attitude_description|Attempt_suasion|Abusing|Architectural_part,True,Be_subset_of,True,Be_subset_of|Attributed_information|Accompaniment|Atonement|Arriving,general,37,True,True,Amounting_to|Cardinal_numbers|Quantified_mass|Quantity,A Part is considered to be a member of the set described by the Total. The relationship between Part and Total subset-superset rather than part-whole (as it is in the frames Part_whole and Including). 'Dr. Nelson numbers among the world?s foremost geotechnical engineering experts.' 'Restaurant-Pizzeria Dante counts among the few restaurants of Florence where you can find good typical Tuscan and fish dishes and a first-class pizza.'
flan_t5_large,encoder_decoder_instruction_model,dynamic_few_shot_lu_rerank,30,15,5,1,"With no patron , and numbering himself among men of ` retired lives , and small-grown fortunes "" , his progress in the church was painfully slow , and he probably remained at Duxford until 1647 .",number,Be_subset_of,UNKNOWN,Be_subset_of|Attributed_information|Aging|Becoming_a_member|Accompaniment|Becoming_visible|Age|Becoming|Attitude_description|Abandonment|Arriving|Being_born|Being_active|Agriculture|Activity_ongoing,True,Be_subset_of,True,Be_subset_of|Attributed_information|Aging|Becoming_a_member|Accompaniment,general,37,True,True,Amounting_to|Cardinal_numbers|Quantified_mass|Quantity,A Part is considered to be a member of the set described by the Total. The relationship between Part and Total subset-superset rather than part-whole (as it is in the frames Part_whole and Including). 'Dr. Nelson numbers among the world?s foremost geotechnical engineering experts.' 'Restaurant-Pizzeria Dante counts among the few restaurants of Florence where you can find good typical Tuscan and fish dishes and a first-class pizza.'
flan_t5_large,encoder_decoder_instruction_model,dynamic_few_shot_lu_rerank,30,15,5,1,"Nonetheless , he joined the company in 1970 as a sewing machine mechanic but was soon moved to work on one of the large printers .",join,Becoming_a_member,UNKNOWN,Becoming_a_member|Alliance|Be_subset_of|Attaching|Attempt|Assistance|Being_attached|Bearing_arms|Accompaniment|Becoming|Activity_resume|Achieving_first|Attitude_description|Aggregate|Accomplishment,True,Becoming_a_member,True,Becoming_a_member|Alliance|Be_subset_of|Attaching|Attempt,business,26,True,True,Amalgamation|Attaching|Cause_to_amalgamate,A New_member becomes a member of a socially-constructed Group. 'Seven new members and the three countries joined the alliance five years ago.' 'Most new students enroll in a university without declaring a major.' 'It represents every man and woman who has enlisted in the armed forces to protect our families and serve the community.'
flan_t5_large,encoder_decoder_instruction_model,dynamic_few_shot_lu_rerank,30,15,5,1,He joined United Distillers as managing director for the European Region in June 1990 and became deputy managing director of the company in 1992 .,join,Becoming_a_member,UNKNOWN,Becoming_a_member|Alliance|Be_subset_of|Appointing|Assistance|Becoming|Accompaniment|Attempt|Attending|Be_in_agreement_on_action|Amalgamation|Assemble|Appellations|Attitude_description|Attaching,True,Becoming_a_member,True,Becoming_a_member|Alliance|Be_subset_of|Appointing|Assistance,business,25,True,True,Amalgamation|Attaching|Cause_to_amalgamate,A New_member becomes a member of a socially-constructed Group. 'Seven new members and the three countries joined the alliance five years ago.' 'Most new students enroll in a university without declaring a major.' 'It represents every man and woman who has enlisted in the armed forces to protect our families and serve the community.'
flan_t5_large,encoder_decoder_instruction_model,dynamic_few_shot_lu_rerank,30,15,5,1,"He joined Neilson & Co. in 1846 at their Hyde Park ( Glasgow ) works , becoming a foreman in the locomotive construction department .",join,Becoming_a_member,UNKNOWN,Becoming_a_member|Alliance|Accompaniment|Be_subset_of|Assemble|Assistance|Attaching|Achieving_first|Aggregate|Architectural_part|Attention_getting|Activity_finish|Assigned_location|Appointing|Becoming,True,Becoming_a_member,True,Becoming_a_member|Alliance|Accompaniment|Be_subset_of|Assemble,general,25,True,True,Amalgamation|Attaching|Cause_to_amalgamate,A New_member becomes a member of a socially-constructed Group. 'Seven new members and the three countries joined the alliance five years ago.' 'Most new students enroll in a university without declaring a major.' 'It represents every man and woman who has enlisted in the armed forces to protect our families and serve the community.'
flan_t5_large,encoder_decoder_instruction_model,dynamic_few_shot_lu_rerank,30,15,5,1,The Portuguese escudo joined the exchange rate mechanism ( ERM ) of the European monetary system ( EMS ) on April 6 .,join,Becoming_a_member,UNKNOWN,Becoming_a_member|Alliance|Amalgamation|Be_in_agreement_on_action|Attending|Attention|Architectural_part|Aggregate|Assemble|Attention_getting|Attaching|Adducing|Accompaniment|Assistance|Activity_ready_state,True,Becoming_a_member,True,Becoming_a_member|Alliance|Amalgamation|Be_in_agreement_on_action|Attending,general,23,True,True,Amalgamation|Attaching|Cause_to_amalgamate,A New_member becomes a member of a socially-constructed Group. 'Seven new members and the three countries joined the alliance five years ago.' 'Most new students enroll in a university without declaring a major.' 'It represents every man and woman who has enlisted in the armed forces to protect our families and serve the community.'
flan_t5_large,encoder_decoder_instruction_model,dynamic_few_shot_lu_rerank,30,15,5,1,"Obviously we are hoping David Johnson will join us , and we are confident Kevin Westgarth will stay . """,join,Becoming_a_member,UNKNOWN,Becoming_a_member|Alliance|Attempt|Attitude_description|Attempt_suasion|Assistance|Attention|Assemble|Becoming|Attention_getting|Activity_ready_state|Affirm_or_deny|Aiming|Be_in_agreement_on_action|Attaching,True,Becoming_a_member,True,Becoming_a_member|Alliance|Attempt|Attitude_description|Attempt_suasion,general,20,True,True,Amalgamation|Attaching|Cause_to_amalgamate,A New_member becomes a member of a socially-constructed Group. 'Seven new members and the three countries joined the alliance five years ago.' 'Most new students enroll in a university without declaring a major.' 'It represents every man and woman who has enlisted in the armed forces to protect our families and serve the community.'
flan_t5_large,encoder_decoder_instruction_model,dynamic_few_shot_lu_rerank,30,15,5,1,Particular regions on the coat proteins of viruses must bind to receptor molecules in the cell membrane before the viruses can enter animal cells .,bind,Becoming_attached,Attaching,Becoming_attached|Active_substance|Be_in_agreement_on_action|Attaching|Adducing|Attention_getting|Attempt|Attempt_suasion|Activity_ready_state|Being_attached|Appointing|Armor|Adjacency|Adjusting|Bearing_arms,True,Becoming_attached,True,Becoming_attached|Active_substance|Be_in_agreement_on_action|Attaching|Adducing,science_medical,25,True,True,Attaching|Imposing_obligation|Predicament,"An Item comes to be attached to a Goal, with a Connector forming a bond between the Handle of the Item and the Goal (or some part of it). Alternatively, multiple Items may form a bond between each other. 'According to plan, the front part of the hull quietly attached to the docking gear.' 'The cells bind together.'"
flan_t5_large,encoder_decoder_instruction_model,dynamic_few_shot_lu_rerank,30,15,5,1,"The SAM molecules bind to the faces of the repressors , remote from the DNA , with their positively charged sulphur atoms lying at the carboxy termini of the B helices , as in the holorepressor structure .",bind,Becoming_attached,Attaching,Becoming_attached|Being_attached|Attaching|Attitude_description|Adducing|Attention_getting|Attempt_suasion|Activity_ready_state|Be_in_agreement_on_action|Becoming_detached|Accompaniment|Becoming_visible|Bearing_arms|Assistance|Actually_occurring_entity,True,Becoming_attached,True,Becoming_attached|Being_attached|Attaching|Attitude_description|Adducing,daily_life,38,True,True,Attaching|Imposing_obligation|Predicament,"An Item comes to be attached to a Goal, with a Connector forming a bond between the Handle of the Item and the Goal (or some part of it). Alternatively, multiple Items may form a bond between each other. 'According to plan, the front part of the hull quietly attached to the docking gear.' 'The cells bind together.'"
flan_t5_large,encoder_decoder_instruction_model,dynamic_few_shot_lu_rerank,30,15,5,1,"A pounce , the cheetah 's jaws fasten on the gazelle 's throat , and it is quickly throttled to death .",fasten,Becoming_attached,UNKNOWN,Attaching|Becoming_attached|Attention_getting|Aiming|Becoming_silent|Bearing_arms|Attention|Arriving|Ammunition|Becoming_aware|Adjusting|Aggregate|Becoming|Abounding_with|Accompaniment,True,Attaching|Becoming_attached,True,Attaching|Becoming_attached|Attention_getting|Aiming|Becoming_silent,general,22,True,True,Attaching|Closure,"An Item comes to be attached to a Goal, with a Connector forming a bond between the Handle of the Item and the Goal (or some part of it). Alternatively, multiple Items may form a bond between each other. 'According to plan, the front part of the hull quietly attached to the docking gear.' 'The cells bind together.'"
flan_t5_large,encoder_decoder_instruction_model,dynamic_few_shot_lu_rerank,30,15,5,1,"But as he went in , something landed on his back and he felt strong , sinewy hands fasten round his throat .",fasten,Becoming_attached,UNKNOWN,Attaching|Becoming_attached|Bearing_arms|Becoming_silent|Arriving|Accompaniment|Being_detached|Being_attached|Attention_getting|Aiming|Adjusting|Assistance|Becoming_visible|Attempt|Attack,True,Attaching|Becoming_attached,True,Attaching|Becoming_attached|Bearing_arms|Becoming_silent|Arriving,general,23,True,True,Attaching|Closure,"An Item comes to be attached to a Goal, with a Connector forming a bond between the Handle of the Item and the Goal (or some part of it). Alternatively, multiple Items may form a bond between each other. 'According to plan, the front part of the hull quietly attached to the docking gear.' 'The cells bind together.'"
flan_t5_large,encoder_decoder_instruction_model,dynamic_few_shot_lu_rerank,30,15,5,1,"On the journey our eldest child picked up bubonic plague , and when the steamer moored at Chauk my wife managed to get medicines from the BOC Hospital shortly before it closed .",moor,Becoming_attached,UNKNOWN,Becoming_attached|Abounding_with|Arriving|Accompaniment|Attending|Agriculture|Becoming_aware|Activity_ready_state|Activity_start|Being_detached|Assigned_location|Activity_done_state|Activity_finish|Activity_resume|Abandonment,True,Becoming_attached,True,Becoming_attached|Abounding_with|Arriving|Accompaniment|Attending,sports,33,True,True,Attaching|Biological_area,"An Item comes to be attached to a Goal, with a Connector forming a bond between the Handle of the Item and the Goal (or some part of it). Alternatively, multiple Items may form a bond between each other. 'According to plan, the front part of the hull quietly attached to the docking gear.' 'The cells bind together.'"
flan_t5_large,encoder_decoder_instruction_model,dynamic_few_shot_lu_rerank,30,15,5,1,"Both vessels moored alongside the main jetty in the Royal Navy dockyard , and Eden was there to greet his guests on what he hoped would be an historic visit .",moor,Becoming_attached,UNKNOWN,Becoming_attached|Aesthetics|Attention_getting|Accompaniment|Arriving|Becoming_visible|Abounding_with|Attitude_description|Being_detached|Becoming_aware|Adjacency|Attention|Architectural_part|Attempt_suasion|Becoming_separated,True,Becoming_attached,True,Becoming_attached|Aesthetics|Attention_getting|Accompaniment|Arriving,general,31,True,True,Attaching|Biological_area,"An Item comes to be attached to a Goal, with a Connector forming a bond between the Handle of the Item and the Goal (or some part of it). Alternatively, multiple Items may form a bond between each other. 'According to plan, the front part of the hull quietly attached to the docking gear.' 'The cells bind together.'"
flan_t5_large,encoder_decoder_instruction_model,dynamic_few_shot_lu_rerank,30,15,5,1,"Moreover , particularly when a complex is relatively unstable , the bound protein can detach from the protected DNA fragment and reassociate to other DNA fragments that have already been modified by DMS .",detach,Becoming_detached,UNKNOWN,Becoming_detached|Becoming_attached|Being_attached|Becoming_separated|Adducing|Being_detached|Attaching|Attempt_suasion|Adjusting|Amalgamation|Becoming|Active_substance|Bearing_arms|Being_at_risk|Adjacency,True,Becoming_detached,True,Becoming_detached|Becoming_attached|Being_attached|Becoming_separated|Adducing,general,34,True,True,Attaching|Detaching,"The Becoming_detached frame covers two situations: a scene in which one thing comes to be physically detached from something else; or a scene in which two things come to be disconnected from each other. In the first, the frame includes an Item that detaches from a Source, creating an asymmetric relationship between the Item and the Source. In the second, the Items detach from each other, where each serves as a Source relative to the other, creating a symmetric relationship between the two Items. The Items that were formerly attached re-appear as the two separate or potentially separate entities that they were throughout. 'The ship became decoupled from the dock.'"
flan_t5_large,encoder_decoder_instruction_model,dynamic_few_shot_lu_rerank,30,15,5,1,"His hand moved to his chest and felt the nipples intact but saliva like blood drying quickly , only the throbbing tenderness remained .",dry,Becoming_dry,UNKNOWN,Becoming_dry|Becoming_silent|Being_attached|Becoming_attached|Attempt_suasion|Accompaniment|Absorb_heat|Apply_heat|Being_detached|Activity_ready_state|Becoming_visible|Affirm_or_deny|Attaching|Agree_or_refuse_to_act|Bail_decision,True,Becoming_dry,True,Becoming_dry|Becoming_silent|Being_attached|Becoming_attached|Attempt_suasion,general,24,True,True,Being_dry|Cause_to_be_dry|Preserving,An Entity loses moisture with the outcome of being in a dry state. 'The slab dries very quickly.'
flan_t5_large,encoder_decoder_instruction_model,dynamic_few_shot_lu_rerank,30,15,5,1,"It is much better to err on the side of lightness , especially as gouache paint is much darker when it has dried .",dry,Becoming_dry,UNKNOWN,Becoming_dry|Ambient_temperature|Attention|Adjusting|Appellations|Absorb_heat|Aesthetics|Artistic_style|Adopt_selection|Accuracy|Attitude_description|Adjacency|Becoming_aware|Apply_heat|Abounding_with,True,Becoming_dry,True,Becoming_dry|Ambient_temperature|Attention|Adjusting|Appellations,general,24,True,True,Being_dry|Cause_to_be_dry|Preserving,An Entity loses moisture with the outcome of being in a dry state. 'The slab dries very quickly.'
flan_t5_large,encoder_decoder_instruction_model,dynamic_few_shot_lu_rerank,30,15,5,1,"After that coat of paint has dried , a clear flat coat will be applied over the first that will produce a matt surface which will not fingerprint or stain .",dry,Becoming_dry,UNKNOWN,Becoming_dry|Becoming_visible|Absorb_heat|Activity_done_state|Abounding_with|Activity_finish|Activity_ready_state|Adjacency|Activity_resume|Atonement|Becoming_attached|Ambient_temperature|Affirm_or_deny|Amalgamation|Being_attached,True,Becoming_dry,True,Becoming_dry|Becoming_visible|Absorb_heat|Activity_done_state|Abounding_with,general,31,True,True,Being_dry|Cause_to_be_dry|Preserving,An Entity loses moisture with the outcome of being in a dry state. 'The slab dries very quickly.'
flan_t5_large,encoder_decoder_instruction_model,dynamic_few_shot_lu_rerank,30,15,5,1,"The radial shields are large , longer than broad , sometimes contiguous but usually separated by a single row of plates .",separate,Becoming_separated,UNKNOWN,Becoming_separated|Aggregate|Amalgamation|Becoming_detached|Attention_getting|Attitude_description|Bearing_arms|Architectural_part|Arriving|Adjacency|Being_detached|Be_subset_of|Alliance|Armor|Attaching,True,Becoming_separated,True,Becoming_separated|Aggregate|Amalgamation|Becoming_detached|Attention_getting,general,22,True,True,Differentiation|Forming_relationships|Separating,"A Whole separates into Parts, or one part of a whole, called Part_1, becomes separate from the remaining portion, Part_2. 'This small channel meanders through marsh and wetland, splitting into several smaller channels that empty into Lake St. Clair.' 'Just crack one open and if the yoke quickly separates from the whites, they are probably bad.'"
flan_t5_large,encoder_decoder_instruction_model,dynamic_few_shot_lu_rerank,30,15,5,1,It is often more useful for the historian to compare types of local community which are widely separated from each other than to make comparisons with nearby settlements .,separate,Becoming_separated,UNKNOWN,Becoming_separated|Abundance|Adjacency|Amalgamation|Alliance|Accompaniment|Be_subset_of|Abounding_with|Attitude_description|Be_in_agreement_on_assessment|Accuracy|Architectural_part|Assistance|Adopt_selection|Becoming_detached,True,Becoming_separated,True,Becoming_separated|Abundance|Adjacency|Amalgamation|Alliance,general,29,True,True,Differentiation|Forming_relationships|Separating,"A Whole separates into Parts, or one part of a whole, called Part_1, becomes separate from the remaining portion, Part_2. 'This small channel meanders through marsh and wetland, splitting into several smaller channels that empty into Lake St. Clair.' 'Just crack one open and if the yoke quickly separates from the whites, they are probably bad.'"
flan_t5_large,encoder_decoder_instruction_model,dynamic_few_shot_lu_rerank,30,15,5,1,"The lenders are being separated into country groups -- Britain , the United States and Canada -- and then separated again into separate projects .",separate,Becoming_separated,UNKNOWN,Becoming_separated|Amalgamation|Alliance|Becoming_a_member|Becoming_detached|Be_subset_of|Architectural_part|Be_in_agreement_on_action|Attaching|Accompaniment|Adjacency|Aggregate|Being_attached|Being_detached|Becoming,True,Becoming_separated,True,Becoming_separated|Amalgamation|Alliance|Becoming_a_member|Becoming_detached,general,25,True,True,Differentiation|Forming_relationships|Separating,"A Whole separates into Parts, or one part of a whole, called Part_1, becomes separate from the remaining portion, Part_2. 'This small channel meanders through marsh and wetland, splitting into several smaller channels that empty into Lake St. Clair.' 'Just crack one open and if the yoke quickly separates from the whites, they are probably bad.'"
flan_t5_large,encoder_decoder_instruction_model,dynamic_few_shot_lu_rerank,30,15,5,1,"A family with a rounded flat disk covered by small imbricating plates amongst which the centrodorsal and primary plates usually distinct ; the radial shields small , length less than half the radius of the disk , well separated from one another ; the jaw broader or as broad as long ; usually one sometimes two apical papillae flanked by 5-7 oral papillae on each side the distalmost slightly curved and extending beneath the largest oral papilla just proximal to it , it is possible that this distalmost papillae is part of the second oral tentacle pore ; the adoral shields large and wing-like ; the oral shield large , rounded triangular or arrow shaped , usually longer than broad ; the arms long and slender ; the dorsal and ventral arm plates well developed and contiguous at least proximally ; the tentacle pores moderately large each armed with one or two flat leaf-like tentacle scales ; usually three times long , erect arm spines , equal in length to two arm segments .",separate,Becoming_separated,Becoming_separated,Becoming_separated|Adjacency|Amalgamation|Adducing|Becoming_silent|Becoming_detached|Attitude_description|Becoming_attached|Bearing_arms|Attaching|Being_detached|Architectural_part|Becoming_visible|Actually_occurring_entity|Being_attached,True,Becoming_separated,True,Becoming_separated|Adjacency|Amalgamation|Adducing|Becoming_silent,daily_life,174,True,True,Differentiation|Forming_relationships|Separating,"A Whole separates into Parts, or one part of a whole, called Part_1, becomes separate from the remaining portion, Part_2. 'This small channel meanders through marsh and wetland, splitting into several smaller channels that empty into Lake St. Clair.' 'Just crack one open and if the yoke quickly separates from the whites, they are probably bad.'"
flan_t5_large,encoder_decoder_instruction_model,dynamic_few_shot_lu_rerank,30,15,5,1,"A photograph of the candidate standing in his Army uniform next to his mother is shown , then the advertisement shifts to McCall talking about education , while images of the candidate looking at a computer screen with a small child and of him surrounded by children appear .",appear,Becoming_visible,UNKNOWN,Becoming_visible|Attitude_description|Attention_getting|Actually_occurring_entity|Aiming|Arriving|Bearing_arms|Becoming_aware|Attention|Assistance|Attending|Assigned_location|Appellations|Adopt_selection|Behind_the_scenes,True,Becoming_visible,True,Becoming_visible|Attitude_description|Attention_getting|Actually_occurring_entity|Aiming,daily_life,49,True,True,Arriving|Circumscribed_existence|Coming_to_be|Give_impression|Performers_and_roles,An Entity that is previously not visible to a Perceiver becomes visible. 'The armada appeared on the horizon at sunset.' 'The captain ordered his men to dig at the X and the corner of a chest appeared.'
flan_t5_large,encoder_decoder_instruction_model,dynamic_few_shot_lu_rerank,30,15,5,1,"However , when I highlighted antecedent , what appeared on the screen was the same list of synonyms but with antecedent missing , and preceding had reappeared .",appear,Becoming_visible,UNKNOWN,Becoming_visible|Actually_occurring_entity|Becoming_aware|Awareness_status|Adjacency|Attitude_description|Arriving|Attempt|Amalgamation|Architectural_part|Affirm_or_deny|Accompaniment|Abounding_with|Aggregate|Alliance,True,Becoming_visible,True,Becoming_visible|Actually_occurring_entity|Becoming_aware|Awareness_status|Adjacency,general,28,True,True,Arriving|Circumscribed_existence|Coming_to_be|Give_impression|Performers_and_roles,An Entity that is previously not visible to a Perceiver becomes visible. 'The armada appeared on the horizon at sunset.' 'The captain ordered his men to dig at the X and the corner of a chest appeared.'
flan_t5_large,encoder_decoder_instruction_model,dynamic_few_shot_lu_rerank,30,15,5,1,"The words `` His resume is an American dream , '' a quotation from Time magazine , appear on the screen .",appear,Becoming_visible,UNKNOWN,Becoming_visible|Attitude_description|Activity_ongoing|Actually_occurring_entity|Being_awake|Accomplishment|Attention_getting|Activity_resume|Attributed_information|Activity_ready_state|Attention|Appellations|Achieving_first|Attempt_suasion|Addiction,True,Becoming_visible,True,Becoming_visible|Attitude_description|Activity_ongoing|Actually_occurring_entity|Being_awake,general,22,True,True,Arriving|Circumscribed_existence|Coming_to_be|Give_impression|Performers_and_roles,An Entity that is previously not visible to a Perceiver becomes visible. 'The armada appeared on the horizon at sunset.' 'The captain ordered his men to dig at the X and the corner of a chest appeared.'
flan_t5_large,encoder_decoder_instruction_model,dynamic_few_shot_lu_rerank,30,15,5,1,"Only one thing made me a little suspicious when cranking up the system : in the descriptive text that appears on the screen , the word labeled is spelt `` labelled '' —decidedly un-American .",appear,Becoming_visible,UNKNOWN,Becoming_visible|Becoming_aware|Attitude_description|Actually_occurring_entity|Artificiality|Awareness_status|Attention|Amounting_to|Annoyance|Bearing_arms|Attention_getting|Artifact|Amassing|Attributed_information|Affirm_or_deny,True,Becoming_visible,True,Becoming_visible|Becoming_aware|Attitude_description|Actually_occurring_entity|Artificiality,general,35,True,True,Arriving|Circumscribed_existence|Coming_to_be|Give_impression|Performers_and_roles,An Entity that is previously not visible to a Perceiver becomes visible. 'The armada appeared on the horizon at sunset.' 'The captain ordered his men to dig at the X and the corner of a chest appeared.'
flan_t5_large,encoder_decoder_instruction_model,dynamic_few_shot_lu_rerank,30,15,5,1,"Greene remarked on how seldom the nation 's directors used the camera ` to establish a scene , a way of life , with which he and his audience are familiar . """,director,Behind_the_scenes,UNKNOWN,Behind_the_scenes|Attitude_description|Actually_occurring_entity|Becoming_visible|Attention_getting|Achieving_first|Becoming_aware|Attempt_suasion|Arriving|Accompaniment|Awareness_status|Assistance|Awareness|Abounding_with|Attempt_means,True,Behind_the_scenes,True,Behind_the_scenes|Attitude_description|Actually_occurring_entity|Becoming_visible|Attention_getting,general,33,True,True,Appellations|Leadership|People_by_vocation,"Artists work at various tasks that further the completion of a film, play, television show, or other similar Production. Artists never appear on stage or in front of a camera. Some (e.g., a director) may interact with the actors (on-screen participants) of the Production. Often times a particular Production is made for distribution by a Distributor, by a particular Studio, or in a specific Medium. The Artists may be categorized into Type or work in specific Medium. 'Steven Spielberg directed several films for Universal Pictures.' 'Universal Pictures and Amblin Entertainment produced Jurassic Park for MCA.' 'Surprisingly, this film producer was willing to work for a cable company.' 'Independent producers often win big at smaller film festivals.'"
flan_t5_large,encoder_decoder_instruction_model,dynamic_few_shot_lu_rerank,30,15,5,1,"The solution to this problem was for Mrs Whitehouse personally to take a private prosecution of the play 's director , Michael Bogdanov .",director,Behind_the_scenes,UNKNOWN,Behind_the_scenes|Appeal|Accompaniment|Assistance|Attempt|Appointing|Avoiding|Bail_decision|Attempt_means|Attempt_suasion|Actually_occurring_entity|Appellations|Arraignment|Adjusting|Arson,True,Behind_the_scenes,True,Behind_the_scenes|Appeal|Accompaniment|Assistance|Attempt,general,24,True,True,Appellations|Leadership|People_by_vocation,"Artists work at various tasks that further the completion of a film, play, television show, or other similar Production. Artists never appear on stage or in front of a camera. Some (e.g., a director) may interact with the actors (on-screen participants) of the Production. Often times a particular Production is made for distribution by a Distributor, by a particular Studio, or in a specific Medium. The Artists may be categorized into Type or work in specific Medium. 'Steven Spielberg directed several films for Universal Pictures.' 'Universal Pictures and Amblin Entertainment produced Jurassic Park for MCA.' 'Surprisingly, this film producer was willing to work for a cable company.' 'Independent producers often win big at smaller film festivals.'"
flan_t5_large,encoder_decoder_instruction_model,dynamic_few_shot_lu_rerank,30,15,5,1,"Notably , he ran up against director Henry Hathaway who was known as one of the toughest directors in the business , and Hopper had a minor role in From Hell to Texas .",director,Behind_the_scenes,UNKNOWN,Behind_the_scenes|Attempt|Attributed_information|Appointing|Avoiding|Amassing|Attempt_suasion|Attitude_description|Actually_occurring_entity|Assistance|Appeal|Appellations|Bearing_arms|Be_subset_of|Aiming,True,Behind_the_scenes,True,Behind_the_scenes|Attempt|Attributed_information|Appointing|Avoiding,general,34,True,True,Appellations|Leadership|People_by_vocation,"Artists work at various tasks that further the completion of a film, play, television show, or other similar Production. Artists never appear on stage or in front of a camera. Some (e.g., a director) may interact with the actors (on-screen participants) of the Production. Often times a particular Production is made for distribution by a Distributor, by a particular Studio, or in a specific Medium. The Artists may be categorized into Type or work in specific Medium. 'Steven Spielberg directed several films for Universal Pictures.' 'Universal Pictures and Amblin Entertainment produced Jurassic Park for MCA.' 'Surprisingly, this film producer was willing to work for a cable company.' 'Independent producers often win big at smaller film festivals.'"
flan_t5_large,encoder_decoder_instruction_model,dynamic_few_shot_lu_rerank,30,15,5,1,"For the Royal Family to remain secure they have to remain aloof -- I do not believe that is right , but that is what they should have done .",secure,Being_at_risk,UNKNOWN,Being_at_risk|Armor|Atonement|Activity_ongoing|Affirm_or_deny|Becoming|Be_on_alert|Attempt_suasion|Authority|Accompaniment|Be_in_agreement_on_action|Abandonment|Alliance|Attempt|Bearing_arms,True,Being_at_risk,True,Being_at_risk|Armor|Atonement|Activity_ongoing|Affirm_or_deny,daily_life,30,True,True,Attaching|Getting|Protecting|Taking_captive,"An Asset is in a state where it is exposed to or otherwise liable to be affected by a Harmful_event, which may be metonymically evoked by reference to a Dangerous_entity. Words expressing relative safety (i.e., lack of risk) are also in this frame. 'If you are a farmer, you are at risk for hearing loss caused by noise exposure in your work.' 'No child is secure from the temptation to do what ""my friends"" are doing.' 'Our nation is making a disastrous mistake thinking that we can have security from people: There is only security with people. ' 'You don't have security against impersonation unless you have security against eavesdropping.'"
flan_t5_large,encoder_decoder_instruction_model,dynamic_few_shot_lu_rerank,30,15,5,1,"In the past , firms not authorised for investment business could feel fairly secure in the knowledge that if they did stray into it they would only be investigated in the event of a complaint .",secure,Being_at_risk,UNKNOWN,Being_at_risk|Avoiding|Attempt|Affirm_or_deny|Agree_or_refuse_to_act|Bearing_arms|Attitude_description|Atonement|Adjusting|Armor|Abandonment|Be_in_agreement_on_action|Actually_occurring_entity|Be_on_alert|Artificiality,True,Being_at_risk,True,Being_at_risk|Avoiding|Attempt|Affirm_or_deny|Agree_or_refuse_to_act,general,36,True,True,Attaching|Getting|Protecting|Taking_captive,"An Asset is in a state where it is exposed to or otherwise liable to be affected by a Harmful_event, which may be metonymically evoked by reference to a Dangerous_entity. Words expressing relative safety (i.e., lack of risk) are also in this frame. 'If you are a farmer, you are at risk for hearing loss caused by noise exposure in your work.' 'No child is secure from the temptation to do what ""my friends"" are doing.' 'Our nation is making a disastrous mistake thinking that we can have security from people: There is only security with people. ' 'You don't have security against impersonation unless you have security against eavesdropping.'"
flan_t5_large,encoder_decoder_instruction_model,dynamic_few_shot_lu_rerank,30,15,5,1,"Actually , they were feeling quite secure at the time for the Museum building was hurricane proof , one of the strongest around .",secure,Being_at_risk,UNKNOWN,Being_at_risk|Be_on_alert|Bearing_arms|Armor|Attaching|Attention|Attack|Becoming_aware|Becoming_visible|Attitude_description|Arriving|Animals|Avoiding|Artificiality|Being_attached,True,Being_at_risk,True,Being_at_risk|Be_on_alert|Bearing_arms|Armor|Attaching,general,24,True,True,Attaching|Getting|Protecting|Taking_captive,"An Asset is in a state where it is exposed to or otherwise liable to be affected by a Harmful_event, which may be metonymically evoked by reference to a Dangerous_entity. Words expressing relative safety (i.e., lack of risk) are also in this frame. 'If you are a farmer, you are at risk for hearing loss caused by noise exposure in your work.' 'No child is secure from the temptation to do what ""my friends"" are doing.' 'Our nation is making a disastrous mistake thinking that we can have security from people: There is only security with people. ' 'You don't have security against impersonation unless you have security against eavesdropping.'"
flan_t5_large,encoder_decoder_instruction_model,dynamic_few_shot_lu_rerank,30,15,5,1,The onus must now be on the industry to provide more secure machines and on users to make sure that their own security procedures ( including the simple step of locking office doors ) is unimpeachable .,secure,Being_at_risk,UNKNOWN,Being_at_risk|Be_on_alert|Atonement|Authority|Activity_ready_state|Activity_pause|Attention|Be_in_agreement_on_action|Be_in_agreement_on_assessment|Affirm_or_deny|Bearing_arms|Attempt|Adjusting|Activity_start|Becoming_visible,True,Being_at_risk,True,Being_at_risk|Be_on_alert|Atonement|Authority|Activity_ready_state,business,37,True,True,Attaching|Getting|Protecting|Taking_captive,"An Asset is in a state where it is exposed to or otherwise liable to be affected by a Harmful_event, which may be metonymically evoked by reference to a Dangerous_entity. Words expressing relative safety (i.e., lack of risk) are also in this frame. 'If you are a farmer, you are at risk for hearing loss caused by noise exposure in your work.' 'No child is secure from the temptation to do what ""my friends"" are doing.' 'Our nation is making a disastrous mistake thinking that we can have security from people: There is only security with people. ' 'You don't have security against impersonation unless you have security against eavesdropping.'"
flan_t5_large,encoder_decoder_instruction_model,dynamic_few_shot_lu_rerank,30,15,5,1,Software users should operate secure and efficient housekeeping systems to reduce the danger of unauthorized copies being made of programs .,secure,Being_at_risk,UNKNOWN,Being_at_risk|Attitude_description|Attempt|Artificiality|Architectural_part|Be_in_agreement_on_assessment|Avoiding|Armor|Bearing_arms|Artifact|Attempt_means|Achieving_first|Authority|Assistance|Affirm_or_deny,True,Being_at_risk,True,Being_at_risk|Attitude_description|Attempt|Artificiality|Architectural_part,news_politics,21,True,True,Attaching|Getting|Protecting|Taking_captive,"An Asset is in a state where it is exposed to or otherwise liable to be affected by a Harmful_event, which may be metonymically evoked by reference to a Dangerous_entity. Words expressing relative safety (i.e., lack of risk) are also in this frame. 'If you are a farmer, you are at risk for hearing loss caused by noise exposure in your work.' 'No child is secure from the temptation to do what ""my friends"" are doing.' 'Our nation is making a disastrous mistake thinking that we can have security from people: There is only security with people. ' 'You don't have security against impersonation unless you have security against eavesdropping.'"
flan_t5_large,encoder_decoder_instruction_model,dynamic_few_shot_lu_rerank,30,15,5,1,"Leeds Education Authority has abandoned plans for ` drastic "" cuts in travel subsidies for some Catholic students .",abandon,Abandonment,Abandonment,Abandonment|Attempt|Arriving|Becoming|Attempt_suasion|Agree_or_refuse_to_act|Activity_stop|Assistance|Being_detached|Accomplishment|Affirm_or_deny|Accompaniment|Alliance|Attitude_description|Becoming_detached,True,Abandonment,True,Abandonment|Attempt|Arriving|Becoming|Attempt_suasion,general,19,False,True,Activity_stop|Quitting_a_place,An Agent leaves behind a Theme effectively rendering it no longer within their control or of the normal security as one's property. 'Carolyn abandoned her car and jumped on a red double decker bus.' 'Perhaps he left the key in the ignition' 'Abandonment of a child is considered to be a serious crime in many jurisdictions.' There are also metaphorically used examples: 'She left her old ways behind .'
flan_t5_large,encoder_decoder_instruction_model,dynamic_few_shot_lu_rerank,30,15,5,1,"Morton drifted into the grand salon , which was teeming with people .",teem,Abounding_with,UNKNOWN,Abounding_with|Becoming|Architectural_part|Attitude_description|Becoming_aware|Accompaniment|Becoming_visible|Attention_getting|Assemble|Attaching|Arriving|Achieving_first|Amassing|Being_detached|Adjusting,True,Abounding_with,True,Abounding_with|Becoming|Architectural_part|Attitude_description|Becoming_aware,general,13,False,True,Abundance|Mass_motion,"A Location is filled or covered with the Theme. The Location is realized as the External Argument, and the Theme either as PP complement headed by with, in or of. NB: This frame does not include uses of adjectives like paved when they merely specify the Type of some location, as in ""paved and unpaved roads"". 'The waters of the bay teemed with fish.' 'The waters of the bay were teeming with fish.' 'The road was completely covered in mud.'"
flan_t5_large,encoder_decoder_instruction_model,dynamic_few_shot_lu_rerank,30,15,5,1,"If the Universe is teeming with technological civilizations , why have they not come to visit us ?",teem,Abounding_with,UNKNOWN,Abounding_with|Attention_getting|Becoming_visible|Arriving|Artifact|Becoming_aware|Becoming|Attitude_description|Attempt|Assemble|Amassing|Attending|Becoming_a_member|Attention|Abundance,True,Abounding_with,True,Abounding_with|Attention_getting|Becoming_visible|Arriving|Artifact,general,18,False,True,Abundance|Mass_motion,"A Location is filled or covered with the Theme. The Location is realized as the External Argument, and the Theme either as PP complement headed by with, in or of. NB: This frame does not include uses of adjectives like paved when they merely specify the Type of some location, as in ""paved and unpaved roads"". 'The waters of the bay teemed with fish.' 'The waters of the bay were teeming with fish.' 'The road was completely covered in mud.'"
flan_t5_large,encoder_decoder_instruction_model,dynamic_few_shot_lu_rerank,30,15,5,1,"Until the 1940s , its beaches teemed with wildlife .",teem,Abounding_with,UNKNOWN,Abounding_with|Becoming_aware|Aesthetics|Becoming|Abundance|Aging|Bearing_arms|Arriving|Ambient_temperature|Amassing|Animals|Attitude_description|Being_detached|Ammunition|Architectural_part,True,Abounding_with,True,Abounding_with|Becoming_aware|Aesthetics|Becoming|Abundance,general,10,False,True,Abundance|Mass_motion,"A Location is filled or covered with the Theme. The Location is realized as the External Argument, and the Theme either as PP complement headed by with, in or of. NB: This frame does not include uses of adjectives like paved when they merely specify the Type of some location, as in ""paved and unpaved roads"". 'The waters of the bay teemed with fish.' 'The waters of the bay were teeming with fish.' 'The road was completely covered in mud.'"
flan_t5_large,encoder_decoder_instruction_model,dynamic_few_shot_lu_rerank,30,15,5,1,The wild pigs on the spit sizzled gently .,sizzle,Absorb_heat,UNKNOWN,Absorb_heat|Aiming|Ammunition|Abounding_with|Attitude_description|Attention|Becoming_silent|Animals|Bearing_arms|Attention_getting|Accompaniment|Becoming_aware|Apply_heat|Attempt|Agriculture,True,Absorb_heat,True,Absorb_heat|Aiming|Ammunition|Abounding_with|Attitude_description,general,9,False,True,Make_noise|Sounds,"An Entity (generally food) is exposed to a Heat_source whose Temperature may also be specified. Generally, the Entity undergoes some sort of change as a result of this process. 'Bacon was frying in the pan, and a great heap of eggs already lay steaming on a plate.' 'If it cooks at 400 for an hour, it 'll be nothing but a pile of ash!'"
flan_t5_large,encoder_decoder_instruction_model,dynamic_few_shot_lu_rerank,30,15,5,1,"Breakfast of sausage , egg and chips was sizzling over camp-fires .",sizzle,Absorb_heat,UNKNOWN,Absorb_heat|Apply_heat|Architectural_part|Attitude_description|Attack|Becoming_aware|Attempt|Aiming|Arriving|Activity_ready_state|Animals|Ammunition|Attention|Agriculture|Aggregate,True,Absorb_heat,True,Absorb_heat|Apply_heat|Architectural_part|Attitude_description|Attack,general,12,False,True,Make_noise|Sounds,"An Entity (generally food) is exposed to a Heat_source whose Temperature may also be specified. Generally, the Entity undergoes some sort of change as a result of this process. 'Bacon was frying in the pan, and a great heap of eggs already lay steaming on a plate.' 'If it cooks at 400 for an hour, it 'll be nothing but a pile of ash!'"
flan_t5_large,encoder_decoder_instruction_model,dynamic_few_shot_lu_rerank,30,15,5,1,"The torsos sizzle in their own fat , swell and explode . """,sizzle,Absorb_heat,UNKNOWN,Absorb_heat|Ammunition|Bearing_arms|Aiming|Architectural_part|Aggregate|Becoming_visible|Accomplishment|Attention_getting|Being_detached|Being_attached|Attaching|Arriving|Attack|Becoming,True,Absorb_heat,True,Absorb_heat|Ammunition|Bearing_arms|Aiming|Architectural_part,general,13,False,True,Make_noise|Sounds,"An Entity (generally food) is exposed to a Heat_source whose Temperature may also be specified. Generally, the Entity undergoes some sort of change as a result of this process. 'Bacon was frying in the pan, and a great heap of eggs already lay steaming on a plate.' 'If it cooks at 400 for an hour, it 'll be nothing but a pile of ash!'"
flan_t5_large,encoder_decoder_instruction_model,dynamic_few_shot_lu_rerank,30,15,5,1,She did this now and the spit sizzled on the iron .,sizzle,Absorb_heat,UNKNOWN,Absorb_heat|Accomplishment|Aiming|Ammunition|Apply_heat|Achieving_first|Becoming_aware|Attempt|Becoming_silent|Attempt_suasion|Accompaniment|Architectural_part|Attitude_description|Arriving|Becoming_visible,True,Absorb_heat,True,Absorb_heat|Accomplishment|Aiming|Ammunition|Apply_heat,general,12,False,True,Make_noise|Sounds,"An Entity (generally food) is exposed to a Heat_source whose Temperature may also be specified. Generally, the Entity undergoes some sort of change as a result of this process. 'Bacon was frying in the pan, and a great heap of eggs already lay steaming on a plate.' 'If it cooks at 400 for an hour, it 'll be nothing but a pile of ash!'"
flan_t5_large,encoder_decoder_instruction_model,dynamic_few_shot_lu_rerank,30,15,5,1,The omelette sizzled in the cast-iron pan .,sizzle,Absorb_heat,UNKNOWN,Absorb_heat|Apply_heat|Aiming|Becoming_aware|Arriving|Accomplishment|Becoming_visible|Architectural_part|Attention|Be_subset_of|Attempt_suasion|Achieving_first|Attention_getting|Attitude_description|Agriculture,True,Absorb_heat,True,Absorb_heat|Apply_heat|Aiming|Becoming_aware|Arriving,general,8,False,True,Make_noise|Sounds,"An Entity (generally food) is exposed to a Heat_source whose Temperature may also be specified. Generally, the Entity undergoes some sort of change as a result of this process. 'Bacon was frying in the pan, and a great heap of eggs already lay steaming on a plate.' 'If it cooks at 400 for an hour, it 'll be nothing but a pile of ash!'"
flan_t5_large,encoder_decoder_instruction_model,dynamic_few_shot_lu_rerank,30,15,5,1,Droplets of coffee sizzled on the hotplate .,sizzle,Absorb_heat,UNKNOWN,Absorb_heat|Achieving_first|Architectural_part|Attitude_description|Becoming_aware|Becoming_visible|Apply_heat|Arriving|Amalgamation|Aggregate|Attention|Ammunition|Abundance|Attention_getting|Accompaniment,True,Absorb_heat,True,Absorb_heat|Achieving_first|Architectural_part|Attitude_description|Becoming_aware,general,8,False,True,Make_noise|Sounds,"An Entity (generally food) is exposed to a Heat_source whose Temperature may also be specified. Generally, the Entity undergoes some sort of change as a result of this process. 'Bacon was frying in the pan, and a great heap of eggs already lay steaming on a plate.' 'If it cooks at 400 for an hour, it 'll be nothing but a pile of ash!'"
flan_t5_large,encoder_decoder_instruction_model,dynamic_few_shot_lu_rerank,30,15,5,1,The second generation thrombolytic agents are recombinant tissue plasminogen activator ( rt-PA ) and APSAC ( anistreplase ) .,agent,Active_substance,Active_substance,Active_substance|Actually_occurring_entity|Adjusting|Activity_resume|Becoming_visible|Attention_getting|Adducing|Activity_start|Activity_ready_state|Becoming|Adopt_selection|Assistance|Activity_finish|Becoming_attached|Accompaniment,True,Active_substance,True,Active_substance|Actually_occurring_entity|Adjusting|Activity_resume|Becoming_visible,general,19,False,True,Intentionally_act|People_by_vocation,A Substance causes an Effect. The Substance is produced by a process understood as directed towards the Effect. The Name for the material that makes up the substance may also be given. 'A rationale for using denatured gp160 as a therapeutic agent in HIV-infected people is to boost the immune response .' 'The quinolones now seem to be the antimicrobial agents of choice for acute bacterial prostatitis.' 'Hormonally active chemicals have the potential to cause significant environmental injury.' 'Only after the potion has been drunk does the active ingredient form. DNI' 'The sarin agent might have been a leftover shell from a chemical-arms dump. '
flan_t5_large,encoder_decoder_instruction_model,dynamic_few_shot_lu_rerank,30,15,5,1,Currently available thrombolytic agents have several important limitations .,agent,Active_substance,UNKNOWN,Active_substance|Actually_occurring_entity|Attempt|Becoming_visible|Adjusting|Alternatives|Adopt_selection|Activity_ready_state|Architectural_part|Awareness_status|Becoming_aware|Becoming|Attention_getting|Aggregate|Authority,True,Active_substance,True,Active_substance|Actually_occurring_entity|Attempt|Becoming_visible|Adjusting,general,9,False,True,Intentionally_act|People_by_vocation,A Substance causes an Effect. The Substance is produced by a process understood as directed towards the Effect. The Name for the material that makes up the substance may also be given. 'A rationale for using denatured gp160 as a therapeutic agent in HIV-infected people is to boost the immune response .' 'The quinolones now seem to be the antimicrobial agents of choice for acute bacterial prostatitis.' 'Hormonally active chemicals have the potential to cause significant environmental injury.' 'Only after the potion has been drunk does the active ingredient form. DNI' 'The sarin agent might have been a leftover shell from a chemical-arms dump. '
flan_t5_large,encoder_decoder_instruction_model,dynamic_few_shot_lu_rerank,30,15,5,1,After any effective thrombolytic agent the patient is usually left with a patent vessel .,agent,Active_substance,UNKNOWN,Active_substance|Becoming_visible|Actually_occurring_entity|Activity_ready_state|Atonement|Activity_stop|Activity_start|Becoming|Adopt_selection|Appointing|Activity_finish|Activity_resume|Accompaniment|Aggregate|Adducing,True,Active_substance,True,Active_substance|Becoming_visible|Actually_occurring_entity|Activity_ready_state|Atonement,science_medical,15,False,True,Intentionally_act|People_by_vocation,A Substance causes an Effect. The Substance is produced by a process understood as directed towards the Effect. The Name for the material that makes up the substance may also be given. 'A rationale for using denatured gp160 as a therapeutic agent in HIV-infected people is to boost the immune response .' 'The quinolones now seem to be the antimicrobial agents of choice for acute bacterial prostatitis.' 'Hormonally active chemicals have the potential to cause significant environmental injury.' 'Only after the potion has been drunk does the active ingredient form. DNI' 'The sarin agent might have been a leftover shell from a chemical-arms dump. '
flan_t5_large,encoder_decoder_instruction_model,dynamic_few_shot_lu_rerank,30,15,5,1,Various pharmacological agents can modulate the IP 3 R but their actions are not particularly specific .,agent,Active_substance,UNKNOWN,Active_substance|Adjusting|Attempt|Adopt_selection|Attempt_suasion|Actually_occurring_entity|Alternatives|Being_active|Activity_ready_state|Authority|Activity_ongoing|Attention_getting|Becoming_attached|Avoiding|Arranging,True,Active_substance,True,Active_substance|Adjusting|Attempt|Adopt_selection|Attempt_suasion,general,17,False,True,Intentionally_act|People_by_vocation,A Substance causes an Effect. The Substance is produced by a process understood as directed towards the Effect. The Name for the material that makes up the substance may also be given. 'A rationale for using denatured gp160 as a therapeutic agent in HIV-infected people is to boost the immune response .' 'The quinolones now seem to be the antimicrobial agents of choice for acute bacterial prostatitis.' 'Hormonally active chemicals have the potential to cause significant environmental injury.' 'Only after the potion has been drunk does the active ingredient form. DNI' 'The sarin agent might have been a leftover shell from a chemical-arms dump. '
flan_t5_large,encoder_decoder_instruction_model,dynamic_few_shot_lu_rerank,30,15,5,1,"Biological agents provide promising alternatives , but we need to understand more about their modes of action .",agent,Active_substance,UNKNOWN,Active_substance|Activity_ongoing|Adopt_selection|Being_active|Attempt|Adjusting|Attempt_suasion|Authority|Activity_ready_state|Activity_start|Attitude_description|Arranging|Attempt_means|Aiming|Accomplishment,True,Active_substance,True,Active_substance|Activity_ongoing|Adopt_selection|Being_active|Attempt,general,18,False,True,Intentionally_act|People_by_vocation,A Substance causes an Effect. The Substance is produced by a process understood as directed towards the Effect. The Name for the material that makes up the substance may also be given. 'A rationale for using denatured gp160 as a therapeutic agent in HIV-infected people is to boost the immune response .' 'The quinolones now seem to be the antimicrobial agents of choice for acute bacterial prostatitis.' 'Hormonally active chemicals have the potential to cause significant environmental injury.' 'Only after the potion has been drunk does the active ingredient form. DNI' 'The sarin agent might have been a leftover shell from a chemical-arms dump. '
flan_t5_large,encoder_decoder_instruction_model,dynamic_few_shot_lu_rerank,30,15,5,1,“ I keep getting interrupted .,keep,Activity_ongoing,UNKNOWN,Activity_ongoing|Activity_stop|Attention_getting|Becoming|Activity_pause|Activity_finish|Activity_resume|Attempt_suasion|Attention|Becoming_silent|Attitude_description|Becoming_separated|Attempt|Becoming_detached|Activity_ready_state,True,Activity_ongoing,True,Activity_ongoing|Activity_stop|Attention_getting|Becoming|Activity_pause,general,6,False,True,Cause_to_continue|Compliance|Retaining|Storing,"An Agent is performing the portion of an Activity in which there is dynamic stability. '' 'Not noticing the hoards of people rushing by the window, Manny continued eating his lunch.' 'Keep living the dream!'"
qwen2_5_0_5b_instruct,compact_instruction_llm,dynamic_few_shot_lu_rerank,30,15,5,1,"The bank has abandoned all plans to finance roads or logging in Cameroon 's forests , in keeping with its ` stringent policy to protect the rights of indigenous people . """,abandon,Abandonment,Abandonment,Abandonment|Attempt|Activity_pause|Becoming|Activity_resume|Agree_or_refuse_to_act|Attempt_suasion|Amassing|Being_detached|Being_at_risk|Activity_done_state|Activity_stop|Abounding_with|Attempt_means|Affirm_or_deny,True,Abandonment,True,Abandonment|Attempt|Activity_pause|Becoming|Activity_resume,business,32,True,True,Activity_stop|Quitting_a_place,An Agent leaves behind a Theme effectively rendering it no longer within their control or of the normal security as one's property. 'Carolyn abandoned her car and jumped on a red double decker bus.' 'Perhaps he left the key in the ignition' 'Abandonment of a child is considered to be a serious crime in many jurisdictions.' There are also metaphorically used examples: 'She left her old ways behind .'
qwen2_5_0_5b_instruct,compact_instruction_llm,dynamic_few_shot_lu_rerank,30,15,5,1,"Jamie Hill , prosecuting , said Stevenson and a friend took a Nova car from North Skelton and abandoned it in Nottingham .",abandon,Abandonment,Becoming_detached,Abandonment|Being_detached|Attempt|Arriving|Abounding_with|Becoming_detached|Actually_occurring_entity|Attempt_suasion|Arson|Accompaniment|Activity_finish|Attitude_description|Attempt_means|Becoming_aware|Arrest,True,Abandonment,True,Abandonment|Being_detached|Attempt|Arriving|Abounding_with,daily_life,23,True,True,Activity_stop|Quitting_a_place,An Agent leaves behind a Theme effectively rendering it no longer within their control or of the normal security as one's property. 'Carolyn abandoned her car and jumped on a red double decker bus.' 'Perhaps he left the key in the ignition' 'Abandonment of a child is considered to be a serious crime in many jurisdictions.' There are also metaphorically used examples: 'She left her old ways behind .'
qwen2_5_0_5b_instruct,compact_instruction_llm,dynamic_few_shot_lu_rerank,30,15,5,1,"She had seen no reason to abandon it when she came to Medewich two years ago , even though she might now have been able to afford a car .",abandon,Abandonment,Avoiding,Abandonment|Being_detached|Alternatives|Becoming_detached|Attempt_suasion|Avoiding|Becoming|Attempt|Assistance|Becoming_visible|Becoming_aware|Adjusting|Awareness_status|Activity_stop|Age,True,Abandonment,True,Abandonment|Being_detached|Alternatives|Becoming_detached|Attempt_suasion,daily_life,30,True,True,Activity_stop|Quitting_a_place,An Agent leaves behind a Theme effectively rendering it no longer within their control or of the normal security as one's property. 'Carolyn abandoned her car and jumped on a red double decker bus.' 'Perhaps he left the key in the ignition' 'Abandonment of a child is considered to be a serious crime in many jurisdictions.' There are also metaphorically used examples: 'She left her old ways behind .'
qwen2_5_0_5b_instruct,compact_instruction_llm,dynamic_few_shot_lu_rerank,30,15,5,1,"Unfortunately , as a result of other priorities following the fall of France in June 1940 , the project was abandoned .",abandon,Abandonment,Abandonment,Abandonment|Attempt|Accomplishment|Activity_finish|Avoiding|Becoming|Activity_stop|Arriving|Being_detached|Activity_resume|Activity_done_state|Agree_or_refuse_to_act|Attempt_suasion|Be_in_agreement_on_action|Assistance,True,Abandonment,True,Abandonment|Attempt|Accomplishment|Activity_finish|Avoiding,general,22,True,True,Activity_stop|Quitting_a_place,An Agent leaves behind a Theme effectively rendering it no longer within their control or of the normal security as one's property. 'Carolyn abandoned her car and jumped on a red double decker bus.' 'Perhaps he left the key in the ignition' 'Abandonment of a child is considered to be a serious crime in many jurisdictions.' There are also metaphorically used examples: 'She left her old ways behind .'
qwen2_5_0_5b_instruct,compact_instruction_llm,dynamic_few_shot_lu_rerank,30,15,5,1,"Moved to rectify this situation , he abandoned plans of working in the missionary field , and offered his services to the Netherlands Indies civil service .",abandon,Abandonment,Becoming,Abandonment|Attempt|Becoming|Attempt_suasion|Being_detached|Assigned_location|Activity_resume|Arriving|Becoming_detached|Agree_or_refuse_to_act|Agriculture|Assistance|Attitude_description|Accomplishment|Accompaniment,True,Abandonment,True,Abandonment|Attempt|Becoming|Attempt_suasion|Being_detached,general,27,True,True,Activity_stop|Quitting_a_place,An Agent leaves behind a Theme effectively rendering it no longer within their control or of the normal security as one's property. 'Carolyn abandoned her car and jumped on a red double decker bus.' 'Perhaps he left the key in the ignition' 'Abandonment of a child is considered to be a serious crime in many jurisdictions.' There are also metaphorically used examples: 'She left her old ways behind .'
qwen2_5_0_5b_instruct,compact_instruction_llm,dynamic_few_shot_lu_rerank,30,15,5,1,"The council later abandoned its plans to widen the highway and the reversion passed to the first defendants , who were not a highway authority .",abandon,Abandonment,Becoming,Abandonment|Becoming|Attempt|Arriving|Attempt_suasion|Accompaniment|Appeal|Alliance|Agree_or_refuse_to_act|Becoming_visible|Becoming_detached|Activity_finish|Attitude_description|Activity_stop|Amalgamation,True,Abandonment,True,Abandonment|Becoming|Attempt|Arriving|Attempt_suasion,news_politics,26,True,True,Activity_stop|Quitting_a_place,An Agent leaves behind a Theme effectively rendering it no longer within their control or of the normal security as one's property. 'Carolyn abandoned her car and jumped on a red double decker bus.' 'Perhaps he left the key in the ignition' 'Abandonment of a child is considered to be a serious crime in many jurisdictions.' There are also metaphorically used examples: 'She left her old ways behind .'
qwen2_5_0_5b_instruct,compact_instruction_llm,dynamic_few_shot_lu_rerank,30,15,5,1,It was Osman 's father Mohamed who had returned in his car for the clothes for Mrs Zamzam 's children just before Um Al-Farajh was finally abandoned by the Palestinian Arabs in 1948 .,abandon,Abandonment,Abandonment,Abandonment|Arson|Being_detached|Attempt|Arriving|Becoming|Attempt_suasion|Becoming_visible|Activity_finish|Activity_stop|Attributed_information|Affirm_or_deny|Becoming_detached|Avoiding|Accomplishment,True,Abandonment,True,Abandonment|Arson|Being_detached|Attempt|Arriving,daily_life,34,True,True,Activity_stop|Quitting_a_place,An Agent leaves behind a Theme effectively rendering it no longer within their control or of the normal security as one's property. 'Carolyn abandoned her car and jumped on a red double decker bus.' 'Perhaps he left the key in the ignition' 'Abandonment of a child is considered to be a serious crime in many jurisdictions.' There are also metaphorically used examples: 'She left her old ways behind .'
qwen2_5_0_5b_instruct,compact_instruction_llm,dynamic_few_shot_lu_rerank,30,15,5,1,"Lola is waiting loyally , if not faithfully , for the lover , Michel ( Jacques Harden ) , who fathered her child and abandoned her seven years before .",abandon,Abandonment,Activity_ready_state,Abandonment|Attempt_suasion|Accompaniment|Atonement|Addiction|Activity_ready_state|Activity_ongoing|Being_detached|Activity_finish|Becoming_dry|Becoming|Attempt|Alternatives|Age|Avoiding,True,Abandonment,True,Abandonment|Attempt_suasion|Accompaniment|Atonement|Addiction,general,30,True,True,Activity_stop|Quitting_a_place,An Agent leaves behind a Theme effectively rendering it no longer within their control or of the normal security as one's property. 'Carolyn abandoned her car and jumped on a red double decker bus.' 'Perhaps he left the key in the ignition' 'Abandonment of a child is considered to be a serious crime in many jurisdictions.' There are also metaphorically used examples: 'She left her old ways behind .'
qwen2_5_0_5b_instruct,compact_instruction_llm,dynamic_few_shot_lu_rerank,30,15,5,1,"A pistol was found in a garden at Ava Parade , off Ormeau Road , by police searching the area yesterday after a car was abandoned by two men .",abandon,Abandonment,Becoming_aware,Abandonment|Bearing_arms|Arriving|Becoming_visible|Aiming|Being_detached|Attempt|Assigned_location|Becoming_aware|Abounding_with|Ammunition|Attempt_suasion|Attempt_means|Becoming|Activity_ongoing,True,Abandonment,True,Abandonment|Bearing_arms|Arriving|Becoming_visible|Aiming,legal,30,True,True,Activity_stop|Quitting_a_place,An Agent leaves behind a Theme effectively rendering it no longer within their control or of the normal security as one's property. 'Carolyn abandoned her car and jumped on a red double decker bus.' 'Perhaps he left the key in the ignition' 'Abandonment of a child is considered to be a serious crime in many jurisdictions.' There are also metaphorically used examples: 'She left her old ways behind .'
qwen2_5_0_5b_instruct,compact_instruction_llm,dynamic_few_shot_lu_rerank,30,15,5,1,"This is a modern version of the Elizabethan ` City "" comedy , a panorama of town life , teeming with villains , mugs , lechers and madmen .",teem,Abounding_with,Becoming_visible,Abounding_with|Attitude_description|Aesthetics|Attention_getting|Aggregate|Becoming_visible|Architectural_part|Accompaniment|Amalgamation|Appellations|Actually_occurring_entity|Attempt_suasion|Becoming_aware|Alliance|Assemble,True,Abounding_with,True,Abounding_with|Attitude_description|Aesthetics|Attention_getting|Aggregate,general,29,True,True,Abundance|Mass_motion,"A Location is filled or covered with the Theme. The Location is realized as the External Argument, and the Theme either as PP complement headed by with, in or of. NB: This frame does not include uses of adjectives like paved when they merely specify the Type of some location, as in ""paved and unpaved roads"". 'The waters of the bay teemed with fish.' 'The waters of the bay were teeming with fish.' 'The road was completely covered in mud.'"
qwen2_5_0_5b_instruct,compact_instruction_llm,dynamic_few_shot_lu_rerank,30,15,5,1,Rare blue lizards scurry among the rocks of Petra ; clumps of black lilies grow beside the King 's Highway ; the few oases teem with birds .,teem,Abounding_with,Ambient_temperature,Abounding_with|Abundance|Becoming_aware|Adjacency|Arriving|Ambient_temperature|Aggregate|Animals|Becoming_visible|Amalgamation|Attention_getting|Attitude_description|Amassing|Architectural_part|Adducing,True,Abounding_with,True,Abounding_with|Abundance|Becoming_aware|Adjacency|Arriving,general,28,True,True,Abundance|Mass_motion,"A Location is filled or covered with the Theme. The Location is realized as the External Argument, and the Theme either as PP complement headed by with, in or of. NB: This frame does not include uses of adjectives like paved when they merely specify the Type of some location, as in ""paved and unpaved roads"". 'The waters of the bay teemed with fish.' 'The waters of the bay were teeming with fish.' 'The road was completely covered in mud.'"
qwen2_5_0_5b_instruct,compact_instruction_llm,dynamic_few_shot_lu_rerank,30,15,5,1,"The quake knocked The Well out for six hours , but when it came back up , it teemed with emotional first-hand reports .",teem,Abounding_with,Becoming_aware,Abounding_with|Being_detached|Architectural_part|Attention|Attitude_description|Becoming_silent|Becoming_aware|Be_on_alert|Activity_pause|Activity_ready_state|Attention_getting|Adjusting|Attack|Annoyance|Being_awake,True,Abounding_with,True,Abounding_with|Being_detached|Architectural_part|Attention|Attitude_description,general,24,True,True,Abundance|Mass_motion,"A Location is filled or covered with the Theme. The Location is realized as the External Argument, and the Theme either as PP complement headed by with, in or of. NB: This frame does not include uses of adjectives like paved when they merely specify the Type of some location, as in ""paved and unpaved roads"". 'The waters of the bay teemed with fish.' 'The waters of the bay were teeming with fish.' 'The road was completely covered in mud.'"
qwen2_5_0_5b_instruct,compact_instruction_llm,dynamic_few_shot_lu_rerank,30,15,5,1,Uncover the pan and continue cooking until all the moisture has evaporated ; the pan should also be sizzling again and the dumplings golden brown and crisp underneath .,sizzle,Absorb_heat,Becoming_dry,Absorb_heat|Apply_heat|Attention|Arriving|Activity_ready_state|Becoming_dry|Activity_finish|Becoming_silent|Being_detached|Accomplishment|Activity_ongoing|Activity_stop|Activity_pause|Becoming_aware|Agriculture,True,Absorb_heat,True,Absorb_heat|Apply_heat|Attention|Arriving|Activity_ready_state,general,29,True,True,Make_noise|Sounds,"An Entity (generally food) is exposed to a Heat_source whose Temperature may also be specified. Generally, the Entity undergoes some sort of change as a result of this process. 'Bacon was frying in the pan, and a great heap of eggs already lay steaming on a plate.' 'If it cooks at 400 for an hour, it 'll be nothing but a pile of ash!'"
qwen2_5_0_5b_instruct,compact_instruction_llm,dynamic_few_shot_lu_rerank,30,15,5,1,"You 're going to a friend 's for a barbecue on a hot summer 's evening , and you 're walking up the drive and you can smell the barbecue sizzling away .",sizzle,Absorb_heat,Architectural_part,Absorb_heat|Apply_heat|Attention_getting|Attention|Ambient_temperature|Architectural_part|Becoming_aware|Aiming|Attending|Abounding_with|Bearing_arms|Attempt_suasion|Accompaniment|Becoming_silent|Aesthetics,True,Absorb_heat,True,Absorb_heat|Apply_heat|Attention_getting|Attention|Ambient_temperature,daily_life,33,True,True,Make_noise|Sounds,"An Entity (generally food) is exposed to a Heat_source whose Temperature may also be specified. Generally, the Entity undergoes some sort of change as a result of this process. 'Bacon was frying in the pan, and a great heap of eggs already lay steaming on a plate.' 'If it cooks at 400 for an hour, it 'll be nothing but a pile of ash!'"
qwen2_5_0_5b_instruct,compact_instruction_llm,dynamic_few_shot_lu_rerank,30,15,5,1,"Inside was a lighted wick ; as the metal dish warmed up , the nicotine began to sizzle and give off fumes lethal to red spider mite and aphids .",sizzle,Absorb_heat,Aiming,Absorb_heat|Becoming_aware|Apply_heat|Active_substance|Architectural_part|Aiming|Achieving_first|Attitude_description|Activity_ready_state|Ambient_temperature|Addiction|Arriving|Attention_getting|Bearing_arms|Awareness_status,True,Absorb_heat,True,Absorb_heat|Becoming_aware|Apply_heat|Active_substance|Architectural_part,news_politics,30,True,True,Make_noise|Sounds,"An Entity (generally food) is exposed to a Heat_source whose Temperature may also be specified. Generally, the Entity undergoes some sort of change as a result of this process. 'Bacon was frying in the pan, and a great heap of eggs already lay steaming on a plate.' 'If it cooks at 400 for an hour, it 'll be nothing but a pile of ash!'"
qwen2_5_0_5b_instruct,compact_instruction_llm,dynamic_few_shot_lu_rerank,30,15,5,1,A fire was burning in a black grate which had an oven to the side of it ; a large black kettle was sizzling on the hob .,sizzle,Absorb_heat,Attempt,Absorb_heat|Apply_heat|Architectural_part|Arson|Aiming|Attempt|Becoming_aware|Arriving|Ammunition|Achieving_first|Accompaniment|Attack|Attitude_description|Attempt_means|Be_subset_of,True,Absorb_heat,True,Absorb_heat|Apply_heat|Architectural_part|Arson|Aiming,general,28,True,True,Make_noise|Sounds,"An Entity (generally food) is exposed to a Heat_source whose Temperature may also be specified. Generally, the Entity undergoes some sort of change as a result of this process. 'Bacon was frying in the pan, and a great heap of eggs already lay steaming on a plate.' 'If it cooks at 400 for an hour, it 'll be nothing but a pile of ash!'"
qwen2_5_0_5b_instruct,compact_instruction_llm,dynamic_few_shot_lu_rerank,30,15,5,1,"THE only surprise in the history of interferon is its meteoric rise to fame as a cancer cure , after its earlier promise as an anti-viral agent .",agent,Active_substance,Becoming_aware,Active_substance|Becoming_visible|Accomplishment|Becoming_aware|Actually_occurring_entity|Activity_ready_state|Achieving_first|Becoming|Arriving|Activity_start|Becoming_attached|Adjusting|Awareness_status|Accompaniment|Attempt_suasion,True,Active_substance,True,Active_substance|Becoming_visible|Accomplishment|Becoming_aware|Actually_occurring_entity,general,28,True,True,Intentionally_act|People_by_vocation,A Substance causes an Effect. The Substance is produced by a process understood as directed towards the Effect. The Name for the material that makes up the substance may also be given. 'A rationale for using denatured gp160 as a therapeutic agent in HIV-infected people is to boost the immune response .' 'The quinolones now seem to be the antimicrobial agents of choice for acute bacterial prostatitis.' 'Hormonally active chemicals have the potential to cause significant environmental injury.' 'Only after the potion has been drunk does the active ingredient form. DNI' 'The sarin agent might have been a leftover shell from a chemical-arms dump. '
qwen2_5_0_5b_instruct,compact_instruction_llm,dynamic_few_shot_lu_rerank,30,15,5,1,He conceded that high levels of pollution could have affected the dolphin 's defence mechanisms making them vulnerable to attack by an infectious agent .,agent,Active_substance,Active_substance,Active_substance|Avoiding|Adjusting|Attempt|Becoming_aware|Adopt_selection|Attempt_suasion|Authority|Adducing|Being_at_risk|Armor|Architectural_part|Activity_ready_state|Aiming|Attack,True,Active_substance,True,Active_substance|Avoiding|Adjusting|Attempt|Becoming_aware,general,25,True,True,Intentionally_act|People_by_vocation,A Substance causes an Effect. The Substance is produced by a process understood as directed towards the Effect. The Name for the material that makes up the substance may also be given. 'A rationale for using denatured gp160 as a therapeutic agent in HIV-infected people is to boost the immune response .' 'The quinolones now seem to be the antimicrobial agents of choice for acute bacterial prostatitis.' 'Hormonally active chemicals have the potential to cause significant environmental injury.' 'Only after the potion has been drunk does the active ingredient form. DNI' 'The sarin agent might have been a leftover shell from a chemical-arms dump. '
qwen2_5_0_5b_instruct,compact_instruction_llm,dynamic_few_shot_lu_rerank,30,15,5,1,"Very recently it has been shown that treating prediabetic mice ( that is , before they develop symptoms ) with various chemical agents , including insulin , will prevent diabetes from developing .",agent,Active_substance,Activity_start,Active_substance|Adjusting|Activity_ongoing|Activity_ready_state|Adopt_selection|Activity_start|Attempt|Becoming_aware|Activity_prepare|Alternatives|Becoming_attached|Actually_occurring_entity|Aging|Adducing|Avoiding,True,Active_substance,True,Active_substance|Adjusting|Activity_ongoing|Activity_ready_state|Adopt_selection,science_medical,33,True,True,Intentionally_act|People_by_vocation,A Substance causes an Effect. The Substance is produced by a process understood as directed towards the Effect. The Name for the material that makes up the substance may also be given. 'A rationale for using denatured gp160 as a therapeutic agent in HIV-infected people is to boost the immune response .' 'The quinolones now seem to be the antimicrobial agents of choice for acute bacterial prostatitis.' 'Hormonally active chemicals have the potential to cause significant environmental injury.' 'Only after the potion has been drunk does the active ingredient form. DNI' 'The sarin agent might have been a leftover shell from a chemical-arms dump. '
qwen2_5_0_5b_instruct,compact_instruction_llm,dynamic_few_shot_lu_rerank,30,15,5,1,"Those patients at most risk when undergoing ERCP are the elderly , and previous workers have shown that age is a predisposing factor to hypoxia during ERCP when narcotic agents are used in conjunction with benzodiazepine sedation .",agent,Active_substance,Activity_ready_state,Active_substance|Activity_ready_state|Aging|Age|Adjusting|Awareness_status|Actually_occurring_entity|Activity_prepare|Becoming_aware|Attention|Adducing|Addiction|Activity_ongoing|Activity_resume|Activity_pause,True,Active_substance,True,Active_substance|Activity_ready_state|Aging|Age|Adjusting,science_medical,38,True,True,Intentionally_act|People_by_vocation,A Substance causes an Effect. The Substance is produced by a process understood as directed towards the Effect. The Name for the material that makes up the substance may also be given. 'A rationale for using denatured gp160 as a therapeutic agent in HIV-infected people is to boost the immune response .' 'The quinolones now seem to be the antimicrobial agents of choice for acute bacterial prostatitis.' 'Hormonally active chemicals have the potential to cause significant environmental injury.' 'Only after the potion has been drunk does the active ingredient form. DNI' 'The sarin agent might have been a leftover shell from a chemical-arms dump. '
qwen2_5_0_5b_instruct,compact_instruction_llm,dynamic_few_shot_lu_rerank,30,15,5,1,"Britain and America are worried enough to have produced enough serum to immunise their troops against anthrax , one of the biological agents he is most likely to have .",agent,Active_substance,Active_substance,Active_substance|Attack|Activity_ready_state|Be_on_alert|Attempt|Activity_prepare|Adopt_selection|Being_at_risk|Authority|Avoiding|Being_active|Be_in_agreement_on_action|Actually_occurring_entity|Atonement|Adjusting,True,Active_substance,True,Active_substance|Attack|Activity_ready_state|Be_on_alert|Attempt,general,30,True,True,Intentionally_act|People_by_vocation,A Substance causes an Effect. The Substance is produced by a process understood as directed towards the Effect. The Name for the material that makes up the substance may also be given. 'A rationale for using denatured gp160 as a therapeutic agent in HIV-infected people is to boost the immune response .' 'The quinolones now seem to be the antimicrobial agents of choice for acute bacterial prostatitis.' 'Hormonally active chemicals have the potential to cause significant environmental injury.' 'Only after the potion has been drunk does the active ingredient form. DNI' 'The sarin agent might have been a leftover shell from a chemical-arms dump. '
qwen2_5_0_5b_instruct,compact_instruction_llm,dynamic_few_shot_lu_rerank,30,15,5,1,"John Surtees kept the British flag flying in 1964 , before Clark won his second title a year later .",keep,Activity_ongoing,Becoming,Activity_ongoing|Appellations|Becoming|Affirm_or_deny|Becoming_visible|Becoming_a_member|Accompaniment|Being_attached|Abandonment|Attention_getting|Activity_finish|Attempt|Being_detached|Awareness|Accomplishment,True,Activity_ongoing,True,Activity_ongoing|Appellations|Becoming|Affirm_or_deny|Becoming_visible,general,20,True,True,Cause_to_continue|Compliance|Retaining|Storing,"An Agent is performing the portion of an Activity in which there is dynamic stability. '' 'Not noticing the hoards of people rushing by the window, Manny continued eating his lunch.' 'Keep living the dream!'"
qwen2_5_0_5b_instruct,compact_instruction_llm,dynamic_few_shot_lu_rerank,30,15,5,1,"He kept thinking of the girl in Mu Chua 's House of the Ninth Ecstasy ; the singsong girl , White Orchid , who had looked so much like Vesa .",keep,Activity_ongoing,Aesthetics,Activity_ongoing|Addiction|Attitude_description|Becoming_aware|Becoming_silent|Aesthetics|Adducing|Artistic_style|Attention_getting|Attempt_suasion|Accoutrements|Becoming_visible|Awareness|Attention|Architectural_part,True,Activity_ongoing,True,Activity_ongoing|Addiction|Attitude_description|Becoming_aware|Becoming_silent,general,31,True,True,Cause_to_continue|Compliance|Retaining|Storing,"An Agent is performing the portion of an Activity in which there is dynamic stability. '' 'Not noticing the hoards of people rushing by the window, Manny continued eating his lunch.' 'Keep living the dream!'"
qwen2_5_0_5b_instruct,compact_instruction_llm,dynamic_few_shot_lu_rerank,30,15,5,1,We will start in our first parliamentary session with a Freedom of Information Act which will open up government to the people .,start,Activity_start,Activity_resume,Activity_start|Activity_ready_state|Attempt_suasion|Becoming|Attention_getting|Aiming|Accomplishment|Activity_resume|Be_in_agreement_on_action|Attempt_means|Assemble|Achieving_first|Attitude_description|Assistance|Attempt,True,Activity_start,True,Activity_start|Activity_ready_state|Attempt_suasion|Becoming|Attention_getting,news_politics,23,True,True,Catching_fire|Process_start|Temporal_subregion,"An Agent initiates the beginning of an ongoing Activity in which he will be continuously involved. '' 'At the same time, city-states began to grow in influence on the southern Greek mainland.' 'Naturally, I started crying to get out of work.'"
qwen2_5_0_5b_instruct,compact_instruction_llm,dynamic_few_shot_lu_rerank,30,15,5,1,Follow-up testing has been started with a questionnaire being sent to past course delegates to check their continued understanding of food safety requirements .,start,Activity_start,Activity_start,Activity_start|Activity_ready_state|Attempt|Activity_prepare|Assistance|Assessing|Becoming|Activity_resume|Attention_getting|Activity_done_state|Attempt_means|Attempt_suasion|Becoming_aware|Attention|Aiming,True,Activity_start,True,Activity_start|Activity_ready_state|Attempt|Activity_prepare|Assistance,daily_life,24,True,True,Catching_fire|Process_start|Temporal_subregion,"An Agent initiates the beginning of an ongoing Activity in which he will be continuously involved. '' 'At the same time, city-states began to grow in influence on the southern Greek mainland.' 'Naturally, I started crying to get out of work.'"
qwen2_5_0_5b_instruct,compact_instruction_llm,dynamic_few_shot_lu_rerank,30,15,5,1,"After all , I 'd only just stopped doing my paper-round and I heard them talking about headlong stuff I never knew about before : abortions , heroin , Sylvia Plath , prostitution .",stop,Activity_stop,Activity_finish,Activity_stop|Addiction|Activity_ready_state|Activity_finish|Becoming_silent|Activity_start|Attention_getting|Activity_ongoing|Becoming_aware|Becoming|Attempt_suasion|Attitude_description|Attributed_information|Achieving_first|Aggregate,True,Activity_stop,True,Activity_stop|Addiction|Activity_ready_state|Activity_finish|Becoming_silent,general,34,True,True,Halt|Preventing_or_letting|Process_stop|Thwarting,"An Agent ceases an Activity without completing it. '' 'After the lawsuit, the company stopped producing the once very profitable toy.' 'The rugby club terminated negotiations with Argyll in September 1988.'"
qwen2_5_0_5b_instruct,compact_instruction_llm,dynamic_few_shot_lu_rerank,30,15,5,1,"To take one example , if Britain stopped burning fossil fuels altogether , the world 's output of carbon dioxide -- some 6 billion tonnes a year -- would fall by only 160 m tonnes .",stop,Activity_stop,Activity_start,Activity_stop|Adding_up|Becoming|Activity_finish|Aggregate|Abundance|Amounting_to|Attempt|Actually_occurring_entity|Becoming_separated|Adjusting|Activity_pause|Activity_start|Accomplishment|Be_subset_of,True,Activity_stop,True,Activity_stop|Adding_up|Becoming|Activity_finish|Aggregate,daily_life,36,True,True,Halt|Preventing_or_letting|Process_stop|Thwarting,"An Agent ceases an Activity without completing it. '' 'After the lawsuit, the company stopped producing the once very profitable toy.' 'The rugby club terminated negotiations with Argyll in September 1988.'"
qwen2_5_0_5b_instruct,compact_instruction_llm,dynamic_few_shot_lu_rerank,30,15,5,1,The Office has stopped subsidising one-day energy surveys for industry and commerce and there is little accessible public information .,stop,Activity_stop,Activity_stop,Activity_stop|Activity_pause|Attention_getting|Activity_start|Adjusting|Activity_resume|Attempt_suasion|Attitude_description|Attempt|Activity_ready_state|Be_subset_of|Activity_finish|Activity_done_state|Abundance|Amassing,True,Activity_stop,True,Activity_stop|Activity_pause|Attention_getting|Activity_start|Adjusting,business,20,True,True,Halt|Preventing_or_letting|Process_stop|Thwarting,"An Agent ceases an Activity without completing it. '' 'After the lawsuit, the company stopped producing the once very profitable toy.' 'The rugby club terminated negotiations with Argyll in September 1988.'"
qwen2_5_0_5b_instruct,compact_instruction_llm,dynamic_few_shot_lu_rerank,30,15,5,1,Social services have stopped paying a £30 attendance allowance for Becky to go to Southampton once every two months for treatment .,stop,Activity_stop,Assistance,Activity_stop|Activity_pause|Attention_getting|Activity_finish|Activity_resume|Activity_done_state|Assistance|Adding_up|Addiction|Agree_or_refuse_to_act|Accompaniment|Affirm_or_deny|Activity_start|Becoming|Arson,True,Activity_stop,True,Activity_stop|Activity_pause|Attention_getting|Activity_finish|Activity_resume,general,22,True,True,Halt|Preventing_or_letting|Process_stop|Thwarting,"An Agent ceases an Activity without completing it. '' 'After the lawsuit, the company stopped producing the once very profitable toy.' 'The rugby club terminated negotiations with Argyll in September 1988.'"
qwen2_5_0_5b_instruct,compact_instruction_llm,dynamic_few_shot_lu_rerank,30,15,5,1,"I stopped smoking two years ago and I stopped doing all the silly drugs and drink nearly six years ago , so you naturally gravitate towards quite a healthy diet .",stop,Activity_stop,Activity_stop,Activity_stop|Addiction|Attempt|Activity_start|Becoming|Aging|Activity_pause|Activity_resume|Adjusting|Activity_ongoing|Attempt_means|Active_substance|Actually_occurring_entity|Attempt_suasion|Activity_finish,True,Activity_stop,True,Activity_stop|Addiction|Attempt|Activity_start|Becoming,news_politics,31,True,True,Halt|Preventing_or_letting|Process_stop|Thwarting,"An Agent ceases an Activity without completing it. '' 'After the lawsuit, the company stopped producing the once very profitable toy.' 'The rugby club terminated negotiations with Argyll in September 1988.'"
qwen2_5_0_5b_instruct,compact_instruction_llm,dynamic_few_shot_lu_rerank,30,15,5,1,The prevalence of this association was found to be higher in our study than in other previous series [ 2 3 4 5 6 7 ] . The true prevalence could be even higher since liver enzyme profiles were not done in all patients .,true,Actually_occurring_entity,Artificiality,Actually_occurring_entity|Abundance|Awareness_status|Attributed_information|Be_subset_of|Artificiality|Aging|Age|Active_substance|Becoming_aware|Amounting_to|Affirm_or_deny|Adjusting|Becoming_visible|Assessing,True,Actually_occurring_entity,True,Actually_occurring_entity|Abundance|Awareness_status|Attributed_information|Be_subset_of,science_medical,45,True,True,Accuracy|Artificiality|Candidness|Correctness|Exemplar,"Against the background of a contextually salient non-real world, for instance a hypothetical, imagined, simulated, expected, projected, or dream world, an Instance of a Type encountered in a relation or event in the real world is presented as being different from the instance found in the non-real world. Of course, the real-world Instance of the expected Type may also be presented as not occurring, as in the last example below. 'Actual results may vary.' 'ACTUAL results may vary.' 'Also present is the actual policeman, now 20 years older and helping to cast and prepare the young actor who'll be portraying him onscreen.' 'Also present is the ACTUAL policeman, now 20 years older and helping to cast and prepare the young actor who'll be portraying him onscreen.' 'Of course, an actual car with all these capabilities simply did not exist.' 'Of course, an ACTUAL car with all these capabilities simply did not exist.'"
qwen2_5_0_5b_instruct,compact_instruction_llm,dynamic_few_shot_lu_rerank,30,15,5,1,"While I appreciate U.S. News & World Report 's endorsement , the true value of your support is measured by the way Goodwill takes on problems that affect all of us .",true,Actually_occurring_entity,Artificiality,Actually_occurring_entity|Assessing|Amounting_to|Accomplishment|Attitude_description|Assistance|Amassing|Adopt_selection|Be_in_agreement_on_action|Be_in_agreement_on_assessment|Artificiality|Attention|Abundance|Adjusting|Aesthetics,True,Actually_occurring_entity,True,Actually_occurring_entity|Assessing|Amounting_to|Accomplishment|Attitude_description,general,32,True,True,Accuracy|Artificiality|Candidness|Correctness|Exemplar,"Against the background of a contextually salient non-real world, for instance a hypothetical, imagined, simulated, expected, projected, or dream world, an Instance of a Type encountered in a relation or event in the real world is presented as being different from the instance found in the non-real world. Of course, the real-world Instance of the expected Type may also be presented as not occurring, as in the last example below. 'Actual results may vary.' 'ACTUAL results may vary.' 'Also present is the actual policeman, now 20 years older and helping to cast and prepare the young actor who'll be portraying him onscreen.' 'Also present is the ACTUAL policeman, now 20 years older and helping to cast and prepare the young actor who'll be portraying him onscreen.' 'Of course, an actual car with all these capabilities simply did not exist.' 'Of course, an ACTUAL car with all these capabilities simply did not exist.'"
qwen2_5_0_5b_instruct,compact_instruction_llm,dynamic_few_shot_lu_rerank,30,15,5,1,Example 5 shows the true dominance of the perfect fourth ; the set created is a ten-note set derived by stacking fourths .,true,Actually_occurring_entity,Adding_up,Actually_occurring_entity|Attitude_description|Becoming_visible|Aggregate|Adjacency|Adding_up|Affirm_or_deny|Be_subset_of|Artificiality|Amounting_to|Adducing|Abundance|Amalgamation|Attention_getting|Age,True,Actually_occurring_entity,True,Actually_occurring_entity|Attitude_description|Becoming_visible|Aggregate|Adjacency,general,23,True,True,Accuracy|Artificiality|Candidness|Correctness|Exemplar,"Against the background of a contextually salient non-real world, for instance a hypothetical, imagined, simulated, expected, projected, or dream world, an Instance of a Type encountered in a relation or event in the real world is presented as being different from the instance found in the non-real world. Of course, the real-world Instance of the expected Type may also be presented as not occurring, as in the last example below. 'Actual results may vary.' 'ACTUAL results may vary.' 'Also present is the actual policeman, now 20 years older and helping to cast and prepare the young actor who'll be portraying him onscreen.' 'Also present is the ACTUAL policeman, now 20 years older and helping to cast and prepare the young actor who'll be portraying him onscreen.' 'Of course, an actual car with all these capabilities simply did not exist.' 'Of course, an ACTUAL car with all these capabilities simply did not exist.'"
qwen2_5_0_5b_instruct,compact_instruction_llm,dynamic_few_shot_lu_rerank,30,15,5,1,"April 27, 2009 4:45 PM Brad Templeton : When I got to United 's site it has two columns , one for true miles flown ( sort of ) and one for elite bonus .",true,Actually_occurring_entity,Becoming_a_member,Actually_occurring_entity|Amounting_to|Attention_getting|Adding_up|Appellations|Attitude_description|Becoming_a_member|Affirm_or_deny|Be_in_agreement_on_action|Assistance|Attributed_information|Accomplishment|Aggregate|Be_subset_of|Alliance,True,Actually_occurring_entity,True,Actually_occurring_entity|Amounting_to|Attention_getting|Adding_up|Appellations,general,35,True,True,Accuracy|Artificiality|Candidness|Correctness|Exemplar,"Against the background of a contextually salient non-real world, for instance a hypothetical, imagined, simulated, expected, projected, or dream world, an Instance of a Type encountered in a relation or event in the real world is presented as being different from the instance found in the non-real world. Of course, the real-world Instance of the expected Type may also be presented as not occurring, as in the last example below. 'Actual results may vary.' 'ACTUAL results may vary.' 'Also present is the actual policeman, now 20 years older and helping to cast and prepare the young actor who'll be portraying him onscreen.' 'Also present is the ACTUAL policeman, now 20 years older and helping to cast and prepare the young actor who'll be portraying him onscreen.' 'Of course, an actual car with all these capabilities simply did not exist.' 'Of course, an ACTUAL car with all these capabilities simply did not exist.'"
qwen2_5_0_5b_instruct,compact_instruction_llm,dynamic_few_shot_lu_rerank,30,15,5,1,"That 's why I ask that ( today , 1993 ) we NOT LABEL true plain text as US-ASCII /ISO-8859-1 .",true,Actually_occurring_entity,Becoming,Actually_occurring_entity|Attributed_information|Affirm_or_deny|Artificiality|Amounting_to|Attitude_description|Be_subset_of|Age|Ambient_temperature|Attention_getting|Artifact|Adding_up|Becoming|Becoming_aware|Bearing_arms,True,Actually_occurring_entity,True,Actually_occurring_entity|Attributed_information|Affirm_or_deny|Artificiality|Amounting_to,general,21,True,True,Accuracy|Artificiality|Candidness|Correctness|Exemplar,"Against the background of a contextually salient non-real world, for instance a hypothetical, imagined, simulated, expected, projected, or dream world, an Instance of a Type encountered in a relation or event in the real world is presented as being different from the instance found in the non-real world. Of course, the real-world Instance of the expected Type may also be presented as not occurring, as in the last example below. 'Actual results may vary.' 'ACTUAL results may vary.' 'Also present is the actual policeman, now 20 years older and helping to cast and prepare the young actor who'll be portraying him onscreen.' 'Also present is the ACTUAL policeman, now 20 years older and helping to cast and prepare the young actor who'll be portraying him onscreen.' 'Of course, an actual car with all these capabilities simply did not exist.' 'Of course, an ACTUAL car with all these capabilities simply did not exist.'"
qwen2_5_0_5b_instruct,compact_instruction_llm,dynamic_few_shot_lu_rerank,30,15,5,1,"In this case , though , when I totalled their length it came to 2,000 words ; and the books editor had asked for 700 .",total,Adding_up,Aggregate,Adding_up|Amounting_to|Attention_getting|Be_subset_of|Attitude_description|Aggregate|Activity_finish|Amassing|Amalgamation|Attempt|Affirm_or_deny|Adjusting|Adducing|Actually_occurring_entity|Be_in_agreement_on_assessment,True,Adding_up|Amounting_to,True,Adding_up|Amounting_to|Attention_getting|Be_subset_of|Attitude_description,legal,26,True,True,Amounting_to|Completeness|Render_nonfunctional,"A Cognizer computes a Result on the basis of input Numbers by addition. ' Add up your savings.' ' This is a cumulative figure obtained by adding up the cost of treating a given volume of specific diseases. ' 'When he later took the trouble to add up the bill he discovered that the actual cost was Fr 1,481 , around 140 pounds : an overcharge of 40 pounds' 'Chaperones tallied the number of tickets sold at the school dance at more than 1000.'"
qwen2_5_0_5b_instruct,compact_instruction_llm,dynamic_few_shot_lu_rerank,30,15,5,1,A spreadsheet makes operations like totalling a column of numbers or producing a bar chart a straightforward operation -- SuperCalc 5.5 makes them incredibly quick and easy due to the icons in its new Tool Bar .,total,Adding_up,Activity_done_state,Adding_up|Amounting_to|Be_subset_of|Aggregate|Accuracy|Attention_getting|Amalgamation|Arranging|Actually_occurring_entity|Ambient_temperature|Amassing|Activity_done_state|Artificiality|Assistance|Activity_finish,True,Adding_up|Amounting_to,True,Adding_up|Amounting_to|Be_subset_of|Aggregate|Accuracy,news_politics,37,True,True,Amounting_to|Completeness|Render_nonfunctional,"A Cognizer computes a Result on the basis of input Numbers by addition. ' Add up your savings.' ' This is a cumulative figure obtained by adding up the cost of treating a given volume of specific diseases. ' 'When he later took the trouble to add up the bill he discovered that the actual cost was Fr 1,481 , around 140 pounds : an overcharge of 40 pounds' 'Chaperones tallied the number of tickets sold at the school dance at more than 1000.'"
qwen2_5_0_5b_instruct,compact_instruction_llm,dynamic_few_shot_lu_rerank,30,15,5,1,The goals scored over four weeks are totalled and the highest number of goals wins a prize of £50 .,total,Adding_up,Assessing,Adding_up|Amounting_to|Be_subset_of|Accomplishment|Attention_getting|Aggregate|Activity_finish|Attitude_description|Assessing|Actually_occurring_entity|Attempt|Becoming|Architectural_part|Amassing|Age,True,Adding_up|Amounting_to,True,Adding_up|Amounting_to|Be_subset_of|Accomplishment|Attention_getting,sports,20,True,True,Amounting_to|Completeness|Render_nonfunctional,"A Cognizer computes a Result on the basis of input Numbers by addition. ' Add up your savings.' ' This is a cumulative figure obtained by adding up the cost of treating a given volume of specific diseases. ' 'When he later took the trouble to add up the bill he discovered that the actual cost was Fr 1,481 , around 140 pounds : an overcharge of 40 pounds' 'Chaperones tallied the number of tickets sold at the school dance at more than 1000.'"
qwen2_5_0_5b_instruct,compact_instruction_llm,dynamic_few_shot_lu_rerank,30,15,5,1,Unfortunately it is insufficient to total the number of weeks of holiday to be taken in the year by staff and divide by fifty-two .,total,Adding_up,UNKNOWN,Adding_up|Amounting_to|Be_subset_of|Adjusting|Attempt|Aggregate|Arriving|Assessing|Amassing|Age|Attention_getting|Activity_done_state|Attempt_means|Arranging|Accomplishment,True,Adding_up|Amounting_to,True,Adding_up|Amounting_to|Be_subset_of|Adjusting|Attempt,general,25,True,True,Amounting_to|Completeness|Render_nonfunctional,"A Cognizer computes a Result on the basis of input Numbers by addition. ' Add up your savings.' ' This is a cumulative figure obtained by adding up the cost of treating a given volume of specific diseases. ' 'When he later took the trouble to add up the bill he discovered that the actual cost was Fr 1,481 , around 140 pounds : an overcharge of 40 pounds' 'Chaperones tallied the number of tickets sold at the school dance at more than 1000.'"
qwen2_5_0_5b_instruct,compact_instruction_llm,dynamic_few_shot_lu_rerank,30,15,5,1,By totalling the number of such problems ( listed in the box ) a total score with a maximum of 13 was derived .,total,Adding_up,Attempt,Adding_up|Amounting_to|Assessing|Be_subset_of|Aggregate|Attempt|Amassing|Attention_getting|Actually_occurring_entity|Assistance|Attitude_description|Attempt_means|Accomplishment|Activity_finish|Becoming,True,Adding_up|Amounting_to,True,Adding_up|Amounting_to|Assessing|Be_subset_of|Aggregate,general,24,True,True,Amounting_to|Completeness|Render_nonfunctional,"A Cognizer computes a Result on the basis of input Numbers by addition. ' Add up your savings.' ' This is a cumulative figure obtained by adding up the cost of treating a given volume of specific diseases. ' 'When he later took the trouble to add up the bill he discovered that the actual cost was Fr 1,481 , around 140 pounds : an overcharge of 40 pounds' 'Chaperones tallied the number of tickets sold at the school dance at more than 1000.'"
qwen2_5_0_5b_instruct,compact_instruction_llm,dynamic_few_shot_lu_rerank,30,15,5,1,the square roots obtained from all the interest category loan components are totalled and then each individual square root is calculated as a percentage of that total .,total,Adding_up,Assessing,Adding_up|Amounting_to|Be_subset_of|Aggregate|Actually_occurring_entity|Assessing|Adjusting|Attitude_description|Attention_getting|Assistance|Accuracy|Artificiality|Amalgamation|Architectural_part|Agriculture,True,Adding_up|Amounting_to,True,Adding_up|Amounting_to|Be_subset_of|Aggregate|Actually_occurring_entity,general,28,True,True,Amounting_to|Completeness|Render_nonfunctional,"A Cognizer computes a Result on the basis of input Numbers by addition. ' Add up your savings.' ' This is a cumulative figure obtained by adding up the cost of treating a given volume of specific diseases. ' 'When he later took the trouble to add up the bill he discovered that the actual cost was Fr 1,481 , around 140 pounds : an overcharge of 40 pounds' 'Chaperones tallied the number of tickets sold at the school dance at more than 1000.'"
qwen2_5_0_5b_instruct,compact_instruction_llm,dynamic_few_shot_lu_rerank,30,15,5,1,"At the end of the accounting period the revenue accounts are totalled and the balance , positive or negative , transferred to the profit and loss account .",total,Adding_up,Activity_finish,Amounting_to|Adding_up|Aggregate|Activity_finish|Activity_stop|Assessing|Be_subset_of|Activity_done_state|Attention_getting|Amalgamation|Amassing|Becoming|Architectural_part|Accomplishment|Attitude_description,True,Adding_up|Amounting_to,True,Amounting_to|Adding_up|Aggregate|Activity_finish|Activity_stop,general,28,True,True,Amounting_to|Completeness|Render_nonfunctional,"A Cognizer computes a Result on the basis of input Numbers by addition. ' Add up your savings.' ' This is a cumulative figure obtained by adding up the cost of treating a given volume of specific diseases. ' 'When he later took the trouble to add up the bill he discovered that the actual cost was Fr 1,481 , around 140 pounds : an overcharge of 40 pounds' 'Chaperones tallied the number of tickets sold at the school dance at more than 1000.'"
qwen2_5_0_5b_instruct,compact_instruction_llm,dynamic_few_shot_lu_rerank,30,15,5,1,"Should you have questions or if I can be of assistance in any way , please call me : 317.923.1331 , ext. 248 .",way,Alternatives,Attempt_means,Alternatives|Assistance|Attempt_suasion|Attention_getting|Be_in_agreement_on_assessment|Attempt_means|Assessing|Activity_ready_state|Attention|Attempt|Attitude_description|Adjusting|Appeal|Alliance|Being_active,True,Alternatives,True,Alternatives|Assistance|Attempt_suasion|Attention_getting|Be_in_agreement_on_assessment,general,24,True,True,Conduct|Degree|Direction|Manner|Means,"There exist a number of different possible Situations that may happen in the future. (In some cases, the Situation is concurrent or past, and only the knowledge of which has happened is in the future.) In most cases, there is an Agent involved who has to consider which of the possible Situations will or should occur. A Salient_entity which is deeply involved in the Situation may also be mentioned. 'You have but two choices for your daughter .' While all the members of this frame denote possible situations, in principle, this frame could be split into a number of subtypes on the following basis: ''1. Future.n, and most uses of alternative.n and possibility.n all evoke nothing more than a simple possible situation (not necessarily an Situation) with no Agent; the remaining frames would inherit from this. ''2. Use.n evokes different possible things that can be done with a Salient_entity (i.e., Purposes) and thus uses the Using frame; in this frame, the target denotes the Purpose that can be achieved. ''3. way.n evokes different events that can lead to an Outcome (not necessarily a Purpose); this frame should use the Means frame. In this frame, the target denotes the possible Means actions. ''4. option.n, choice.n, and many instances of alternative.n and possibility.n, evoke possible Situations that an implicit or explicit Agent can bring about at will. A Purpose that would be served by bringing these Situations about may be mentioned. A Salient_entity related to the Purpose may occur in place of the Purpose."
qwen2_5_0_5b_instruct,compact_instruction_llm,dynamic_few_shot_lu_rerank,30,15,5,1,"Since the early 1990s , China has improved its export controls , including the promulgation of regulations on nuclear and nuclear dual - use exports and has pledged to halt exports of nuclear technology to un - safeguarded facilities .",use,Alternatives,Activity_resume,Alternatives|Be_in_agreement_on_action|Adjusting|Activity_ready_state|Accomplishment|Artifact|Activity_resume|Activity_pause|Adopt_selection|Affirm_or_deny|Becoming|Attempt|Attempt_suasion|Activity_stop|Actually_occurring_entity,True,Alternatives,True,Alternatives|Be_in_agreement_on_action|Adjusting|Activity_ready_state|Accomplishment,general,40,True,True,Ingest_substance|Purpose|Tool_purpose|Treating_and_mistreating|Using,"There exist a number of different possible Situations that may happen in the future. (In some cases, the Situation is concurrent or past, and only the knowledge of which has happened is in the future.) In most cases, there is an Agent involved who has to consider which of the possible Situations will or should occur. A Salient_entity which is deeply involved in the Situation may also be mentioned. 'You have but two choices for your daughter .' While all the members of this frame denote possible situations, in principle, this frame could be split into a number of subtypes on the following basis: ''1. Future.n, and most uses of alternative.n and possibility.n all evoke nothing more than a simple possible situation (not necessarily an Situation) with no Agent; the remaining frames would inherit from this. ''2. Use.n evokes different possible things that can be done with a Salient_entity (i.e., Purposes) and thus uses the Using frame; in this frame, the target denotes the Purpose that can be achieved. ''3. way.n evokes different events that can lead to an Outcome (not necessarily a Purpose); this frame should use the Means frame. In this frame, the target denotes the possible Means actions. ''4. option.n, choice.n, and many instances of alternative.n and possibility.n, evoke possible Situations that an implicit or explicit Agent can bring about at will. A Purpose that would be served by bringing these Situations about may be mentioned. A Salient_entity related to the Purpose may occur in place of the Purpose."
qwen2_5_0_5b_instruct,compact_instruction_llm,dynamic_few_shot_lu_rerank,30,15,5,1,"In contrast to the homespun approach of Chiles , Martinez was believed to have amassed some $7,000,000 to spend on his November campaign , and was expected to use negative tactics .",amass,Amassing,Activity_ready_state,Amassing|Attempt|Attitude_description|Accomplishment|Attempt_suasion|Adopt_selection|Avoiding|Amounting_to|Arraignment|Attributed_information|Agriculture|Actually_occurring_entity|Affirm_or_deny|Activity_ready_state|Attention,True,Amassing,True,Amassing|Attempt|Attitude_description|Accomplishment|Attempt_suasion,daily_life,32,True,True,Come_together|Gathering_up,"A Recipient (who may or may not be agentive) ends up in possession of a Mass_theme (which may be conceptualized as a single mass entity, or may be a group of individual entities). Some lexical units (e.g. stockpile) specifically indicate an intentional Recipient. This frame differs from Gathering_up in that this frame refers specifically to the acquisition and (according to expectation) long-term possession of entities, rather than (as in the Gathering_up frame) simply talking about causing a group of entities to be located in the same place. In sum, Gathering_up concerns (co-)locations, but Amassing concerns possession. 'Bogs accumulate carbon for thousands of years.'"
qwen2_5_0_5b_instruct,compact_instruction_llm,dynamic_few_shot_lu_rerank,30,15,5,1,During the 1980s these quasi-government agencies became a convenient means of off-balance-sheet financing ; so much so that they have now amassed nearly $1 trillion-worth of obligations underwritten by the American taxpayer .,amass,Amassing,Amounting_to,Amassing|Amounting_to|Attitude_description|Adding_up|Aggregate|Attention_getting|Atonement|Accomplishment|Authority|Artificiality|Attention|Becoming|Adjusting|Assistance|Actually_occurring_entity,True,Amassing,True,Amassing|Amounting_to|Attitude_description|Adding_up|Aggregate,news_politics,33,True,True,Come_together|Gathering_up,"A Recipient (who may or may not be agentive) ends up in possession of a Mass_theme (which may be conceptualized as a single mass entity, or may be a group of individual entities). Some lexical units (e.g. stockpile) specifically indicate an intentional Recipient. This frame differs from Gathering_up in that this frame refers specifically to the acquisition and (according to expectation) long-term possession of entities, rather than (as in the Gathering_up frame) simply talking about causing a group of entities to be located in the same place. In sum, Gathering_up concerns (co-)locations, but Amassing concerns possession. 'Bogs accumulate carbon for thousands of years.'"
qwen2_5_0_5b_instruct,compact_instruction_llm,dynamic_few_shot_lu_rerank,30,15,5,1,"After being ignored by streams of tight-lipped Brits , the Goldsmiths graduate finally amassed almost 400 portraits , a selection of which are on display at the Marconi Gallery in Milan this month .",amass,Amassing,Attitude_description,Amassing|Becoming_visible|Aesthetics|Attributed_information|Abounding_with|Attitude_description|Attempt_suasion|Actually_occurring_entity|Be_subset_of|Attention_getting|Abundance|Amounting_to|Avoiding|Arraignment|Activity_finish,True,Amassing,True,Amassing|Becoming_visible|Aesthetics|Attributed_information|Abounding_with,general,34,True,True,Come_together|Gathering_up,"A Recipient (who may or may not be agentive) ends up in possession of a Mass_theme (which may be conceptualized as a single mass entity, or may be a group of individual entities). Some lexical units (e.g. stockpile) specifically indicate an intentional Recipient. This frame differs from Gathering_up in that this frame refers specifically to the acquisition and (according to expectation) long-term possession of entities, rather than (as in the Gathering_up frame) simply talking about causing a group of entities to be located in the same place. In sum, Gathering_up concerns (co-)locations, but Amassing concerns possession. 'Bogs accumulate carbon for thousands of years.'"
qwen2_5_0_5b_instruct,compact_instruction_llm,dynamic_few_shot_lu_rerank,30,15,5,1,"I have always been deeply suspicious of Roddick and her cliche-ridden slogans and highly-publicised efforts to save the world , while quietly amassing a fortune on the side .",amass,Amassing,Attention,Amassing|Attention|Aesthetics|Attitude_description|Being_at_risk|Accomplishment|Affirm_or_deny|Attention_getting|Becoming_aware|Activity_ready_state|Avoiding|Abounding_with|Activity_ongoing|Be_on_alert|Becoming_visible,True,Amassing,True,Amassing|Attention|Aesthetics|Attitude_description|Being_at_risk,general,29,True,True,Come_together|Gathering_up,"A Recipient (who may or may not be agentive) ends up in possession of a Mass_theme (which may be conceptualized as a single mass entity, or may be a group of individual entities). Some lexical units (e.g. stockpile) specifically indicate an intentional Recipient. This frame differs from Gathering_up in that this frame refers specifically to the acquisition and (according to expectation) long-term possession of entities, rather than (as in the Gathering_up frame) simply talking about causing a group of entities to be located in the same place. In sum, Gathering_up concerns (co-)locations, but Amassing concerns possession. 'Bogs accumulate carbon for thousands of years.'"
qwen2_5_0_5b_instruct,compact_instruction_llm,dynamic_few_shot_lu_rerank,30,15,5,1,"In a week of feverish detective work , he amassed a dossier on the publishing arrangements of Sting 's manager , Miles Copeland .",amass,Amassing,UNKNOWN,Amassing|Arraignment|Attitude_description|Bail_decision|Arson|Assigned_location|Becoming_visible|Arrest|Attempt|Abounding_with|Adducing|Arranging|Activity_prepare|Activity_ongoing|Attack,True,Amassing,True,Amassing|Arraignment|Attitude_description|Bail_decision|Arson,general,24,True,True,Come_together|Gathering_up,"A Recipient (who may or may not be agentive) ends up in possession of a Mass_theme (which may be conceptualized as a single mass entity, or may be a group of individual entities). Some lexical units (e.g. stockpile) specifically indicate an intentional Recipient. This frame differs from Gathering_up in that this frame refers specifically to the acquisition and (according to expectation) long-term possession of entities, rather than (as in the Gathering_up frame) simply talking about causing a group of entities to be located in the same place. In sum, Gathering_up concerns (co-)locations, but Amassing concerns possession. 'Bogs accumulate carbon for thousands of years.'"
qwen2_5_0_5b_instruct,compact_instruction_llm,dynamic_few_shot_lu_rerank,30,15,5,1,Another advantage of the gens system was that you could keep the fortune you had amassed in one incarnation and use it in the next .,amass,Amassing,Becoming,Amassing|Alternatives|Becoming|Agriculture|Assistance|Aggregate|Attitude_description|Accomplishment|Being_born|Attention_getting|Achieving_first|Adducing|Becoming_visible|Alliance|Aging,True,Amassing,True,Amassing|Alternatives|Becoming|Agriculture|Assistance,daily_life,26,True,True,Come_together|Gathering_up,"A Recipient (who may or may not be agentive) ends up in possession of a Mass_theme (which may be conceptualized as a single mass entity, or may be a group of individual entities). Some lexical units (e.g. stockpile) specifically indicate an intentional Recipient. This frame differs from Gathering_up in that this frame refers specifically to the acquisition and (according to expectation) long-term possession of entities, rather than (as in the Gathering_up frame) simply talking about causing a group of entities to be located in the same place. In sum, Gathering_up concerns (co-)locations, but Amassing concerns possession. 'Bogs accumulate carbon for thousands of years.'"
qwen2_5_0_5b_instruct,compact_instruction_llm,dynamic_few_shot_lu_rerank,30,15,5,1,"Nevertheless , this happened to many , but I would question if anyone in the Command had amassed the experience of Fraser Barron in such a relatively short time .",amass,Amassing,Attempt_suasion,Amassing|Becoming_visible|Accompaniment|Actually_occurring_entity|Attitude_description|Attempt_suasion|Attributed_information|Accomplishment|Abundance|Attempt|Becoming_aware|Activity_ongoing|Assistance|Arraignment|Appointing,True,Amassing,True,Amassing|Becoming_visible|Accompaniment|Actually_occurring_entity|Attitude_description,general,30,True,True,Come_together|Gathering_up,"A Recipient (who may or may not be agentive) ends up in possession of a Mass_theme (which may be conceptualized as a single mass entity, or may be a group of individual entities). Some lexical units (e.g. stockpile) specifically indicate an intentional Recipient. This frame differs from Gathering_up in that this frame refers specifically to the acquisition and (according to expectation) long-term possession of entities, rather than (as in the Gathering_up frame) simply talking about causing a group of entities to be located in the same place. In sum, Gathering_up concerns (co-)locations, but Amassing concerns possession. 'Bogs accumulate carbon for thousands of years.'"
qwen2_5_0_5b_instruct,compact_instruction_llm,dynamic_few_shot_lu_rerank,30,15,5,1,"Reportedly the division has amassed a wealth of productivity tools from independent software vendors in support of the programme which in turn supports IBM mainframes , AS/400s , VAXes , Sparcs , PCs and perhaps eventually Macs .",amass,Amassing,Becoming_a_member,Amassing|Be_subset_of|Aggregate|Becoming_a_member|Agriculture|Adding_up|Attention_getting|Assistance|Amounting_to|Attitude_description|Amalgamation|Abundance|Alliance|Accomplishment|Achieving_first,True,Amassing,True,Amassing|Be_subset_of|Aggregate|Becoming_a_member|Agriculture,news_politics,38,True,True,Come_together|Gathering_up,"A Recipient (who may or may not be agentive) ends up in possession of a Mass_theme (which may be conceptualized as a single mass entity, or may be a group of individual entities). Some lexical units (e.g. stockpile) specifically indicate an intentional Recipient. This frame differs from Gathering_up in that this frame refers specifically to the acquisition and (according to expectation) long-term possession of entities, rather than (as in the Gathering_up frame) simply talking about causing a group of entities to be located in the same place. In sum, Gathering_up concerns (co-)locations, but Amassing concerns possession. 'Bogs accumulate carbon for thousands of years.'"
qwen2_5_0_5b_instruct,compact_instruction_llm,dynamic_few_shot_lu_rerank,30,15,5,1,"By the time I was 16 , I was winning major contests , amassing a few quid in the bank as a part-time model and walking as though I had a brush handle up my arse .",amass,Amassing,Actually_occurring_entity,Amassing|Accomplishment|Bearing_arms|Attitude_description|Age|Actually_occurring_entity|Attaching|Attention_getting|Avoiding|Assistance|Activity_finish|Being_detached|Being_attached|Annoyance|Amalgamation,True,Amassing,True,Amassing|Accomplishment|Bearing_arms|Attitude_description|Age,business,37,True,True,Come_together|Gathering_up,"A Recipient (who may or may not be agentive) ends up in possession of a Mass_theme (which may be conceptualized as a single mass entity, or may be a group of individual entities). Some lexical units (e.g. stockpile) specifically indicate an intentional Recipient. This frame differs from Gathering_up in that this frame refers specifically to the acquisition and (according to expectation) long-term possession of entities, rather than (as in the Gathering_up frame) simply talking about causing a group of entities to be located in the same place. In sum, Gathering_up concerns (co-)locations, but Amassing concerns possession. 'Bogs accumulate carbon for thousands of years.'"
qwen2_5_0_5b_instruct,compact_instruction_llm,dynamic_few_shot_lu_rerank,30,15,5,1,"Places that are dank in winter but pleasantly cool in summer , are made delightful by a stone bowl or tulips or a tumble of petunias .",cool,Ambient_temperature,UNKNOWN,Ambient_temperature|Aesthetics|Apply_heat|Abounding_with|Adjacency|Absorb_heat|Becoming_aware|Attitude_description|Animals|Accoutrements|Agriculture|Abundance|Attention|Arriving|Architectural_part,True,Ambient_temperature,True,Ambient_temperature|Aesthetics|Apply_heat|Abounding_with|Adjacency,general,27,True,True,Cause_temperature_change|Change_of_temperature|Desirability|Experiencer_focus|Popularity,"The Temperature in a certain environment, determined by Time and Place, is specified. 'It's too hot to do anything today.' 'Nome is pretty cold this time of year' 'Last Tuesday was a real scorcher.' 'Tomorrow is gonna be chilly.' 'I ca n't go out into the cold . DNI DNI'"
qwen2_5_0_5b_instruct,compact_instruction_llm,dynamic_few_shot_lu_rerank,30,15,5,1,"The pale blue vertical blind in G was half closed to cut out the sun , and the room was refreshingly cool .",cool,Ambient_temperature,Becoming_aware,Ambient_temperature|Attitude_description|Becoming_aware|Architectural_part|Adjusting|Attention_getting|Becoming_visible|Being_awake|Arriving|Adjacency|Attention|Accompaniment|Being_detached|Becoming_separated|Activity_pause,True,Ambient_temperature,True,Ambient_temperature|Attitude_description|Becoming_aware|Architectural_part|Adjusting,daily_life,23,True,True,Cause_temperature_change|Change_of_temperature|Desirability|Experiencer_focus|Popularity,"The Temperature in a certain environment, determined by Time and Place, is specified. 'It's too hot to do anything today.' 'Nome is pretty cold this time of year' 'Last Tuesday was a real scorcher.' 'Tomorrow is gonna be chilly.' 'I ca n't go out into the cold . DNI DNI'"
qwen2_5_0_5b_instruct,compact_instruction_llm,dynamic_few_shot_lu_rerank,30,15,5,1,The surface must not be touched and it must be stored in a cool dry place away from electrical equipment because it is magnetic .,cool,Ambient_temperature,Becoming_dry,Ambient_temperature|Being_attached|Becoming_dry|Architectural_part|Absorb_heat|Becoming_attached|Being_detached|Adjacency|Being_at_risk|Artifact|Attaching|Attempt_suasion|Bearing_arms|Becoming_detached|Attitude_description,True,Ambient_temperature,True,Ambient_temperature|Being_attached|Becoming_dry|Architectural_part|Absorb_heat,general,25,True,True,Cause_temperature_change|Change_of_temperature|Desirability|Experiencer_focus|Popularity,"The Temperature in a certain environment, determined by Time and Place, is specified. 'It's too hot to do anything today.' 'Nome is pretty cold this time of year' 'Last Tuesday was a real scorcher.' 'Tomorrow is gonna be chilly.' 'I ca n't go out into the cold . DNI DNI'"
qwen2_5_0_5b_instruct,compact_instruction_llm,dynamic_few_shot_lu_rerank,30,15,5,1,"Last year sales of paintings totalled £1.3 million , netting a £330,000 commission for the Academy ( at 25% on works sold ) , out of which the administration and handling expenses had to be paid .",total,Amounting_to,Aesthetics,Amounting_to|Adding_up|Behind_the_scenes|Activity_finish|Assessing|Aesthetics|Be_subset_of|Amassing|Aggregate|Actually_occurring_entity|Attention_getting|Attitude_description|Accomplishment|Accompaniment|Artistic_style,True,Adding_up|Amounting_to,True,Amounting_to|Adding_up|Behind_the_scenes|Activity_finish|Assessing,general,37,True,True,Adding_up|Completeness|Render_nonfunctional,"The absolute Value of a quantifiable Attribute of an item is determined by adding up the values for the Attribute of the individuals or parts that make up the item. The item is not expressed as a separate constituent but it is presupposed by the concept of Attribute. Alternatively, the Numbers form an implicit set whose sum is the Value associated with the set. In some cases what is reported is just the cardinality of the individuals that make up the item so that in effect the Value is a count. In other cases the identity of the Attribute can only be inferred from the Value. There is no cognizer on the scene in this frame. Instead, the frame focuses on the relationship between the Attribute or Numbers and the Value, which is stable and unchanging regardless of who performs the calculation. 'Defence is provided in West Germany by armed forces whose number totals close to half a million men and women ' . ' Revenues totalled 568.86m pounds ' 'The WHO estimated that the cumulative total of AIDS cases was more than 1,500,000. '"
qwen2_5_0_5b_instruct,compact_instruction_llm,dynamic_few_shot_lu_rerank,30,15,5,1,"Development expenditure was expected to total almost Rps20,000,000 million , an increase of 23 per cent , with priority for infrastructure construction , basic services , human resources development , and operational and maintenance expenses .",total,Amounting_to,Activity_done_state,Adding_up|Amounting_to|Attention_getting|Accomplishment|Be_subset_of|Aggregate|Assessing|Activity_done_state|Activity_finish|Actually_occurring_entity|Amassing|Attempt|Amalgamation|Adjusting|Architectural_part,True,Adding_up|Amounting_to,True,Adding_up|Amounting_to|Attention_getting|Accomplishment|Be_subset_of,general,36,True,True,Adding_up|Completeness|Render_nonfunctional,"The absolute Value of a quantifiable Attribute of an item is determined by adding up the values for the Attribute of the individuals or parts that make up the item. The item is not expressed as a separate constituent but it is presupposed by the concept of Attribute. Alternatively, the Numbers form an implicit set whose sum is the Value associated with the set. In some cases what is reported is just the cardinality of the individuals that make up the item so that in effect the Value is a count. In other cases the identity of the Attribute can only be inferred from the Value. There is no cognizer on the scene in this frame. Instead, the frame focuses on the relationship between the Attribute or Numbers and the Value, which is stable and unchanging regardless of who performs the calculation. 'Defence is provided in West Germany by armed forces whose number totals close to half a million men and women ' . ' Revenues totalled 568.86m pounds ' 'The WHO estimated that the cumulative total of AIDS cases was more than 1,500,000. '"
qwen2_5_0_5b_instruct,compact_instruction_llm,dynamic_few_shot_lu_rerank,30,15,5,1,"An agreement was signed for Spanish loans to Honduras totalling US$70,000,000 over the next four years , and Spanish financial participation in the building of a new airport near Tegucigalpa was confirmed .",total,Amounting_to,Activity_done_state,Amounting_to|Adding_up|Be_in_agreement_on_action|Affirm_or_deny|Amassing|Activity_done_state|Attributed_information|Aggregate|Assemble|Attention_getting|Amalgamation|Activity_finish|Alliance|Artistic_style|Agree_or_refuse_to_act,True,Adding_up|Amounting_to,True,Amounting_to|Adding_up|Be_in_agreement_on_action|Affirm_or_deny|Amassing,general,33,True,True,Adding_up|Completeness|Render_nonfunctional,"The absolute Value of a quantifiable Attribute of an item is determined by adding up the values for the Attribute of the individuals or parts that make up the item. The item is not expressed as a separate constituent but it is presupposed by the concept of Attribute. Alternatively, the Numbers form an implicit set whose sum is the Value associated with the set. In some cases what is reported is just the cardinality of the individuals that make up the item so that in effect the Value is a count. In other cases the identity of the Attribute can only be inferred from the Value. There is no cognizer on the scene in this frame. Instead, the frame focuses on the relationship between the Attribute or Numbers and the Value, which is stable and unchanging regardless of who performs the calculation. 'Defence is provided in West Germany by armed forces whose number totals close to half a million men and women ' . ' Revenues totalled 568.86m pounds ' 'The WHO estimated that the cumulative total of AIDS cases was more than 1,500,000. '"
qwen2_5_0_5b_instruct,compact_instruction_llm,dynamic_few_shot_lu_rerank,30,15,5,1,"Another British merchant bank , Kleinwort Benson , owned up to writing off loans totalling $23m which it had sunk into an American partnership controlled by one of its directors .",total,Amounting_to,Becoming_a_member,Amounting_to|Adding_up|Amassing|Aggregate|Be_subset_of|Be_in_agreement_on_action|Attributed_information|Amalgamation|Alliance|Attitude_description|Accompaniment|Attention_getting|Becoming_a_member|Assistance|Attempt,True,Adding_up|Amounting_to,True,Amounting_to|Adding_up|Amassing|Aggregate|Be_subset_of,business,31,True,True,Adding_up|Completeness|Render_nonfunctional,"The absolute Value of a quantifiable Attribute of an item is determined by adding up the values for the Attribute of the individuals or parts that make up the item. The item is not expressed as a separate constituent but it is presupposed by the concept of Attribute. Alternatively, the Numbers form an implicit set whose sum is the Value associated with the set. In some cases what is reported is just the cardinality of the individuals that make up the item so that in effect the Value is a count. In other cases the identity of the Attribute can only be inferred from the Value. There is no cognizer on the scene in this frame. Instead, the frame focuses on the relationship between the Attribute or Numbers and the Value, which is stable and unchanging regardless of who performs the calculation. 'Defence is provided in West Germany by armed forces whose number totals close to half a million men and women ' . ' Revenues totalled 568.86m pounds ' 'The WHO estimated that the cumulative total of AIDS cases was more than 1,500,000. '"
qwen2_5_0_5b_instruct,compact_instruction_llm,dynamic_few_shot_lu_rerank,30,15,5,1,"In November , UN sources confirmed that contributions totalling $140,830,531 had so far been promised for the UNHCR 's 1991 programmes .",total,Amounting_to,Be_subset_of,Amounting_to|Adding_up|Accomplishment|Actually_occurring_entity|Be_subset_of|Affirm_or_deny|Be_in_agreement_on_action|Assistance|Amassing|Attempt|Attributed_information|Becoming|Attention_getting|Activity_finish|Becoming_a_member,True,Adding_up|Amounting_to,True,Amounting_to|Adding_up|Accomplishment|Actually_occurring_entity|Be_subset_of,general,22,True,True,Adding_up|Completeness|Render_nonfunctional,"The absolute Value of a quantifiable Attribute of an item is determined by adding up the values for the Attribute of the individuals or parts that make up the item. The item is not expressed as a separate constituent but it is presupposed by the concept of Attribute. Alternatively, the Numbers form an implicit set whose sum is the Value associated with the set. In some cases what is reported is just the cardinality of the individuals that make up the item so that in effect the Value is a count. In other cases the identity of the Attribute can only be inferred from the Value. There is no cognizer on the scene in this frame. Instead, the frame focuses on the relationship between the Attribute or Numbers and the Value, which is stable and unchanging regardless of who performs the calculation. 'Defence is provided in West Germany by armed forces whose number totals close to half a million men and women ' . ' Revenues totalled 568.86m pounds ' 'The WHO estimated that the cumulative total of AIDS cases was more than 1,500,000. '"
qwen2_5_0_5b_instruct,compact_instruction_llm,dynamic_few_shot_lu_rerank,30,15,5,1,Paul Ride and Michael Wainwright made their plea while waiting for news of appeals to Iraq 's Supreme Court .,appeal,Appeal,Activity_pause,Appeal|Bail_decision|Arraignment|Assigned_location|Activity_pause|Attempt|Activity_done_state|Affirm_or_deny|Arrest|Abounding_with|Activity_ready_state|Accompaniment|Agree_or_refuse_to_act|Attempt_suasion|Atonement,True,Appeal,True,Appeal|Bail_decision|Arraignment|Assigned_location|Activity_pause,news_politics,20,True,True,Experiencer_obj|Request,In the Appeal stage of the criminal process the Convict or his or her Representative applies to a higher Court to reverse the Decision of the lower court on certain Grounds. ' The defense plans to appeal the court's decision on the grounds that the judge violated Code 81.b . ' ' John Michaels will appeal his conviction .'
qwen2_5_0_5b_instruct,compact_instruction_llm,dynamic_few_shot_lu_rerank,30,15,5,1,Mrs Spence is a former legal secretary who is considering an appeal against an industrial tribunal decision which went against her last week .,appeal,Appeal,UNKNOWN,Appeal|Arraignment|Attempt_suasion|Arson|Assistance|Appointing|Bail_decision|Artificiality|Agree_or_refuse_to_act|Abusing|Attempt|Attitude_description|Actually_occurring_entity|Affirm_or_deny|Accompaniment,True,Appeal,True,Appeal|Arraignment|Attempt_suasion|Arson|Assistance,legal,24,True,True,Experiencer_obj|Request,In the Appeal stage of the criminal process the Convict or his or her Representative applies to a higher Court to reverse the Decision of the lower court on certain Grounds. ' The defense plans to appeal the court's decision on the grounds that the judge violated Code 81.b . ' ' John Michaels will appeal his conviction .'
qwen2_5_0_5b_instruct,compact_instruction_llm,dynamic_few_shot_lu_rerank,30,15,5,1,They decided that her objections to adoption were not unreasonable and dismissed an appeal by the local authority against a county court judge 's rejection of its adoption proposal on the grounds that it was premature .,appeal,Appeal,Appeal,Appeal|Agree_or_refuse_to_act|Attempt|Affirm_or_deny|Bail_decision|Arraignment|Attempt_suasion|Adopt_selection|Abandonment|Annoyance|Avoiding|Adjusting|Abusing|Assessing|Arriving,True,Appeal,True,Appeal|Agree_or_refuse_to_act|Attempt|Affirm_or_deny|Bail_decision,legal,37,True,True,Experiencer_obj|Request,In the Appeal stage of the criminal process the Convict or his or her Representative applies to a higher Court to reverse the Decision of the lower court on certain Grounds. ' The defense plans to appeal the court's decision on the grounds that the judge violated Code 81.b . ' ' John Michaels will appeal his conviction .'
qwen2_5_0_5b_instruct,compact_instruction_llm,dynamic_few_shot_lu_rerank,30,15,5,1,"An appeal against Langbaurgh planners ' refusal to allow a hot food takeaway premises at 46 West Road , Loftus , to operate on Sundays between 7 pm and 11 pm has been dismissed .",appeal,Appeal,Arraignment,Appeal|Agree_or_refuse_to_act|Attempt|Attempt_suasion|Avoiding|Abandonment|Attempt_means|Arraignment|Activity_pause|Arriving|Affirm_or_deny|Arson|Bail_decision|Attitude_description|Activity_done_state,True,Appeal,True,Appeal|Agree_or_refuse_to_act|Attempt|Attempt_suasion|Avoiding,daily_life,35,True,True,Experiencer_obj|Request,In the Appeal stage of the criminal process the Convict or his or her Representative applies to a higher Court to reverse the Decision of the lower court on certain Grounds. ' The defense plans to appeal the court's decision on the grounds that the judge violated Code 81.b . ' ' John Michaels will appeal his conviction .'
qwen2_5_0_5b_instruct,compact_instruction_llm,dynamic_few_shot_lu_rerank,30,15,5,1,Unless an appeal is lodged within 28 days of sentencing he could be free in a little over two years .,appeal,Appeal,Age,Appeal|Bail_decision|Arrest|Arraignment|Age|Agree_or_refuse_to_act|Arson|Activity_pause|Attempt_suasion|Avoiding|Atonement|Affirm_or_deny|Actually_occurring_entity|Abusing|Attitude_description,True,Appeal,True,Appeal|Bail_decision|Arrest|Arraignment|Age,general,21,True,True,Experiencer_obj|Request,In the Appeal stage of the criminal process the Convict or his or her Representative applies to a higher Court to reverse the Decision of the lower court on certain Grounds. ' The defense plans to appeal the court's decision on the grounds that the judge violated Code 81.b . ' ' John Michaels will appeal his conviction .'
qwen2_5_0_5b_instruct,compact_instruction_llm,dynamic_few_shot_lu_rerank,30,15,5,1,"Rehabilitation officer Margaret Harding , 64 , was not meant to know that a special presentation had been organised , but word soon got out .",officer,Appellations,Becoming_aware,Appellations|Becoming_visible|Assistance|Becoming_aware|Attitude_description|Becoming|Accompaniment|Activity_ready_state|Assemble|Attention_getting|Awareness_status|Attending|Attempt_suasion|Activity_pause|Assigned_location,True,Appellations,True,Appellations|Becoming_visible|Assistance|Becoming_aware|Attitude_description,general,26,True,True,Attention_getting|Leadership|People_by_vocation,"This frame is only for words that are used as the Titles of individuals. The Title is applied to a Name (surname or full name) and often designates their rank within a man-made institution (e.g. chief, king, bishop, brother) or general social status (mr., miss), or may indicate a kinship relationship (cousin, aunt). Pairings of Title and Name can be used as vocatives (see Attention_getting), while the Titles may not always be vocative on their own. 'He saluted General Fightmeister walking into the room.' 'Everyone stood as Captain Jack Aubrey delivered a toast.' 'Supreme Court Chief Justice John Roberts is sticking to his guns .' 'Captain Mike Eruzione of the USA Miracle on Ice hockey team in 1980 turns 58 today.' Most LUs of this frame are related to LUs of the Leadership or Kinship frames, but some (e.g. Lady, Mr., Brother) occur only here. These LUs differ from normal examples of LUs in Leadership or Kinship in that the LUs are used simply as vocatives or as modifiers of names, to indicate how the individual fits into the general or specific social context."
qwen2_5_0_5b_instruct,compact_instruction_llm,dynamic_few_shot_lu_rerank,30,15,5,1,"Dog attack : RSPCA officer Albert Morland was savaged by a dog after calling at a home in Aigburth , Liverpool .",officer,Appellations,UNKNOWN,Appellations|Animals|Attack|Abusing|Arson|Appeal|Attempt|Be_on_alert|Attention_getting|Arrest|Activity_ready_state|Assigned_location|Attempt_suasion|Agree_or_refuse_to_act|Affirm_or_deny,True,Appellations,True,Appellations|Animals|Attack|Abusing|Arson,daily_life,22,True,True,Attention_getting|Leadership|People_by_vocation,"This frame is only for words that are used as the Titles of individuals. The Title is applied to a Name (surname or full name) and often designates their rank within a man-made institution (e.g. chief, king, bishop, brother) or general social status (mr., miss), or may indicate a kinship relationship (cousin, aunt). Pairings of Title and Name can be used as vocatives (see Attention_getting), while the Titles may not always be vocative on their own. 'He saluted General Fightmeister walking into the room.' 'Everyone stood as Captain Jack Aubrey delivered a toast.' 'Supreme Court Chief Justice John Roberts is sticking to his guns .' 'Captain Mike Eruzione of the USA Miracle on Ice hockey team in 1980 turns 58 today.' Most LUs of this frame are related to LUs of the Leadership or Kinship frames, but some (e.g. Lady, Mr., Brother) occur only here. These LUs differ from normal examples of LUs in Leadership or Kinship in that the LUs are used simply as vocatives or as modifiers of names, to indicate how the individual fits into the general or specific social context."
qwen2_5_0_5b_instruct,compact_instruction_llm,dynamic_few_shot_lu_rerank,30,15,5,1,BMC access officer Bill Wright has ascertained that the caves to be ( or not to be ? ) blown up lie below and to the side of the main embankments of Hodge .,officer,Appellations,Becoming_aware,Appellations|Abounding_with|Adducing|Attitude_description|Attributed_information|Becoming_aware|Attempt_suasion|Attempt|Affirm_or_deny|Arraignment|Actually_occurring_entity|Appeal|Architectural_part|Activity_ready_state|Assigned_location,True,Appellations,True,Appellations|Abounding_with|Adducing|Attitude_description|Attributed_information,business,34,True,True,Attention_getting|Leadership|People_by_vocation,"This frame is only for words that are used as the Titles of individuals. The Title is applied to a Name (surname or full name) and often designates their rank within a man-made institution (e.g. chief, king, bishop, brother) or general social status (mr., miss), or may indicate a kinship relationship (cousin, aunt). Pairings of Title and Name can be used as vocatives (see Attention_getting), while the Titles may not always be vocative on their own. 'He saluted General Fightmeister walking into the room.' 'Everyone stood as Captain Jack Aubrey delivered a toast.' 'Supreme Court Chief Justice John Roberts is sticking to his guns .' 'Captain Mike Eruzione of the USA Miracle on Ice hockey team in 1980 turns 58 today.' Most LUs of this frame are related to LUs of the Leadership or Kinship frames, but some (e.g. Lady, Mr., Brother) occur only here. These LUs differ from normal examples of LUs in Leadership or Kinship in that the LUs are used simply as vocatives or as modifiers of names, to indicate how the individual fits into the general or specific social context."
qwen2_5_0_5b_instruct,compact_instruction_llm,dynamic_few_shot_lu_rerank,30,15,5,1,"Wirral Ranger Services principal officer Jim Lester said : ` The number of cocklers in the estuary is much lower than it has been , partly due to the cockle beds being reduced .",officer,Appellations,UNKNOWN,Appellations|Abounding_with|Amounting_to|Being_detached|Adducing|Attempt|Bail_decision|Adjusting|Amassing|Agree_or_refuse_to_act|Attitude_description|Arriving|Accompaniment|Becoming_separated|Bearing_arms,True,Appellations,True,Appellations|Abounding_with|Amounting_to|Being_detached|Adducing,general,34,True,True,Attention_getting|Leadership|People_by_vocation,"This frame is only for words that are used as the Titles of individuals. The Title is applied to a Name (surname or full name) and often designates their rank within a man-made institution (e.g. chief, king, bishop, brother) or general social status (mr., miss), or may indicate a kinship relationship (cousin, aunt). Pairings of Title and Name can be used as vocatives (see Attention_getting), while the Titles may not always be vocative on their own. 'He saluted General Fightmeister walking into the room.' 'Everyone stood as Captain Jack Aubrey delivered a toast.' 'Supreme Court Chief Justice John Roberts is sticking to his guns .' 'Captain Mike Eruzione of the USA Miracle on Ice hockey team in 1980 turns 58 today.' Most LUs of this frame are related to LUs of the Leadership or Kinship frames, but some (e.g. Lady, Mr., Brother) occur only here. These LUs differ from normal examples of LUs in Leadership or Kinship in that the LUs are used simply as vocatives or as modifiers of names, to indicate how the individual fits into the general or specific social context."
qwen2_5_0_5b_instruct,compact_instruction_llm,dynamic_few_shot_lu_rerank,30,15,5,1,"US Cup press officer Jim Trecker says : ` If you did n't know the story , you would n't think it was anything out of the ordinary , it looks just like a plain grass field .",officer,Appellations,Abounding_with,Appellations|Attitude_description|Awareness_status|Becoming_aware|Actually_occurring_entity|Abounding_with|Artificiality|Awareness|Affirm_or_deny|Avoiding|Ambient_temperature|Assigned_location|Arrest|Bearing_arms|Aggregate,True,Appellations,True,Appellations|Attitude_description|Awareness_status|Becoming_aware|Actually_occurring_entity,general,38,True,True,Attention_getting|Leadership|People_by_vocation,"This frame is only for words that are used as the Titles of individuals. The Title is applied to a Name (surname or full name) and often designates their rank within a man-made institution (e.g. chief, king, bishop, brother) or general social status (mr., miss), or may indicate a kinship relationship (cousin, aunt). Pairings of Title and Name can be used as vocatives (see Attention_getting), while the Titles may not always be vocative on their own. 'He saluted General Fightmeister walking into the room.' 'Everyone stood as Captain Jack Aubrey delivered a toast.' 'Supreme Court Chief Justice John Roberts is sticking to his guns .' 'Captain Mike Eruzione of the USA Miracle on Ice hockey team in 1980 turns 58 today.' Most LUs of this frame are related to LUs of the Leadership or Kinship frames, but some (e.g. Lady, Mr., Brother) occur only here. These LUs differ from normal examples of LUs in Leadership or Kinship in that the LUs are used simply as vocatives or as modifiers of names, to indicate how the individual fits into the general or specific social context."
qwen2_5_0_5b_instruct,compact_instruction_llm,dynamic_few_shot_lu_rerank,30,15,5,1,Star of the Swansea show against the overrun police was CID officer Simon Davies with a hat-trick of tries .,officer,Appellations,Becoming_aware,Appellations|Attempt|Attempt_means|Attitude_description|Arrest|Attention_getting|Becoming_visible|Actually_occurring_entity|Assistance|Accompaniment|Affirm_or_deny|Bearing_arms|Appeal|Becoming_aware|Arson,True,Appellations,True,Appellations|Attempt|Attempt_means|Attitude_description|Arrest,legal,20,True,True,Attention_getting|Leadership|People_by_vocation,"This frame is only for words that are used as the Titles of individuals. The Title is applied to a Name (surname or full name) and often designates their rank within a man-made institution (e.g. chief, king, bishop, brother) or general social status (mr., miss), or may indicate a kinship relationship (cousin, aunt). Pairings of Title and Name can be used as vocatives (see Attention_getting), while the Titles may not always be vocative on their own. 'He saluted General Fightmeister walking into the room.' 'Everyone stood as Captain Jack Aubrey delivered a toast.' 'Supreme Court Chief Justice John Roberts is sticking to his guns .' 'Captain Mike Eruzione of the USA Miracle on Ice hockey team in 1980 turns 58 today.' Most LUs of this frame are related to LUs of the Leadership or Kinship frames, but some (e.g. Lady, Mr., Brother) occur only here. These LUs differ from normal examples of LUs in Leadership or Kinship in that the LUs are used simply as vocatives or as modifiers of names, to indicate how the individual fits into the general or specific social context."
qwen2_5_0_5b_instruct,compact_instruction_llm,dynamic_few_shot_lu_rerank,30,15,5,1,"Arranging them in a curved shape , I used a small fern , some gorse , a few ` Canary Bird "" roses and some pansies .",arrange,Arranging,Becoming_separated,Arranging|Arriving|Aggregate|Abounding_with|Adjacency|Assemble|Attaching|Ammunition|Appointing|Becoming_visible|Becoming_separated|Adjusting|Achieving_first|Animals|Attitude_description,True,Arranging,True,Arranging|Arriving|Aggregate|Abounding_with|Adjacency,general,27,True,True,Placing|Scheduling,"An Agent puts a complex Theme into a particular Configuration, which can be a proper order, a correct or suitable sequence, or a spatial position. 'He arranged the elements in the pattern that we now call the periodic table.' 'Try to order them by importance. CNI '"
qwen2_5_0_5b_instruct,compact_instruction_llm,dynamic_few_shot_lu_rerank,30,15,5,1,"Take about three bananas , and cut them up and arrange them on a plate in four pieces to look like a monster .",arrange,Arranging,Becoming_aware,Arranging|Aggregate|Attitude_description|Arriving|Be_subset_of|Becoming_visible|Assemble|Becoming_aware|Adjacency|Architectural_part|Becoming_separated|Adducing|Attention_getting|Adding_up|Accompaniment,True,Arranging,True,Arranging|Aggregate|Attitude_description|Arriving|Be_subset_of,general,24,True,True,Placing|Scheduling,"An Agent puts a complex Theme into a particular Configuration, which can be a proper order, a correct or suitable sequence, or a spatial position. 'He arranged the elements in the pattern that we now call the periodic table.' 'Try to order them by importance. CNI '"
qwen2_5_0_5b_instruct,compact_instruction_llm,dynamic_few_shot_lu_rerank,30,15,5,1,"Far above in the belfry , the huge bronze bells , mounted on wheels , swing madly through a full 360 degrees , starting and ending , surprisingly , in the inverted , or mouth-up position .",wheel,Artifact,Becoming_aware,Artifact|Becoming_aware|Attention_getting|Abounding_with|Attitude_description|Becoming_silent|Adjacency|Arriving|Attention|Achieving_first|Being_detached|Aesthetics|Ambient_temperature|Arranging|Becoming_visible,True,Artifact,True,Artifact|Becoming_aware|Attention_getting|Abounding_with|Attitude_description,general,37,True,True,Bringing|Vehicle_subpart,"An Artifact is deliberately made or modified by an intelligent entity to be put to a certain kind of Use. Various properties of the Artifact may be specified, such as its Creator, Time_of_creation, Name, Type, and the Material of which it is composed. The Artifact may or may not be a physical entity. 'There are reports that Kim Il Sung asked China to share its nuclear weapons technology.'"
qwen2_5_0_5b_instruct,compact_instruction_llm,dynamic_few_shot_lu_rerank,30,15,5,1,"Drumheller told the Post he was surprised when a few days later , on February 5, 2003 , Powell told the U.N. Security Council that `` we have first-hand descriptions of biological weapons factories on wheels and rails . ''",wheel,Artifact,Becoming_aware,Artifact|Bearing_arms|Ammunition|Becoming_aware|Attitude_description|Becoming_attached|Achieving_first|Activity_ready_state|Attack|Be_in_agreement_on_action|Aggregate|Attention_getting|Awareness_status|Actually_occurring_entity|Aiming,True,Artifact,True,Artifact|Bearing_arms|Ammunition|Becoming_aware|Attitude_description,news_politics,40,True,True,Bringing|Vehicle_subpart,"An Artifact is deliberately made or modified by an intelligent entity to be put to a certain kind of Use. Various properties of the Artifact may be specified, such as its Creator, Time_of_creation, Name, Type, and the Material of which it is composed. The Artifact may or may not be a physical entity. 'There are reports that Kim Il Sung asked China to share its nuclear weapons technology.'"
qwen2_5_0_5b_instruct,compact_instruction_llm,dynamic_few_shot_lu_rerank,30,15,5,1,"Only then , when the wheels were almost moving , did I suddenly realize that my liberty lay in my own hands .",wheel,Artifact,Becoming_aware,Artifact|Becoming_aware|Attitude_description|Attention|Bearing_arms|Achieving_first|Attention_getting|Becoming|Being_detached|Awareness_status|Abandonment|Becoming_visible|Attaching|Becoming_silent|Adjusting,True,Artifact,True,Artifact|Becoming_aware|Attitude_description|Attention|Bearing_arms,general,23,True,True,Bringing|Vehicle_subpart,"An Artifact is deliberately made or modified by an intelligent entity to be put to a certain kind of Use. Various properties of the Artifact may be specified, such as its Creator, Time_of_creation, Name, Type, and the Material of which it is composed. The Artifact may or may not be a physical entity. 'There are reports that Kim Il Sung asked China to share its nuclear weapons technology.'"
qwen2_5_0_5b_instruct,compact_instruction_llm,dynamic_few_shot_lu_rerank,30,15,5,1,"The sound is equal parts glam , punk , and metal , and features Cheap Trick guitarist Rick Nielsen .",sound,Artistic_style,Achieving_first,Artistic_style|Attitude_description|Actually_occurring_entity|Adjusting|Be_subset_of|Achieving_first|Architectural_part|Artificiality|Becoming_aware|Be_in_agreement_on_assessment|Adjacency|Attention_getting|Accompaniment|Aggregate|Animals,True,Artistic_style,True,Artistic_style|Attitude_description|Actually_occurring_entity|Adjusting|Be_subset_of,general,20,True,True,Cause_to_make_noise|Give_impression|Make_noise|Natural_features|Sensation,This frame contains LUs that express the Form which a piece of Artwork represents. The Form may also represent the entire body of an Artist's work. The Form may be further characterized by the Time of some Artwork's creation or other Descriptors. 'Her style of painting is an excellent blend of traditional and modern.' 'The whimsical style of this piece is very effective.'
qwen2_5_0_5b_instruct,compact_instruction_llm,dynamic_few_shot_lu_rerank,30,15,5,1,"A quick check into the sounds of its era reveals what the set 's 198 pages of liner notes do n't -- that 1959 , the year Sketches of Spain was recorded , was also the year The Soul of Spain by the mood orchestra 101 Strings hit the Top 40 .",sound,Artistic_style,Becoming_aware,Artistic_style|Abounding_with|Age|Attitude_description|Aesthetics|Becoming_aware|Ambient_temperature|Be_subset_of|Amounting_to|Attributed_information|Activity_finish|Attention_getting|Achieving_first|Accompaniment|Amassing,True,Artistic_style,True,Artistic_style|Abounding_with|Age|Attitude_description|Aesthetics,general,52,True,True,Cause_to_make_noise|Give_impression|Make_noise|Natural_features|Sensation,This frame contains LUs that express the Form which a piece of Artwork represents. The Form may also represent the entire body of an Artist's work. The Form may be further characterized by the Time of some Artwork's creation or other Descriptors. 'Her style of painting is an excellent blend of traditional and modern.' 'The whimsical style of this piece is very effective.'
qwen2_5_0_5b_instruct,compact_instruction_llm,dynamic_few_shot_lu_rerank,30,15,5,1,"Meanwhile , the music 's sound and technology was providing the sonic space and public rituals for hip-hop -- as electrifying a pop form as I 've ever heard .",sound,Artistic_style,Becoming_aware,Artistic_style|Attitude_description|Architectural_part|Abounding_with|Achieving_first|Becoming_aware|Becoming_visible|Accompaniment|Actually_occurring_entity|Aesthetics|Becoming|Attention|Artifact|Attention_getting|Activity_ongoing,True,Artistic_style,True,Artistic_style|Attitude_description|Architectural_part|Abounding_with|Achieving_first,general,30,True,True,Cause_to_make_noise|Give_impression|Make_noise|Natural_features|Sensation,This frame contains LUs that express the Form which a piece of Artwork represents. The Form may also represent the entire body of an Artist's work. The Form may be further characterized by the Time of some Artwork's creation or other Descriptors. 'Her style of painting is an excellent blend of traditional and modern.' 'The whimsical style of this piece is very effective.'
qwen2_5_0_5b_instruct,compact_instruction_llm,dynamic_few_shot_lu_rerank,30,15,5,1,"Of the relatively few exceptions to the pattern two which call for mention are Chicheley Hall , Buckinghamshire ( 1719-21 ) , and Sutton Scarsdale , Derbyshire ( begun 1724 ) : the exotic façade of the former probably owes more to the taste of the patron , Sir John Chester , than to Smith 's own devising ; but Sutton Scarsdale , in part evidently inspired by Gibbs 's unexecuted design of 1721 for the university buildings at Cambridge , is his finest work , a wholly convincing essay in the heroic grand manner , in which the giant Corinthian order is handled with total assurance .",order,Artistic_style,Attitude_description,Bail_decision|Artistic_style|Arriving|Becoming_visible|Arranging|Accompaniment|Attitude_description|Be_subset_of|Achieving_first|Adjacency|Architectural_part|Attempt_suasion|Adducing|Attempt|Amalgamation,True,Artistic_style|Bail_decision,True,Bail_decision|Artistic_style|Arriving|Becoming_visible|Arranging,daily_life,108,True,True,Arranging|Bail_decision|Biological_classification|Chaos|Law,This frame contains LUs that express the Form which a piece of Artwork represents. The Form may also represent the entire body of an Artist's work. The Form may be further characterized by the Time of some Artwork's creation or other Descriptors. 'Her style of painting is an excellent blend of traditional and modern.' 'The whimsical style of this piece is very effective.'
qwen2_5_0_5b_instruct,compact_instruction_llm,dynamic_few_shot_lu_rerank,30,15,5,1,"The interior walls are alternately recessed with square and semicircular niches and there are eight columns of the Corinthian order supporting an entablature , with , above , eight further columns of the Composite order .",order,Artistic_style,Architectural_part,Bail_decision|Artistic_style|Arranging|Adjacency|Adducing|Arriving|Attitude_description|Architectural_part|Becoming_visible|Amalgamation|Accompaniment|Becoming_separated|Becoming_aware|Aggregate|Aesthetics,True,Artistic_style|Bail_decision,True,Bail_decision|Artistic_style|Arranging|Adjacency|Adducing,general,36,True,True,Arranging|Bail_decision|Biological_classification|Chaos|Law,This frame contains LUs that express the Form which a piece of Artwork represents. The Form may also represent the entire body of an Artist's work. The Form may be further characterized by the Time of some Artwork's creation or other Descriptors. 'Her style of painting is an excellent blend of traditional and modern.' 'The whimsical style of this piece is very effective.'
qwen2_5_0_5b_instruct,compact_instruction_llm,dynamic_few_shot_lu_rerank,30,15,5,1,"Also in the Corinthian Order , it has an almost intact peristyle of 20 columns but the entablature has been replaced by a modern roof .",order,Artistic_style,Becoming,Bail_decision|Artistic_style|Becoming_visible|Arranging|Adjacency|Attitude_description|Arriving|Architectural_part|Becoming|Amalgamation|Becoming_aware|Achieving_first|Adducing|Accompaniment|Attaching,True,Artistic_style|Bail_decision,True,Bail_decision|Artistic_style|Becoming_visible|Arranging|Adjacency,general,26,True,True,Arranging|Bail_decision|Biological_classification|Chaos|Law,This frame contains LUs that express the Form which a piece of Artwork represents. The Form may also represent the entire body of an Artist's work. The Form may be further characterized by the Time of some Artwork's creation or other Descriptors. 'Her style of painting is an excellent blend of traditional and modern.' 'The whimsical style of this piece is very effective.'
qwen2_5_0_5b_instruct,compact_instruction_llm,dynamic_few_shot_lu_rerank,30,15,5,1,It is still in use as the town gateway as is the other example on the other side of the town which uses the Corinthian Order ( 163 ) .,order,Artistic_style,Arranging,Bail_decision|Artistic_style|Arriving|Adjacency|Becoming_visible|Accompaniment|Alliance|Abounding_with|Arranging|Amalgamation|Achieving_first|Abandonment|Assigned_location|Becoming_aware|Assemble,True,Artistic_style|Bail_decision,True,Bail_decision|Artistic_style|Arriving|Adjacency|Becoming_visible,general,30,True,True,Arranging|Bail_decision|Biological_classification|Chaos|Law,This frame contains LUs that express the Form which a piece of Artwork represents. The Form may also represent the entire body of an Artist's work. The Form may be further characterized by the Time of some Artwork's creation or other Descriptors. 'Her style of painting is an excellent blend of traditional and modern.' 'The whimsical style of this piece is very effective.'
qwen2_5_0_5b_instruct,compact_instruction_llm,dynamic_few_shot_lu_rerank,30,15,5,1,The arch has three openings divided by columns of the Corinthian Order based on sculptured pedestals ; the entablature is returned over each column .,order,Artistic_style,Achieving_first,Bail_decision|Artistic_style|Arranging|Arriving|Attitude_description|Achieving_first|Architectural_part|Becoming_visible|Adjacency|Accompaniment|Amalgamation|Aggregate|Adducing|Becoming_aware|Attempt_means,True,Artistic_style|Bail_decision,True,Bail_decision|Artistic_style|Arranging|Arriving|Attitude_description,general,25,True,True,Arranging|Bail_decision|Biological_classification|Chaos|Law,This frame contains LUs that express the Form which a piece of Artwork represents. The Form may also represent the entire body of an Artist's work. The Form may be further characterized by the Time of some Artwork's creation or other Descriptors. 'Her style of painting is an excellent blend of traditional and modern.' 'The whimsical style of this piece is very effective.'
qwen2_5_0_5b_instruct,compact_instruction_llm,dynamic_few_shot_lu_rerank,30,15,5,1,"The annual opening ceremonies and the regular sessions are open to visitors , who can sit in the public gallery to watch the robed and white - wigged Speaker preside over the legislative deliberations ( the Assembly meets on Fridays from late October until early July ) .",meet,Assemble,Activity_ready_state,Assemble|Attending|Attention|Activity_start|Accompaniment|Activity_ready_state|Attention_getting|Activity_prepare|Aesthetics|Becoming_visible|Activity_resume|Be_in_agreement_on_assessment|Becoming_a_member|Activity_done_state|Attempt_suasion,True,Assemble,True,Assemble|Attending|Attention|Activity_start|Accompaniment,general,48,True,True,Come_together|Locative_relation|Make_acquaintance|Meet_specifications|Meet_with_response,"In this frame a group of Individuals intentionally come together to form a Group. Alternatively, a grammatically more prominent Party_1 assembles with a Party_2, expressed as an oblique phrase. If this asymmetric construal is chosen, Purpose only relates to Party_1. 'We assembled in the courtyard to talk about our future plans.' 'Our study group is convening outside today.' 'The Dodgers meet the San Francisco Giants tomorrow at Dodger Stadium.'"
qwen2_5_0_5b_instruct,compact_instruction_llm,dynamic_few_shot_lu_rerank,30,15,5,1,"Saturday my study group ( go ahead , laugh ) met to discuss Doug Henwood 's new book Wall Street ( I missed this session because I had n't read the book ) and at lunchtime they went to a demonstration in Union Square , that was supposed to be of Latino sweatshop workers , and came away reeling : maybe fifteen people , mostly ancient sectarians and a few young ones , all full of the old rhetoric ( a moment of silence followed by a `` moment of rage '' with raised fists but some people did n't know how to do it , memories of the black athletes ' stand at the Mexico City Olympics having faded ) .",meet,Assemble,UNKNOWN,Assemble|Attitude_description|Attending|Accompaniment|Alliance|Arriving|Attention_getting|Aggregate|Attention|Attributed_information|Amassing|Becoming_visible|Abounding_with|Assistance|Becoming_silent,True,Assemble,True,Assemble|Attitude_description|Attending|Accompaniment|Alliance,general,122,True,True,Come_together|Locative_relation|Make_acquaintance|Meet_specifications|Meet_with_response,"In this frame a group of Individuals intentionally come together to form a Group. Alternatively, a grammatically more prominent Party_1 assembles with a Party_2, expressed as an oblique phrase. If this asymmetric construal is chosen, Purpose only relates to Party_1. 'We assembled in the courtyard to talk about our future plans.' 'Our study group is convening outside today.' 'The Dodgers meet the San Francisco Giants tomorrow at Dodger Stadium.'"
qwen2_5_0_5b_instruct,compact_instruction_llm,dynamic_few_shot_lu_rerank,30,15,5,1,The two chambers of the modern House of Assembly meet in the so-called western building ( on the right side if you 're facing from the square ) ; the public - records office and government publications department are housed in the other historic buildings .,meet,Assemble,Becoming_aware,Assemble|Architectural_part|Attending|Adjacency|Attitude_description|Becoming_aware|Attention_getting|Alliance|Becoming_separated|Aggregate|Becoming_visible|Abounding_with|Amalgamation|Be_subset_of|Adducing,True,Assemble,True,Assemble|Architectural_part|Attending|Adjacency|Attitude_description,news_politics,46,True,True,Come_together|Locative_relation|Make_acquaintance|Meet_specifications|Meet_with_response,"In this frame a group of Individuals intentionally come together to form a Group. Alternatively, a grammatically more prominent Party_1 assembles with a Party_2, expressed as an oblique phrase. If this asymmetric construal is chosen, Purpose only relates to Party_1. 'We assembled in the courtyard to talk about our future plans.' 'Our study group is convening outside today.' 'The Dodgers meet the San Francisco Giants tomorrow at Dodger Stadium.'"
qwen2_5_0_5b_instruct,compact_instruction_llm,dynamic_few_shot_lu_rerank,30,15,5,1,Every August young women convene to light joss sticks and some even climb the nine - meter ( 30 - ft ) rock to pray for good husbands .,convene,Assemble,Adjusting,Assemble|Aesthetics|Attitude_description|Attention|Attention_getting|Adjusting|Accomplishment|Ambient_temperature|Abounding_with|Animals|Being_detached|Aggregate|Attempt|Arriving|Bearing_arms,True,Assemble,True,Assemble|Aesthetics|Attitude_description|Attention|Attention_getting,general,29,True,True,Come_together|Gathering_up,"In this frame a group of Individuals intentionally come together to form a Group. Alternatively, a grammatically more prominent Party_1 assembles with a Party_2, expressed as an oblique phrase. If this asymmetric construal is chosen, Purpose only relates to Party_1. 'We assembled in the courtyard to talk about our future plans.' 'Our study group is convening outside today.' 'The Dodgers meet the San Francisco Giants tomorrow at Dodger Stadium.'"
qwen2_5_0_5b_instruct,compact_instruction_llm,dynamic_few_shot_lu_rerank,30,15,5,1,"A cop for 13 years , he fled his post during the uprising , he said , but returned a week later because police work is all he knows .",post,Assigned_location,Becoming_aware,Assigned_location|Awareness_status|Arrest|Attempt|Attention_getting|Attempt_suasion|Arson|Accomplishment|Awareness|Becoming_aware|Abandonment|Becoming|Attitude_description|Affirm_or_deny|Arriving,True,Assigned_location,True,Assigned_location|Awareness_status|Arrest|Attempt|Attention_getting,legal,30,True,True,Sending|Sent_items|Time_vector,"An Individual is assigned a Station to remain at, usually in order to accomplish a task. The Station may have an intended use based on its features (e.g., a vendor's booth), or it may be temporarily assigned a use. 'The guards who remained at their stations had no idea what was going on two floors below.' 'Return to your post!'"
qwen2_5_0_5b_instruct,compact_instruction_llm,dynamic_few_shot_lu_rerank,30,15,5,1,"The new , better-trained and better-equipped Iraqi forces include police who have defended their stations during insurgent attacks in Baghdad -- though some officers abandoned their posts in Mosul this month .",post,Assigned_location,Activity_ready_state,Assigned_location|Attack|Bearing_arms|Armor|Attempt|Actually_occurring_entity|Attitude_description|Attempt_suasion|Activity_prepare|Be_on_alert|Aggregate|Aiming|Activity_ready_state|Being_active|Adopt_selection,True,Assigned_location,True,Assigned_location|Attack|Bearing_arms|Armor|Attempt,legal,32,True,True,Sending|Sent_items|Time_vector,"An Individual is assigned a Station to remain at, usually in order to accomplish a task. The Station may have an intended use based on its features (e.g., a vendor's booth), or it may be temporarily assigned a use. 'The guards who remained at their stations had no idea what was going on two floors below.' 'Return to your post!'"
qwen2_5_0_5b_instruct,compact_instruction_llm,dynamic_few_shot_lu_rerank,30,15,5,1,"Three-quarters of the members of the 4,000-strong Mosul police force have abandoned their posts , said a senior military official in Iraq .",post,Assigned_location,Attention_getting,Assigned_location|Aggregate|Attack|Attributed_information|Attitude_description|Attention_getting|Amounting_to|Bearing_arms|Age|Affirm_or_deny|Attempt|Amassing|Be_subset_of|Be_on_alert|Becoming,True,Assigned_location,True,Assigned_location|Aggregate|Attack|Attributed_information|Attitude_description,legal,23,True,True,Sending|Sent_items|Time_vector,"An Individual is assigned a Station to remain at, usually in order to accomplish a task. The Station may have an intended use based on its features (e.g., a vendor's booth), or it may be temporarily assigned a use. 'The guards who remained at their stations had no idea what was going on two floors below.' 'Return to your post!'"
qwen2_5_0_5b_instruct,compact_instruction_llm,dynamic_few_shot_lu_rerank,30,15,5,1,Six of the engineers had swum to the northern bank where they were fastening a rope to a great elm tree .,fasten,Attaching,Becoming_aware,Attaching|Becoming_attached|Arriving|Attempt|Assistance|Animals|Architectural_part|Attitude_description|Achieving_first|Attention_getting|Accuracy|Adjusting|Aiming|Becoming_aware|Attempt_means,True,Attaching|Becoming_attached,True,Attaching|Becoming_attached|Arriving|Attempt|Assistance,business,22,True,True,Becoming_attached|Closure,"The Attaching frame covers two situations: a scene in which somebody causes one thing to be physically connected to something else; or a scene in which somebody causes two things to be connected to each other. In the first, the frame includes an Agent who attaches an Item to a Goal by manipulating a Connector, creating an asymmetric relationship between the Item and the Goal. In the second, the Agent attaches two Items to each other, where each serves as a Goal for the other, creating a symmetric relationship between the two Items. In both cases, the Connector remains to bind the two entities (either Item and Goal, or two Items), without creating a new entity. 'The robber tied Harry to the chair.' 'Make sure you bind his wrists as tightly as possible.'"
qwen2_5_0_5b_instruct,compact_instruction_llm,dynamic_few_shot_lu_rerank,30,15,5,1,"At the Grand , David Swan fastened his amended photopass to his jacket and set off briskly towards the conference centre some two hundred yards away .",fasten,Attaching,Aesthetics,Attaching|Becoming_attached|Arriving|Attention_getting|Aiming|Assistance|Adjusting|Becoming_visible|Accomplishment|Armor|Attention|Aesthetics|Attending|Attempt|Architectural_part,True,Attaching|Becoming_attached,True,Attaching|Becoming_attached|Arriving|Attention_getting|Aiming,news_politics,27,True,True,Becoming_attached|Closure,"The Attaching frame covers two situations: a scene in which somebody causes one thing to be physically connected to something else; or a scene in which somebody causes two things to be connected to each other. In the first, the frame includes an Agent who attaches an Item to a Goal by manipulating a Connector, creating an asymmetric relationship between the Item and the Goal. In the second, the Agent attaches two Items to each other, where each serves as a Goal for the other, creating a symmetric relationship between the two Items. In both cases, the Connector remains to bind the two entities (either Item and Goal, or two Items), without creating a new entity. 'The robber tied Harry to the chair.' 'Make sure you bind his wrists as tightly as possible.'"
qwen2_5_0_5b_instruct,compact_instruction_llm,dynamic_few_shot_lu_rerank,30,15,5,1,"The wire is generally fastened to the bracelet with a popper so even if she forgets about it and walks away from her machine with it still attached , it will just pop apart .",fasten,Attaching,Becoming_detached,Attaching|Becoming_attached|Being_attached|Being_detached|Adjusting|Accoutrements|Becoming_detached|Bearing_arms|Artifact|Assistance|Architectural_part|Attention|Alternatives|Adjacency|Becoming_separated,True,Attaching|Becoming_attached,True,Attaching|Becoming_attached|Being_attached|Being_detached|Adjusting,sports,35,True,True,Becoming_attached|Closure,"The Attaching frame covers two situations: a scene in which somebody causes one thing to be physically connected to something else; or a scene in which somebody causes two things to be connected to each other. In the first, the frame includes an Agent who attaches an Item to a Goal by manipulating a Connector, creating an asymmetric relationship between the Item and the Goal. In the second, the Agent attaches two Items to each other, where each serves as a Goal for the other, creating a symmetric relationship between the two Items. In both cases, the Connector remains to bind the two entities (either Item and Goal, or two Items), without creating a new entity. 'The robber tied Harry to the chair.' 'Make sure you bind his wrists as tightly as possible.'"
qwen2_5_0_5b_instruct,compact_instruction_llm,dynamic_few_shot_lu_rerank,30,15,5,1,The edges of adjacent planks were not fastened together mechanically but stood open so as to form a V-shaped groove .,fasten,Attaching,Becoming_separated,Attaching|Becoming_attached|Adjacency|Becoming_separated|Arriving|Becoming_visible|Architectural_part|Arranging|Alliance|Assistance|Being_attached|Aggregate|Attitude_description|Being_detached|Amalgamation,True,Attaching|Becoming_attached,True,Attaching|Becoming_attached|Adjacency|Becoming_separated|Arriving,general,21,True,True,Becoming_attached|Closure,"The Attaching frame covers two situations: a scene in which somebody causes one thing to be physically connected to something else; or a scene in which somebody causes two things to be connected to each other. In the first, the frame includes an Agent who attaches an Item to a Goal by manipulating a Connector, creating an asymmetric relationship between the Item and the Goal. In the second, the Agent attaches two Items to each other, where each serves as a Goal for the other, creating a symmetric relationship between the two Items. In both cases, the Connector remains to bind the two entities (either Item and Goal, or two Items), without creating a new entity. 'The robber tied Harry to the chair.' 'Make sure you bind his wrists as tightly as possible.'"
qwen2_5_0_5b_instruct,compact_instruction_llm,dynamic_few_shot_lu_rerank,30,15,5,1,A TRANMERE man who attacked two sisters at a party told police he remembered little or nothing about it because of the quantity of drink he had consumed .,attack,Attack,Attempt,Attack|Attempt|Attitude_description|Avoiding|Arson|Abusing|Armor|Attention_getting|Aggregate|Architectural_part|Accompaniment|Becoming_aware|Arriving|Attempt_suasion|Affirm_or_deny,True,Attack,True,Attack|Attempt|Attitude_description|Avoiding|Arson,legal,29,True,True,Firefighting|Judgment_communication,"An Assailant physically attacks a Victim (which is usually but not always sentient), causing or intending to cause the Victim physical damage. A Weapon used by the Assailant may also be mentioned, in addition to the usual Place, Time, Purpose, Explanation, etc. Sometimes a location is used metonymically to stand for the Assailant or the Victim, and in such cases the Place FE will be annotated on a second FE layer. 'As soon as he stepped out of the bar he was set upon by four men in ski-masks.' 'Is he invading Iraq just to cover other shortcomings?' 'Then Jon-O's forces ambushed them on the left flank from a line of low hills.'"
qwen2_5_0_5b_instruct,compact_instruction_llm,dynamic_few_shot_lu_rerank,30,15,5,1,On Feb. 26 the UK forces suffered their worst losses when nine soldiers were killed after being mistakenly attacked by a US aircraft .,attack,Attack,Attack,Attack|Arson|Be_on_alert|Attempt|Assigned_location|Being_detached|Arriving|Aiming|Bearing_arms|Armor|Atonement|Appeal|Attitude_description|Avoiding|Aggregate,True,Attack,True,Attack|Arson|Be_on_alert|Attempt|Assigned_location,general,24,True,True,Firefighting|Judgment_communication,"An Assailant physically attacks a Victim (which is usually but not always sentient), causing or intending to cause the Victim physical damage. A Weapon used by the Assailant may also be mentioned, in addition to the usual Place, Time, Purpose, Explanation, etc. Sometimes a location is used metonymically to stand for the Assailant or the Victim, and in such cases the Place FE will be annotated on a second FE layer. 'As soon as he stepped out of the bar he was set upon by four men in ski-masks.' 'Is he invading Iraq just to cover other shortcomings?' 'Then Jon-O's forces ambushed them on the left flank from a line of low hills.'"
qwen2_5_0_5b_instruct,compact_instruction_llm,dynamic_few_shot_lu_rerank,30,15,5,1,"The man was speaking two days after his 14-year-old daughter was attacked in a garden 100 yards from her home in Lanchester , Co Durham .",attack,Attack,Age,Attack|Age|Arson|Abusing|Attention_getting|Arriving|Attempt|Aiming|Becoming_visible|Attitude_description|Architectural_part|Attempt_suasion|Bearing_arms|Actually_occurring_entity|Be_on_alert,True,Attack,True,Attack|Age|Arson|Abusing|Attention_getting,daily_life,26,True,True,Firefighting|Judgment_communication,"An Assailant physically attacks a Victim (which is usually but not always sentient), causing or intending to cause the Victim physical damage. A Weapon used by the Assailant may also be mentioned, in addition to the usual Place, Time, Purpose, Explanation, etc. Sometimes a location is used metonymically to stand for the Assailant or the Victim, and in such cases the Place FE will be annotated on a second FE layer. 'As soon as he stepped out of the bar he was set upon by four men in ski-masks.' 'Is he invading Iraq just to cover other shortcomings?' 'Then Jon-O's forces ambushed them on the left flank from a line of low hills.'"
qwen2_5_0_5b_instruct,compact_instruction_llm,dynamic_few_shot_lu_rerank,30,15,5,1,"Two American destroyers , the Maddox and the C. Turner Joy , were attacked by North Vietnamese boats in the Gulf of Tonkin .",attack,Attack,Be_on_alert,Attack|Attempt|Arriving|Attention_getting|Be_in_agreement_on_action|Attitude_description|Aggregate|Becoming_visible|Bearing_arms|Alliance|Aiming|Attempt_means|Be_on_alert|Appellations|Becoming_separated,True,Attack,True,Attack|Attempt|Arriving|Attention_getting|Be_in_agreement_on_action,general,24,True,True,Firefighting|Judgment_communication,"An Assailant physically attacks a Victim (which is usually but not always sentient), causing or intending to cause the Victim physical damage. A Weapon used by the Assailant may also be mentioned, in addition to the usual Place, Time, Purpose, Explanation, etc. Sometimes a location is used metonymically to stand for the Assailant or the Victim, and in such cases the Place FE will be annotated on a second FE layer. 'As soon as he stepped out of the bar he was set upon by four men in ski-masks.' 'Is he invading Iraq just to cover other shortcomings?' 'Then Jon-O's forces ambushed them on the left flank from a line of low hills.'"
qwen2_5_0_5b_instruct,compact_instruction_llm,dynamic_few_shot_lu_rerank,30,15,5,1,"The troops fired blanks into the air , but were attacked by the Uzbeks with stones and petrol bombs , and only succeeded in clearing the area by firing live rounds over the heads of the crowd .",attack,Attack,Attack,Attack|Aiming|Attempt|Arriving|Bearing_arms|Arson|Assigned_location|Be_on_alert|Ammunition|Aggregate|Beat_opponent|Becoming_visible|Activity_finish|Architectural_part|Avoiding,True,Attack,True,Attack|Aiming|Attempt|Arriving|Bearing_arms,general,38,True,True,Firefighting|Judgment_communication,"An Assailant physically attacks a Victim (which is usually but not always sentient), causing or intending to cause the Victim physical damage. A Weapon used by the Assailant may also be mentioned, in addition to the usual Place, Time, Purpose, Explanation, etc. Sometimes a location is used metonymically to stand for the Assailant or the Victim, and in such cases the Place FE will be annotated on a second FE layer. 'As soon as he stepped out of the bar he was set upon by four men in ski-masks.' 'Is he invading Iraq just to cover other shortcomings?' 'Then Jon-O's forces ambushed them on the left flank from a line of low hills.'"
qwen2_5_0_5b_instruct,compact_instruction_llm,dynamic_few_shot_lu_rerank,30,15,5,1,"Mr Peter Haliday , the district police commander for the area surrounding the Whitehead Detention Centre , Hong Kong 's largest camp for boat people , said the victims were attacked in their sleep by 10 men .",attack,Attack,Be_on_alert,Attack|Attempt|Arson|Appellations|Be_on_alert|Arriving|Attention_getting|Assigned_location|Abusing|Being_awake|Attitude_description|Appeal|Avoiding|Attempt_means|Aiming,True,Attack,True,Attack|Attempt|Arson|Appellations|Be_on_alert,legal,38,True,True,Firefighting|Judgment_communication,"An Assailant physically attacks a Victim (which is usually but not always sentient), causing or intending to cause the Victim physical damage. A Weapon used by the Assailant may also be mentioned, in addition to the usual Place, Time, Purpose, Explanation, etc. Sometimes a location is used metonymically to stand for the Assailant or the Victim, and in such cases the Place FE will be annotated on a second FE layer. 'As soon as he stepped out of the bar he was set upon by four men in ski-masks.' 'Is he invading Iraq just to cover other shortcomings?' 'Then Jon-O's forces ambushed them on the left flank from a line of low hills.'"
qwen2_5_0_5b_instruct,compact_instruction_llm,dynamic_few_shot_lu_rerank,30,15,5,1,"If you really feel that there is no opportunity in your life for you to do any of the things mentioned ( or anything else which appeals to you ) , try using your imagination .",try,Attempt_means,Activity_ongoing,Attempt_means|Attempt|Attempt_suasion|Alternatives|Actually_occurring_entity|Activity_ongoing|Attitude_description|Activity_ready_state|Attention|Addiction|Accomplishment|Aesthetics|Being_at_risk|Activity_stop|Attaching,True,Attempt_means,True,Attempt_means|Attempt|Attempt_suasion|Alternatives|Actually_occurring_entity,general,36,True,True,Attempt|Tasting|Try_defendant|Trying_out,"An Agent attempts to achieve a Goal using some Means. 'John tried using a crowbar to open the door.' 'They tried opening the window in order to rob the store.' Very frequently, an entity involved in a Means action stands in for the Means, and similarly a Goal may be metonymically expressed with an entity related to a Goal situation: 'John tried a crowbar on the door.' 'They tried the window in order to rob the store.' Unlike the Attempt frame, the Means is focused upon, and the Goal is often implicit. This frame answers the question of how something is to be attempted, rather than what is being attempted. The frames can be most reliably distinguished by paraphrasing a sentence with ""give X a try"", since ""give try"" belongs only in this frame."
qwen2_5_0_5b_instruct,compact_instruction_llm,dynamic_few_shot_lu_rerank,30,15,5,1,"Try using the same number and range of staff that are presently involved in giving nursing care , however it is organised .",try,Attempt_means,Becoming_a_member,Attempt_means|Be_subset_of|Attempt|Assistance|Architectural_part|Appointing|Becoming_a_member|Adjusting|Arranging|Aiming|Actually_occurring_entity|Being_active|Activity_resume|Attending|Aggregate,True,Attempt_means,True,Attempt_means|Be_subset_of|Attempt|Assistance|Architectural_part,daily_life,23,True,True,Attempt|Tasting|Try_defendant|Trying_out,"An Agent attempts to achieve a Goal using some Means. 'John tried using a crowbar to open the door.' 'They tried opening the window in order to rob the store.' Very frequently, an entity involved in a Means action stands in for the Means, and similarly a Goal may be metonymically expressed with an entity related to a Goal situation: 'John tried a crowbar on the door.' 'They tried the window in order to rob the store.' Unlike the Attempt frame, the Means is focused upon, and the Goal is often implicit. This frame answers the question of how something is to be attempted, rather than what is being attempted. The frames can be most reliably distinguished by paraphrasing a sentence with ""give X a try"", since ""give try"" belongs only in this frame."
qwen2_5_0_5b_instruct,compact_instruction_llm,dynamic_few_shot_lu_rerank,30,15,5,1,and the bank has a lot of programs now for child care referrals i 've of course it 's too late for me so i 've i 've not tried them to see how effective they are but,try,Attempt_means,Becoming,Attempt_means|Assistance|Age|Adding_up|Attention_getting|Attitude_description|Artificiality|Be_in_agreement_on_assessment|Actually_occurring_entity|Alternatives|Adducing|Assessing|Becoming|Appeal|Adjusting,True,Attempt_means,True,Attempt_means|Assistance|Age|Adding_up|Attention_getting,business,38,True,True,Attempt|Tasting|Try_defendant|Trying_out,"An Agent attempts to achieve a Goal using some Means. 'John tried using a crowbar to open the door.' 'They tried opening the window in order to rob the store.' Very frequently, an entity involved in a Means action stands in for the Means, and similarly a Goal may be metonymically expressed with an entity related to a Goal situation: 'John tried a crowbar on the door.' 'They tried the window in order to rob the store.' Unlike the Attempt frame, the Means is focused upon, and the Goal is often implicit. This frame answers the question of how something is to be attempted, rather than what is being attempted. The frames can be most reliably distinguished by paraphrasing a sentence with ""give X a try"", since ""give try"" belongs only in this frame."
qwen2_5_0_5b_instruct,compact_instruction_llm,dynamic_few_shot_lu_rerank,30,15,5,1,One low cost / high value option would be for companies that have already tried a particular research direction to warn TDI if the collaboration was about to investigate a known dead end .,try,Attempt_means,Attempt,Attempt_means|Assessing|Attempt|Aiming|Assistance|Artificiality|Be_subset_of|Adjusting|Achieving_first|Attention|Adopt_selection|Be_in_agreement_on_action|Attempt_suasion|Active_substance|Appeal,True,Attempt_means,True,Attempt_means|Assessing|Attempt|Aiming|Assistance,news_politics,34,True,True,Attempt|Tasting|Try_defendant|Trying_out,"An Agent attempts to achieve a Goal using some Means. 'John tried using a crowbar to open the door.' 'They tried opening the window in order to rob the store.' Very frequently, an entity involved in a Means action stands in for the Means, and similarly a Goal may be metonymically expressed with an entity related to a Goal situation: 'John tried a crowbar on the door.' 'They tried the window in order to rob the store.' Unlike the Attempt frame, the Means is focused upon, and the Goal is often implicit. This frame answers the question of how something is to be attempted, rather than what is being attempted. The frames can be most reliably distinguished by paraphrasing a sentence with ""give X a try"", since ""give try"" belongs only in this frame."
qwen2_5_0_5b_instruct,compact_instruction_llm,dynamic_few_shot_lu_rerank,30,15,5,1,"` Please , "" Melissa urged , ` there 's no need to say any more , "" but Madame Gebrec continued as if she had not spoken .",urge,Attempt_suasion,UNKNOWN,Attempt_suasion|Affirm_or_deny|Attention_getting|Agree_or_refuse_to_act|Annoyance|Becoming_silent|Activity_ready_state|Attempt|Attention|Awareness|Alternatives|Attempt_means|Activity_finish|Adding_up|Avoiding,True,Attempt_suasion,True,Attempt_suasion|Affirm_or_deny|Attention_getting|Agree_or_refuse_to_act|Annoyance,general,29,True,True,Desiring|Request,"The Speaker expresses through language his wish to get the Addressee to act in some way that will help to bring about events or states described in the Content. There is no implication that the Addressee forms an intention to act, let alone acts. 'Mr Smithers always encourages the employees to stay late and work harder.' 'Dennis Rodman advises moderation in all things. INI' The Content most prototypically refers to an action that the Addressee will carry out themselves, but may (in the case of valences with a non-finite Content clause) merely refer to a situation that they have indirect influence over, as in the following 'When I talked to her, I suggested that he be removed from office . DNI '"
qwen2_5_0_5b_instruct,compact_instruction_llm,dynamic_few_shot_lu_rerank,30,15,5,1,"` Believe it , Hilary , "" he urged gently , and when she smiled he whispered , ` Can we go back to bed now ? """,urge,Attempt_suasion,Becoming_aware,Attempt_suasion|Affirm_or_deny|Becoming_aware|Awareness|Attempt|Activity_ready_state|Attention_getting|Agree_or_refuse_to_act|Attempt_means|Activity_ongoing|Becoming_silent|Attention|Alternatives|Arriving|Awareness_status,True,Attempt_suasion,True,Attempt_suasion|Affirm_or_deny|Becoming_aware|Awareness|Attempt,general,28,True,True,Desiring|Request,"The Speaker expresses through language his wish to get the Addressee to act in some way that will help to bring about events or states described in the Content. There is no implication that the Addressee forms an intention to act, let alone acts. 'Mr Smithers always encourages the employees to stay late and work harder.' 'Dennis Rodman advises moderation in all things. INI' The Content most prototypically refers to an action that the Addressee will carry out themselves, but may (in the case of valences with a non-finite Content clause) merely refer to a situation that they have indirect influence over, as in the following 'When I talked to her, I suggested that he be removed from office . DNI '"
qwen2_5_0_5b_instruct,compact_instruction_llm,dynamic_few_shot_lu_rerank,30,15,5,1,"The conference will be attended by directors , health service chief executives and directors of purchasing , as well as delegates from the independent sector .",attend,Attending,Becoming_a_member,Attending|Assemble|Appointing|Assistance|Accompaniment|Becoming_a_member|Alliance|Attention_getting|Be_subset_of|Becoming_visible|Architectural_part|Aggregate|Be_in_agreement_on_assessment|Accomplishment|Attention,True,Attending,True,Attending|Assemble|Appointing|Assistance|Accompaniment,general,26,True,True,Attention|Perception_active,An Agent goes to an Event and is present in a relatively non-participatory way. 'The Angolan guerrillas will attend a September meeting in Zaire.' 'We just go to the movies when it rains.' 'His attendance at the funeral did not go unnoticed.'
qwen2_5_0_5b_instruct,compact_instruction_llm,dynamic_few_shot_lu_rerank,30,15,5,1,"To make things worse , he attended a meeting in South Africa without the permission of his Church Chairman .",attend,Attending,UNKNOWN,Attending|Accompaniment|Assemble|Attempt_suasion|Appointing|Assistance|Agree_or_refuse_to_act|Affirm_or_deny|Avoiding|Arriving|Attempt|Attention_getting|Arson|Accomplishment|Alliance,True,Attending,True,Attending|Accompaniment|Assemble|Attempt_suasion|Appointing,general,20,True,True,Attention|Perception_active,An Agent goes to an Event and is present in a relatively non-participatory way. 'The Angolan guerrillas will attend a September meeting in Zaire.' 'We just go to the movies when it rains.' 'His attendance at the funeral did not go unnoticed.'
qwen2_5_0_5b_instruct,compact_instruction_llm,dynamic_few_shot_lu_rerank,30,15,5,1,"Mr Wilson , who is a member of the Irish Senate , also announced today that he would be attending the funeral of three-year-old Johnathan Ball , who died in the Warrington blast .",attend,Attending,Becoming_aware,Attending|Accompaniment|Assemble|Assistance|Appellations|Becoming_aware|Appointing|Arson|Attention_getting|Attempt_suasion|Activity_finish|Bail_decision|Becoming_visible|Becoming_a_member|Awareness_status,True,Attending,True,Attending|Accompaniment|Assemble|Assistance|Appellations,news_politics,34,True,True,Attention|Perception_active,An Agent goes to an Event and is present in a relatively non-participatory way. 'The Angolan guerrillas will attend a September meeting in Zaire.' 'We just go to the movies when it rains.' 'His attendance at the funeral did not go unnoticed.'
qwen2_5_0_5b_instruct,compact_instruction_llm,dynamic_few_shot_lu_rerank,30,15,5,1,"Earlier , 270 candles were lit after a ceremony attended by 1,000 local people in Dryfesdale cemetery to dedicate a garden of remembrance .",attend,Attending,Becoming_aware,Attending|Assemble|Accompaniment|Architectural_part|Becoming_aware|Arriving|Activity_done_state|Activity_finish|Aesthetics|Becoming_visible|Assistance|Attention_getting|Attempt_suasion|Attention|Activity_resume,True,Attending,True,Attending|Assemble|Accompaniment|Architectural_part|Becoming_aware,general,24,True,True,Attention|Perception_active,An Agent goes to an Event and is present in a relatively non-participatory way. 'The Angolan guerrillas will attend a September meeting in Zaire.' 'We just go to the movies when it rains.' 'His attendance at the funeral did not go unnoticed.'
qwen2_5_0_5b_instruct,compact_instruction_llm,dynamic_few_shot_lu_rerank,30,15,5,1,"In fact the health visitor diagnosed a problem with speech at his screening at age 3 , and he began attending the local health clinic for speech therapy .",attend,Attending,Activity_start,Attending|Attention_getting|Assistance|Activity_start|Age|Becoming_silent|Accompaniment|Assemble|Becoming_visible|Attention|Actually_occurring_entity|Appointing|Aging|Attempt|Affirm_or_deny,True,Attending,True,Attending|Attention_getting|Assistance|Activity_start|Age,general,29,True,True,Attention|Perception_active,An Agent goes to an Event and is present in a relatively non-participatory way. 'The Angolan guerrillas will attend a September meeting in Zaire.' 'We just go to the movies when it rains.' 'His attendance at the funeral did not go unnoticed.'
qwen2_5_0_5b_instruct,compact_instruction_llm,dynamic_few_shot_lu_rerank,30,15,5,1,Tonight the Soviets attend a reception at the House of Commons and another tiny barrier will be broken down on Wednesday when the Combined Services provide the opposition at Aldershot .,attend,Attending,Activity_finish,Attending|Assemble|Arriving|Attention_getting|Accompaniment|Assistance|Becoming_visible|Attempt_suasion|Attention|Affirm_or_deny|Be_on_alert|Be_in_agreement_on_action|Activity_finish|Assigned_location|Activity_resume,True,Attending,True,Attending|Assemble|Arriving|Attention_getting|Accompaniment,general,31,True,True,Attention|Perception_active,An Agent goes to an Event and is present in a relatively non-participatory way. 'The Angolan guerrillas will attend a September meeting in Zaire.' 'We just go to the movies when it rains.' 'His attendance at the funeral did not go unnoticed.'
qwen2_5_0_5b_instruct,compact_instruction_llm,dynamic_few_shot_lu_rerank,30,15,5,1,"Always be alert for a bad swing or a wing-tip touching the ground on take off and have your hand near the release , ready .",alert,Attention,Bearing_arms,Be_on_alert|Attention|Activity_ready_state|Attention_getting|Arriving|Bearing_arms|Aiming|Becoming_silent|Attack|Annoyance|Attaching|Assistance|Activity_start|Attitude_description|Being_at_risk,True,Attention|Be_on_alert,True,Be_on_alert|Attention|Activity_ready_state|Attention_getting|Arriving,general,26,True,True,Be_on_alert|Warning,"This frame concerns a Perceiver's state of readiness to process and consider impressions of a Figure within a Ground. It is often unknown to the Perceiver whether or not the Figure exists within the Ground. Alternatively, the Expressor may be expressed as showing signs of the Perceiver's state of attentiveness. 'Legislator tells consumers to be alert to dioxin levels.' 'They demand an attentive gaze, a careful accounting of parts.'"
qwen2_5_0_5b_instruct,compact_instruction_llm,dynamic_few_shot_lu_rerank,30,15,5,1,"An amorous meeting is forecast , so keep yourself smart , sociable and suitably alert for what promises to be an interesting episode .",alert,Attention,Activity_start,Attention|Be_on_alert|Attitude_description|Activity_ready_state|Attention_getting|Being_awake|Activity_ongoing|Accomplishment|Aesthetics|Assemble|Attempt_suasion|Aggregate|Activity_prepare|Becoming_aware|Activity_start,True,Attention|Be_on_alert,True,Attention|Be_on_alert|Attitude_description|Activity_ready_state|Attention_getting,general,24,True,True,Be_on_alert|Warning,"This frame concerns a Perceiver's state of readiness to process and consider impressions of a Figure within a Ground. It is often unknown to the Perceiver whether or not the Figure exists within the Ground. Alternatively, the Expressor may be expressed as showing signs of the Perceiver's state of attentiveness. 'Legislator tells consumers to be alert to dioxin levels.' 'They demand an attentive gaze, a careful accounting of parts.'"
qwen2_5_0_5b_instruct,compact_instruction_llm,dynamic_few_shot_lu_rerank,30,15,5,1,"In commercial computer applications , he believes sound will be particularly important in collaborative tasks , where people need to be alert to what colleagues are doing , without having it distractingly thrust upon their attention .",alert,Attention,Becoming_aware,Attention|Be_on_alert|Attention_getting|Annoyance|Awareness|Attitude_description|Attempt_suasion|Becoming_silent|Awareness_status|Becoming_aware|Aiming|Assistance|Be_in_agreement_on_assessment|Activity_ready_state|Affirm_or_deny,True,Attention|Be_on_alert,True,Attention|Be_on_alert|Attention_getting|Annoyance|Awareness,sports,37,True,True,Be_on_alert|Warning,"This frame concerns a Perceiver's state of readiness to process and consider impressions of a Figure within a Ground. It is often unknown to the Perceiver whether or not the Figure exists within the Ground. Alternatively, the Expressor may be expressed as showing signs of the Perceiver's state of attentiveness. 'Legislator tells consumers to be alert to dioxin levels.' 'They demand an attentive gaze, a careful accounting of parts.'"
qwen2_5_0_5b_instruct,compact_instruction_llm,dynamic_few_shot_lu_rerank,30,15,5,1,"From the moment you first suspect you 're pregnant , you are alert to each change in your body and the way you feel .",alert,Attention,Becoming_aware,Be_on_alert|Attention|Activity_ready_state|Becoming_aware|Awareness_status|Activity_start|Attention_getting|Awareness|Alternatives|Attitude_description|Being_awake|Annoyance|Becoming|Arriving|Adjusting,True,Attention|Be_on_alert,True,Be_on_alert|Attention|Activity_ready_state|Becoming_aware|Awareness_status,general,25,True,True,Be_on_alert|Warning,"This frame concerns a Perceiver's state of readiness to process and consider impressions of a Figure within a Ground. It is often unknown to the Perceiver whether or not the Figure exists within the Ground. Alternatively, the Expressor may be expressed as showing signs of the Perceiver's state of attentiveness. 'Legislator tells consumers to be alert to dioxin levels.' 'They demand an attentive gaze, a careful accounting of parts.'"
qwen2_5_0_5b_instruct,compact_instruction_llm,dynamic_few_shot_lu_rerank,30,15,5,1,"He said : ` We would urge people to be aware and be alert with fireworks because your fun might be someone else 's tragedy . """,alert,Attention,Awareness_status,Be_on_alert|Attention|Attempt_suasion|Awareness_status|Attention_getting|Annoyance|Aiming|Arson|Assistance|Activity_ready_state|Becoming_aware|Awareness|Attack|Animals|Arriving,True,Attention|Be_on_alert,True,Be_on_alert|Attention|Attempt_suasion|Awareness_status|Attention_getting,news_politics,27,True,True,Be_on_alert|Warning,"This frame concerns a Perceiver's state of readiness to process and consider impressions of a Figure within a Ground. It is often unknown to the Perceiver whether or not the Figure exists within the Ground. Alternatively, the Expressor may be expressed as showing signs of the Perceiver's state of attentiveness. 'Legislator tells consumers to be alert to dioxin levels.' 'They demand an attentive gaze, a careful accounting of parts.'"
qwen2_5_0_5b_instruct,compact_instruction_llm,dynamic_few_shot_lu_rerank,30,15,5,1,Much of the game was taken up with mauls which an alert French referee often had to turn into scrums .,alert,Attention,Activity_ready_state,Be_on_alert|Attention|Amassing|Attitude_description|Arriving|Activity_ready_state|Attention_getting|Aiming|Attack|Attempt|Appeal|Adjusting|Avoiding|Architectural_part|Becoming,True,Attention|Be_on_alert,True,Be_on_alert|Attention|Amassing|Attitude_description|Arriving,sports,21,True,True,Be_on_alert|Warning,"This frame concerns a Perceiver's state of readiness to process and consider impressions of a Figure within a Ground. It is often unknown to the Perceiver whether or not the Figure exists within the Ground. Alternatively, the Expressor may be expressed as showing signs of the Perceiver's state of attentiveness. 'Legislator tells consumers to be alert to dioxin levels.' 'They demand an attentive gaze, a careful accounting of parts.'"
qwen2_5_0_5b_instruct,compact_instruction_llm,dynamic_few_shot_lu_rerank,30,15,5,1,"Sometimes it 's difficult to believe , as I look into Drew 's light face , that he was ever that dark , depressed boy who wore nothing but black and listened to the same song over and over again .",dark,Attitude_description,Becoming_aware,Attitude_description|Becoming_aware|Artistic_style|Being_awake|Actually_occurring_entity|Ambient_temperature|Becoming_visible|Awareness_status|Achieving_first|Addiction|Attempt|Appellations|Age|Accoutrements|Awareness,True,Attitude_description,True,Attitude_description|Becoming_aware|Artistic_style|Being_awake|Actually_occurring_entity,general,41,True,True,Color_qualities|Level_of_light|Morality_evaluation|Openness,"The lexical units in this frame are descriptions of a Cognizer's Attitude about or outlook on a State_of_affairs. '' 'Carl is becoming more pessimistic about the negotiations every day.' 'The benefits of cluelessness come from living in a society where people take an optimistic view of life.' '' The State_of_affairs can be expressed without a Cognizer in many cases, as shown in the following: '' 'The situation is fairly grim at the moment.' ''"
qwen2_5_0_5b_instruct,compact_instruction_llm,dynamic_few_shot_lu_rerank,30,15,5,1,"Inspector Baynes visited us at Baker Street with a printed description of the dark face of the secretary , and of the masterful features , the magnetic black eyes , and the tufted brows of his master .",dark,Attitude_description,Architectural_part,Attitude_description|Becoming_visible|Aesthetics|Accoutrements|Becoming_aware|Attention|Attention_getting|Appellations|Accompaniment|Adducing|Awareness_status|Achieving_first|Architectural_part|Adjacency|Armor,True,Attitude_description,True,Attitude_description|Becoming_visible|Aesthetics|Accoutrements|Becoming_aware,general,38,True,True,Color_qualities|Level_of_light|Morality_evaluation|Openness,"The lexical units in this frame are descriptions of a Cognizer's Attitude about or outlook on a State_of_affairs. '' 'Carl is becoming more pessimistic about the negotiations every day.' 'The benefits of cluelessness come from living in a society where people take an optimistic view of life.' '' The State_of_affairs can be expressed without a Cognizer in many cases, as shown in the following: '' 'The situation is fairly grim at the moment.' ''"
qwen2_5_0_5b_instruct,compact_instruction_llm,dynamic_few_shot_lu_rerank,30,15,5,1,"Real-estate moguls , the only folks who made real money in D.C. until recently , were shut out of power Washington - except for sports team owners Jack Kent Cooke and Abe Pollin .",power,Authority,Activity_pause,Authority|Amassing|Being_active|Activity_stop|Activity_ongoing|Attitude_description|Aggregate|Appellations|Beat_opponent|Attempt|Attributed_information|Artificiality|Activity_pause|Agriculture|Actually_occurring_entity,True,Authority,True,Authority|Amassing|Being_active|Activity_stop|Activity_ongoing,sports,34,True,True,Capability|Electricity|Level_of_force_exertion|Objective_influence,An Agent has the means to affect a Theme along the lines of a certain Domain. There is an imbalance of influence or power within a certain Domain that favors the Agent (often due to some Source) over the Theme. 'His authority over his subjects was given to him by God.' 'Congress has the power to enact laws.' 'Only the King has the authority to declare war.'
qwen2_5_0_5b_instruct,compact_instruction_llm,dynamic_few_shot_lu_rerank,30,15,5,1,"A new coalition , they hoped , would break the power of the landed élite and bring about a social revolution in the South .",power,Authority,Authority,Authority|Alliance|Becoming|Aggregate|Being_active|Assistance|Accomplishment|Attitude_description|Agriculture|Attempt|Arriving|Becoming_a_member|Assemble|Be_in_agreement_on_action|Attempt_suasion,True,Authority,True,Authority|Alliance|Becoming|Aggregate|Being_active,general,25,True,True,Capability|Electricity|Level_of_force_exertion|Objective_influence,An Agent has the means to affect a Theme along the lines of a certain Domain. There is an imbalance of influence or power within a certain Domain that favors the Agent (often due to some Source) over the Theme. 'His authority over his subjects was given to him by God.' 'Congress has the power to enact laws.' 'Only the King has the authority to declare war.'
qwen2_5_0_5b_instruct,compact_instruction_llm,dynamic_few_shot_lu_rerank,30,15,5,1,"If Congress `` would not have enacted those provisions which are within its power , independently of that which is not , '' then courts must strike the provisions as a piece .",power,Authority,Becoming_separated,Authority|Architectural_part|Attempt_suasion|Amalgamation|Affirm_or_deny|Becoming_separated|Alliance|Be_in_agreement_on_action|Attempt|Agree_or_refuse_to_act|Being_at_risk|Bearing_arms|Actually_occurring_entity|Be_in_agreement_on_assessment|Adjacency,True,Authority,True,Authority|Architectural_part|Attempt_suasion|Amalgamation|Affirm_or_deny,news_politics,33,True,True,Capability|Electricity|Level_of_force_exertion|Objective_influence,An Agent has the means to affect a Theme along the lines of a certain Domain. There is an imbalance of influence or power within a certain Domain that favors the Agent (often due to some Source) over the Theme. 'His authority over his subjects was given to him by God.' 'Congress has the power to enact laws.' 'Only the King has the authority to declare war.'
qwen2_5_0_5b_instruct,compact_instruction_llm,dynamic_few_shot_lu_rerank,30,15,5,1,"It results from the sovereign power of the Government to directly create money and , although not an inflow of resources from the public , does increase the Government 's net position in the same manner as an inflow of resources .",power,Authority,UNKNOWN,Authority|Adducing|Amassing|Accomplishment|Attempt_suasion|Aggregate|Attitude_description|Adjusting|Amounting_to|Architectural_part|Agriculture|Becoming|Amalgamation|Assistance|Actually_occurring_entity,True,Authority,True,Authority|Adducing|Amassing|Accomplishment|Attempt_suasion,news_politics,42,True,True,Capability|Electricity|Level_of_force_exertion|Objective_influence,An Agent has the means to affect a Theme along the lines of a certain Domain. There is an imbalance of influence or power within a certain Domain that favors the Agent (often due to some Source) over the Theme. 'His authority over his subjects was given to him by God.' 'Congress has the power to enact laws.' 'Only the King has the authority to declare war.'
qwen2_5_0_5b_instruct,compact_instruction_llm,dynamic_few_shot_lu_rerank,30,15,5,1,"According to witness reports , the home owners had a new water heater installed just last week , but it is not known if the fire was caused by the heater .",known,Awareness_status,Becoming_aware,Awareness_status|Becoming_aware|Actually_occurring_entity|Arson|Architectural_part|Becoming_visible|Age|Attributed_information|Adducing|Animals|Attitude_description|Awareness|Be_on_alert|Attack|Attempt,True,Awareness_status,True,Awareness_status|Becoming_aware|Actually_occurring_entity|Arson|Architectural_part,daily_life,32,True,True,Being_named|Fame,"Some Content is part of the mental model of a Cognizer. The Cognizer arrives at the mental model not by direct perception but by reasoning from perceived phenomena. Alternatively, the Role of a particular object is known to be applicable to that object. 'That fact is known to many.' 'The presumed killer was last seen driving south on the interstate.'"
qwen2_5_0_5b_instruct,compact_instruction_llm,dynamic_few_shot_lu_rerank,30,15,5,1,"Took him to the station and routine happened -- they had to call the bridewell surgeon and the drunk could call his own doctor , fixing bail and so on .",fix,Bail_decision,Activity_done_state,Bail_decision|Accompaniment|Adjusting|Appeal|Assistance|Activity_done_state|Assigned_location|Activity_ready_state|Attaching|Arson|Attack|Attention_getting|Attempt|Being_attached|Attempt_suasion,True,Bail_decision,True,Bail_decision|Accompaniment|Adjusting|Appeal|Assistance,general,31,True,True,Activity_prepare|Attaching|Cooking_creation|Predicament|Resolve_problem,"This frame covers a step in a criminal process in which a Judge decides whether the Accused should be released on bail, and, if so, what the amount of the bail should be. '' 'Thorsen, of Grimstad, Norway, was granted $100,000 bail until June 18.' 'He was granted conditional bail by Teesside Magistrates.'"
qwen2_5_0_5b_instruct,compact_instruction_llm,dynamic_few_shot_lu_rerank,30,15,5,1,Alleged White House gunman Robert Pickett was arraigned Wednesday at a federal court in Washington and ordered held without bond .,order,Bail_decision,Attempt,Bail_decision|Artistic_style|Arraignment|Appeal|Bearing_arms|Aiming|Atonement|Attack|Attempt|Arrest|Becoming_visible|Appointing|Abusing|Attempt_suasion|Appellations,True,Artistic_style|Bail_decision,True,Bail_decision|Artistic_style|Arraignment|Appeal|Bearing_arms,news_politics,21,True,True,Arranging|Artistic_style|Biological_classification|Chaos|Law,"This frame covers a step in a criminal process in which a Judge decides whether the Accused should be released on bail, and, if so, what the amount of the bail should be. '' 'Thorsen, of Grimstad, Norway, was granted $100,000 bail until June 18.' 'He was granted conditional bail by Teesside Magistrates.'"
qwen2_5_0_5b_instruct,compact_instruction_llm,dynamic_few_shot_lu_rerank,30,15,5,1,"The treaty of Nanjing had opened the interior of China , but no existing mission had accepted the challenge .",treaty,Be_in_agreement_on_action,Be_in_agreement_on_action,Be_in_agreement_on_action|Attempt|Affirm_or_deny|Artifact|Attempt_means|Alliance|Becoming|Accomplishment|Arriving|Activity_ready_state|Becoming_visible|Appeal|Aiming|Attitude_description|Aggregate,True,Be_in_agreement_on_action,True,Be_in_agreement_on_action|Attempt|Affirm_or_deny|Artifact|Attempt_means,general,20,True,True,Documents|Make_agreement_on_action,"Two (or more) people (the Parties, also encodable as Party_1 and Party_2) have an agreement. Both sides are construed as having a commitment to an Obligation--the relationship is understood to be symmetrical or reciprocal. Instead of a specific mention of the Obligation, a Topic expression may be used to indicate the domain covered. 'The US and Russia have an agreement to share early warning data on missile launches.'"
qwen2_5_0_5b_instruct,compact_instruction_llm,dynamic_few_shot_lu_rerank,30,15,5,1,"After all , Mr Yeltsin and Mr Gorbachev before him have made more concessions to the western powers than any Russian leader since Lenin in 1918 accepted the Russo-German treaty of Brest-Litovsk .",treaty,Be_in_agreement_on_action,Alliance,Be_in_agreement_on_action|Affirm_or_deny|Accomplishment|Activity_resume|Activity_finish|Atonement|Alliance|Accompaniment|Adopt_selection|Activity_stop|Appellations|Becoming|Authority|Activity_ready_state|Avoiding,True,Be_in_agreement_on_action,True,Be_in_agreement_on_action|Affirm_or_deny|Accomplishment|Activity_resume|Activity_finish,general,33,True,True,Documents|Make_agreement_on_action,"Two (or more) people (the Parties, also encodable as Party_1 and Party_2) have an agreement. Both sides are construed as having a commitment to an Obligation--the relationship is understood to be symmetrical or reciprocal. Instead of a specific mention of the Obligation, a Topic expression may be used to indicate the domain covered. 'The US and Russia have an agreement to share early warning data on missile launches.'"
qwen2_5_0_5b_instruct,compact_instruction_llm,dynamic_few_shot_lu_rerank,30,15,5,1,"In view of his assessment of the damage that they are likely to cause to employment in this country , will he say under which article of the treaty of Rome they have been proposed ?",treaty,Be_in_agreement_on_action,Architectural_part,Be_in_agreement_on_action|Attributed_information|Assessing|Attempt_suasion|Appeal|Aiming|Attempt|Accomplishment|Attitude_description|Artifact|Arriving|Affirm_or_deny|Adopt_selection|Adducing|Architectural_part,True,Be_in_agreement_on_action,True,Be_in_agreement_on_action|Attributed_information|Assessing|Attempt_suasion|Appeal,business,36,True,True,Documents|Make_agreement_on_action,"Two (or more) people (the Parties, also encodable as Party_1 and Party_2) have an agreement. Both sides are construed as having a commitment to an Obligation--the relationship is understood to be symmetrical or reciprocal. Instead of a specific mention of the Obligation, a Topic expression may be used to indicate the domain covered. 'The US and Russia have an agreement to share early warning data on missile launches.'"
qwen2_5_0_5b_instruct,compact_instruction_llm,dynamic_few_shot_lu_rerank,30,15,5,1,"But the settlers had been courtiers , the sons and daughters of kings and dukes exchanged in marriages which formed part of peace treaties between the Black Land and the Nation of the North-East .",treaty,Be_in_agreement_on_action,Becoming,Be_in_agreement_on_action|Alliance|Accompaniment|Amalgamation|Abounding_with|Becoming|Becoming_separated|Arriving|Affirm_or_deny|Appellations|Aggregate|Adjacency|Bail_decision|Attitude_description|Becoming_visible,True,Be_in_agreement_on_action,True,Be_in_agreement_on_action|Alliance|Accompaniment|Amalgamation|Abounding_with,news_politics,35,True,True,Documents|Make_agreement_on_action,"Two (or more) people (the Parties, also encodable as Party_1 and Party_2) have an agreement. Both sides are construed as having a commitment to an Obligation--the relationship is understood to be symmetrical or reciprocal. Instead of a specific mention of the Obligation, a Topic expression may be used to indicate the domain covered. 'The US and Russia have an agreement to share early warning data on missile launches.'"
qwen2_5_0_5b_instruct,compact_instruction_llm,dynamic_few_shot_lu_rerank,30,15,5,1,The union of Marr and Quando was also seen as a peace treaty between The Smiths and The Factory organisation .,treaty,Be_in_agreement_on_action,Becoming_a_member,Be_in_agreement_on_action|Alliance|Amalgamation|Aggregate|Becoming_visible|Accompaniment|Artifact|Becoming_a_member|Adjacency|Bearing_arms|Attaching|Attitude_description|Be_subset_of|Becoming_attached|Architectural_part,True,Be_in_agreement_on_action,True,Be_in_agreement_on_action|Alliance|Amalgamation|Aggregate|Becoming_visible,general,21,True,True,Documents|Make_agreement_on_action,"Two (or more) people (the Parties, also encodable as Party_1 and Party_2) have an agreement. Both sides are construed as having a commitment to an Obligation--the relationship is understood to be symmetrical or reciprocal. Instead of a specific mention of the Obligation, a Topic expression may be used to indicate the domain covered. 'The US and Russia have an agreement to share early warning data on missile launches.'"
qwen2_5_0_5b_instruct,compact_instruction_llm,dynamic_few_shot_lu_rerank,30,15,5,1,"King Fahd of Saudi Arabia began a visit to Egypt on March 27 , 1989 , the day after the 10th anniversary of the 1979 treaty between Israel and Egypt .",treaty,Be_in_agreement_on_action,Activity_done_state,Be_in_agreement_on_action|Accomplishment|Affirm_or_deny|Attending|Activity_done_state|Atonement|Assemble|Be_on_alert|Accompaniment|Attempt|Arriving|Activity_start|Artifact|Activity_resume|Attack,True,Be_in_agreement_on_action,True,Be_in_agreement_on_action|Accomplishment|Affirm_or_deny|Attending|Activity_done_state,general,31,True,True,Documents|Make_agreement_on_action,"Two (or more) people (the Parties, also encodable as Party_1 and Party_2) have an agreement. Both sides are construed as having a commitment to an Obligation--the relationship is understood to be symmetrical or reciprocal. Instead of a specific mention of the Obligation, a Topic expression may be used to indicate the domain covered. 'The US and Russia have an agreement to share early warning data on missile launches.'"
qwen2_5_0_5b_instruct,compact_instruction_llm,dynamic_few_shot_lu_rerank,30,15,5,1,"The ratification of similar treaties with Latvia and Estonia could be jeopardized , according to Shelov-Kovedyayev , by language and draft citizenship laws .",treaty,Be_in_agreement_on_action,Attempt_suasion,Be_in_agreement_on_action|Alliance|Amalgamation|Affirm_or_deny|Accompaniment|Artifact|Attempt_suasion|Be_in_agreement_on_assessment|Activity_resume|Attempt|Attributed_information|Activity_ready_state|Atonement|Adjusting|Avoiding,True,Be_in_agreement_on_action,True,Be_in_agreement_on_action|Alliance|Amalgamation|Affirm_or_deny|Accompaniment,legal,24,True,True,Documents|Make_agreement_on_action,"Two (or more) people (the Parties, also encodable as Party_1 and Party_2) have an agreement. Both sides are construed as having a commitment to an Obligation--the relationship is understood to be symmetrical or reciprocal. Instead of a specific mention of the Obligation, a Topic expression may be used to indicate the domain covered. 'The US and Russia have an agreement to share early warning data on missile launches.'"
qwen2_5_0_5b_instruct,compact_instruction_llm,dynamic_few_shot_lu_rerank,30,15,5,1,"Like the Permanent Court , Waldock focused on the intention of the parties to the treaty and the consent of the third party to any such right .",treaty,Be_in_agreement_on_action,Be_in_agreement_on_assessment,Be_in_agreement_on_action|Alliance|Attempt_suasion|Affirm_or_deny|Awareness|Amalgamation|Accompaniment|Be_in_agreement_on_assessment|Alternatives|Appointing|Assemble|Arriving|Attitude_description|Appeal|Becoming,True,Be_in_agreement_on_action,True,Be_in_agreement_on_action|Alliance|Attempt_suasion|Affirm_or_deny|Awareness,news_politics,28,True,True,Documents|Make_agreement_on_action,"Two (or more) people (the Parties, also encodable as Party_1 and Party_2) have an agreement. Both sides are construed as having a commitment to an Obligation--the relationship is understood to be symmetrical or reciprocal. Instead of a specific mention of the Obligation, a Topic expression may be used to indicate the domain covered. 'The US and Russia have an agreement to share early warning data on missile launches.'"
qwen2_5_0_5b_instruct,compact_instruction_llm,dynamic_few_shot_lu_rerank,30,15,5,1,"Make sure you agree from the start on whether babysitting is part of her job , and if so how often .",agree,Be_in_agreement_on_assessment,Activity_start,Be_in_agreement_on_assessment|Activity_start|Alternatives|Attention|Activity_done_state|Attention_getting|Assistance|Awareness|Be_in_agreement_on_action|Accomplishment|Adopt_selection|Attempt_suasion|Adjusting|Attitude_description|Aggregate,True,Be_in_agreement_on_assessment,True,Be_in_agreement_on_assessment|Activity_start|Alternatives|Attention|Activity_done_state,general,22,True,True,Agree_or_refuse_to_act|Compatibility|Make_agreement_on_action,"The Cognizers have a similarity (or dissimilarity) in their Opinion. The Cognizers may be expressed separately, with Cognizer_2 being the basis for establishing the Opinion of Cognizer_1. Rather than a specific Opinion, a phenomenon about which a similar or differing Opinion is held, the Topic, may be specified. A specific Opinion may also go unmentioned when the Opinions of the Cognizers are understood as answers to a Question. 'Dr. Gerry and Mr. Pond agree in their impressions.' ' This copyeditor and I mostly see eye to eye on things.' 'I agree with you that everything should be monitored to keep the person from wasting time and protecting the interests of the company.'"
qwen2_5_0_5b_instruct,compact_instruction_llm,dynamic_few_shot_lu_rerank,30,15,5,1,"The 44 delegates , drawn from ruling and opposition parties and interest groups , agreed on the need for a United States-style constitution , with an executive president possibly elected by universal suffrage .",agree,Be_in_agreement_on_assessment,Authority,Be_in_agreement_on_assessment|Alliance|Authority|Attempt_suasion|Appointing|Assemble|Be_in_agreement_on_action|Affirm_or_deny|Attempt|Attitude_description|Being_active|Accomplishment|Accompaniment|Aggregate|Awareness,True,Be_in_agreement_on_assessment,True,Be_in_agreement_on_assessment|Alliance|Authority|Attempt_suasion|Appointing,news_politics,34,True,True,Agree_or_refuse_to_act|Compatibility|Make_agreement_on_action,"The Cognizers have a similarity (or dissimilarity) in their Opinion. The Cognizers may be expressed separately, with Cognizer_2 being the basis for establishing the Opinion of Cognizer_1. Rather than a specific Opinion, a phenomenon about which a similar or differing Opinion is held, the Topic, may be specified. A specific Opinion may also go unmentioned when the Opinions of the Cognizers are understood as answers to a Question. 'Dr. Gerry and Mr. Pond agree in their impressions.' ' This copyeditor and I mostly see eye to eye on things.' 'I agree with you that everything should be monitored to keep the person from wasting time and protecting the interests of the company.'"
qwen2_5_0_5b_instruct,compact_instruction_llm,dynamic_few_shot_lu_rerank,30,15,5,1,I do not agree with his analysis about the Government looking after number one and therefore encouraging people to commit crime .,agree,Be_in_agreement_on_assessment,Affirm_or_deny,Be_in_agreement_on_assessment|Attempt|Attitude_description|Agree_or_refuse_to_act|Affirm_or_deny|Attention|Attempt_suasion|Appeal|Be_in_agreement_on_action|Avoiding|Alliance|Attempt_means|Adopt_selection|Awareness|Assistance,True,Be_in_agreement_on_assessment,True,Be_in_agreement_on_assessment|Attempt|Attitude_description|Agree_or_refuse_to_act|Affirm_or_deny,news_politics,22,True,True,Agree_or_refuse_to_act|Compatibility|Make_agreement_on_action,"The Cognizers have a similarity (or dissimilarity) in their Opinion. The Cognizers may be expressed separately, with Cognizer_2 being the basis for establishing the Opinion of Cognizer_1. Rather than a specific Opinion, a phenomenon about which a similar or differing Opinion is held, the Topic, may be specified. A specific Opinion may also go unmentioned when the Opinions of the Cognizers are understood as answers to a Question. 'Dr. Gerry and Mr. Pond agree in their impressions.' ' This copyeditor and I mostly see eye to eye on things.' 'I agree with you that everything should be monitored to keep the person from wasting time and protecting the interests of the company.'"
qwen2_5_0_5b_instruct,compact_instruction_llm,dynamic_few_shot_lu_rerank,30,15,5,1,"The attorney agreed with Haydon about the injustice of the proceedings , and told him to return that evening to settle the matter finally .",agree,Be_in_agreement_on_assessment,Arraignment,Be_in_agreement_on_assessment|Appeal|Bail_decision|Agree_or_refuse_to_act|Arraignment|Accompaniment|Be_in_agreement_on_action|Affirm_or_deny|Activity_done_state|Attitude_description|Activity_finish|Attempt_suasion|Arriving|Attempt|Assemble,True,Be_in_agreement_on_assessment,True,Be_in_agreement_on_assessment|Appeal|Bail_decision|Agree_or_refuse_to_act|Arraignment,general,25,True,True,Agree_or_refuse_to_act|Compatibility|Make_agreement_on_action,"The Cognizers have a similarity (or dissimilarity) in their Opinion. The Cognizers may be expressed separately, with Cognizer_2 being the basis for establishing the Opinion of Cognizer_1. Rather than a specific Opinion, a phenomenon about which a similar or differing Opinion is held, the Topic, may be specified. A specific Opinion may also go unmentioned when the Opinions of the Cognizers are understood as answers to a Question. 'Dr. Gerry and Mr. Pond agree in their impressions.' ' This copyeditor and I mostly see eye to eye on things.' 'I agree with you that everything should be monitored to keep the person from wasting time and protecting the interests of the company.'"
qwen2_5_0_5b_instruct,compact_instruction_llm,dynamic_few_shot_lu_rerank,30,15,5,1,"A major Swedish newspaper , Svenska Daghbladet , said Swedish troops stationed at the base were put on standby alert during the mob rampage but were not deployed .",alert,Be_on_alert,Activity_ready_state,Be_on_alert|Attention|Assigned_location|Attack|Affirm_or_deny|Activity_ready_state|Arriving|Activity_pause|Bearing_arms|Animals|Aggregate|Becoming_visible|Being_awake|Attitude_description|Awareness_status,True,Attention|Be_on_alert,True,Be_on_alert|Attention|Assigned_location|Attack|Affirm_or_deny,general,29,True,True,Attention|Warning,A Protagonist has become aware of a possible Danger (a dangerous event or a Dangerous_entity that might participate in an event harmful to the Protagonist) and is ready to engage in an Activity in response to that Danger. 'All tropps are on high alert for possible intruders following an attack on a nearby compound.' 'we're on alert to stop anyone trying to sneak in.' 'we're on guard for possible sabotage.'
qwen2_5_0_5b_instruct,compact_instruction_llm,dynamic_few_shot_lu_rerank,30,15,5,1,"Jordanian security forces were placed on high alert , deploying throughout the capital around hotels , embassies and malls .",alert,Be_on_alert,Be_on_alert,Be_on_alert|Attention|Assigned_location|Attack|Attention_getting|Aiming|Bearing_arms|Activity_ready_state|Arriving|Being_at_risk|Attending|Animals|Attitude_description|Being_active|Becoming_visible,True,Attention|Be_on_alert,True,Be_on_alert|Attention|Assigned_location|Attack|Attention_getting,general,20,True,True,Attention|Warning,A Protagonist has become aware of a possible Danger (a dangerous event or a Dangerous_entity that might participate in an event harmful to the Protagonist) and is ready to engage in an Activity in response to that Danger. 'All tropps are on high alert for possible intruders following an attack on a nearby compound.' 'we're on alert to stop anyone trying to sneak in.' 'we're on guard for possible sabotage.'
qwen2_5_0_5b_instruct,compact_instruction_llm,dynamic_few_shot_lu_rerank,30,15,5,1,"U. S. officials said they had not increased security at domestic airports , which have been on alert since an attempt to blow up two U. S. -bound cargo planes in October .",alert,Be_on_alert,Awareness_status,Be_on_alert|Attention|Affirm_or_deny|Attack|Being_at_risk|Activity_ready_state|Awareness_status|Be_in_agreement_on_action|Becoming_aware|Activity_pause|Animals|Attention_getting|Bearing_arms|Activity_done_state|Amassing,True,Attention|Be_on_alert,True,Be_on_alert|Attention|Affirm_or_deny|Attack|Being_at_risk,daily_life,33,True,True,Attention|Warning,A Protagonist has become aware of a possible Danger (a dangerous event or a Dangerous_entity that might participate in an event harmful to the Protagonist) and is ready to engage in an Activity in response to that Danger. 'All tropps are on high alert for possible intruders following an attack on a nearby compound.' 'we're on alert to stop anyone trying to sneak in.' 'we're on guard for possible sabotage.'
qwen2_5_0_5b_instruct,compact_instruction_llm,dynamic_few_shot_lu_rerank,30,15,5,1,"After Wednesday 's attack , court proceedings were suspended , the complex evacuated and the nation placed on alert .",alert,Be_on_alert,Be_on_alert,Be_on_alert|Attention|Activity_pause|Attack|Appeal|Arson|Becoming_visible|Assigned_location|Activity_ready_state|Being_awake|Affirm_or_deny|Architectural_part|Attention_getting|Arriving|Activity_done_state,True,Attention|Be_on_alert,True,Be_on_alert|Attention|Activity_pause|Attack|Appeal,news_politics,20,True,True,Attention|Warning,A Protagonist has become aware of a possible Danger (a dangerous event or a Dangerous_entity that might participate in an event harmful to the Protagonist) and is ready to engage in an Activity in response to that Danger. 'All tropps are on high alert for possible intruders following an attack on a nearby compound.' 'we're on alert to stop anyone trying to sneak in.' 'we're on guard for possible sabotage.'
qwen2_5_0_5b_instruct,compact_instruction_llm,dynamic_few_shot_lu_rerank,30,15,5,1,"The base was on heightened alert for much of the day , with parts of the installation cleared of personnel and military flights in and out employing defensive measures such as use of chaff and flares .",alert,Be_on_alert,Becoming_aware,Be_on_alert|Attention|Attitude_description|Attention_getting|Arriving|Attack|Assigned_location|Becoming_aware|Adjusting|Architectural_part|Amassing|Being_awake|Animals|Awareness|Annoyance,True,Attention|Be_on_alert,True,Be_on_alert|Attention|Attitude_description|Attention_getting|Arriving,general,37,True,True,Attention|Warning,A Protagonist has become aware of a possible Danger (a dangerous event or a Dangerous_entity that might participate in an event harmful to the Protagonist) and is ready to engage in an Activity in response to that Danger. 'All tropps are on high alert for possible intruders following an attack on a nearby compound.' 'we're on alert to stop anyone trying to sneak in.' 'we're on guard for possible sabotage.'
qwen2_5_0_5b_instruct,compact_instruction_llm,dynamic_few_shot_lu_rerank,30,15,5,1,""" General quarters "" was sounded to put the crew on full battle alert as soon as it was realized that the ship was under attack , he said .",alert,Be_on_alert,Be_on_alert,Be_on_alert|Attention|Arriving|Attention_getting|Aggregate|Attack|Attitude_description|Affirm_or_deny|Becoming_visible|Assigned_location|Abounding_with|Activity_finish|Annoyance|Assemble|Amassing,True,Attention|Be_on_alert,True,Be_on_alert|Attention|Arriving|Attention_getting|Aggregate,general,30,True,True,Attention|Warning,A Protagonist has become aware of a possible Danger (a dangerous event or a Dangerous_entity that might participate in an event harmful to the Protagonist) and is ready to engage in an Activity in response to that Danger. 'All tropps are on high alert for possible intruders following an attack on a nearby compound.' 'we're on alert to stop anyone trying to sneak in.' 'we're on guard for possible sabotage.'
qwen2_5_0_5b_instruct,compact_instruction_llm,dynamic_few_shot_lu_rerank,30,15,5,1,The House of Mattli was a husband and wife team who were numbered amongst the top ten names in the Incorporated Society of London Fashion Designers .,number,Be_subset_of,Appellations,Be_subset_of|Architectural_part|Attitude_description|Becoming_visible|Arranging|Attributed_information|Appellations|Amounting_to|Age|Adding_up|Accoutrements|Aggregate|Adjacency|Accompaniment|Armor,True,Be_subset_of,True,Be_subset_of|Architectural_part|Attitude_description|Becoming_visible|Arranging,sports,27,True,True,Amounting_to|Cardinal_numbers|Quantified_mass|Quantity,A Part is considered to be a member of the set described by the Total. The relationship between Part and Total subset-superset rather than part-whole (as it is in the frames Part_whole and Including). 'Dr. Nelson numbers among the world?s foremost geotechnical engineering experts.' 'Restaurant-Pizzeria Dante counts among the few restaurants of Florence where you can find good typical Tuscan and fish dishes and a first-class pizza.'
qwen2_5_0_5b_instruct,compact_instruction_llm,dynamic_few_shot_lu_rerank,30,15,5,1,Two of the top 10 data-processing firms in Japan are numbered among these subsidiaries : Nippon Business Consultants and Hitachi Software Engineering ( HSE ) .,number,Be_subset_of,Be_in_agreement_on_action,Be_subset_of|Becoming_a_member|Amounting_to|Amalgamation|Aggregate|Be_in_agreement_on_action|Adding_up|Aiming|Attention_getting|Assessing|Abundance|Appointing|Attributed_information|Architectural_part|Appellations,True,Be_subset_of,True,Be_subset_of|Becoming_a_member|Amounting_to|Amalgamation|Aggregate,news_politics,26,True,True,Amounting_to|Cardinal_numbers|Quantified_mass|Quantity,A Part is considered to be a member of the set described by the Total. The relationship between Part and Total subset-superset rather than part-whole (as it is in the frames Part_whole and Including). 'Dr. Nelson numbers among the world?s foremost geotechnical engineering experts.' 'Restaurant-Pizzeria Dante counts among the few restaurants of Florence where you can find good typical Tuscan and fish dishes and a first-class pizza.'
qwen2_5_0_5b_instruct,compact_instruction_llm,dynamic_few_shot_lu_rerank,30,15,5,1,"His enemies in the Party , who were numbered among the brightest and the best , suggested unkindly that his libido was turbo-assisted , and that he traded in his women after two years .",number,Be_subset_of,Accompaniment,Be_subset_of|Attitude_description|Amounting_to|Aiming|Adding_up|Accompaniment|Beat_opponent|Appellations|Alliance|Attention_getting|Adopt_selection|Appointing|Attack|Attempt_suasion|Aggregate,True,Be_subset_of,True,Be_subset_of|Attitude_description|Amounting_to|Aiming|Adding_up,business,35,True,True,Amounting_to|Cardinal_numbers|Quantified_mass|Quantity,A Part is considered to be a member of the set described by the Total. The relationship between Part and Total subset-superset rather than part-whole (as it is in the frames Part_whole and Including). 'Dr. Nelson numbers among the world?s foremost geotechnical engineering experts.' 'Restaurant-Pizzeria Dante counts among the few restaurants of Florence where you can find good typical Tuscan and fish dishes and a first-class pizza.'
qwen2_5_0_5b_instruct,compact_instruction_llm,dynamic_few_shot_lu_rerank,30,15,5,1,"Among his colleagues there was his feoffee John Hoton of Tudhoe , who should probably also be numbered among Gloucester 's Durham associates .",number,Be_subset_of,Appointing,Be_subset_of|Becoming_a_member|Accompaniment|Becoming_visible|Assemble|Appointing|Abundance|Attending|Attributed_information|Arranging|Attitude_description|Alliance|Adjacency|Attention_getting|Amounting_to,True,Be_subset_of,True,Be_subset_of|Becoming_a_member|Accompaniment|Becoming_visible|Assemble,sports,24,True,True,Amounting_to|Cardinal_numbers|Quantified_mass|Quantity,A Part is considered to be a member of the set described by the Total. The relationship between Part and Total subset-superset rather than part-whole (as it is in the frames Part_whole and Including). 'Dr. Nelson numbers among the world?s foremost geotechnical engineering experts.' 'Restaurant-Pizzeria Dante counts among the few restaurants of Florence where you can find good typical Tuscan and fish dishes and a first-class pizza.'
qwen2_5_0_5b_instruct,compact_instruction_llm,dynamic_few_shot_lu_rerank,30,15,5,1,"Dying in such a cause , he was to be numbered amongst Christ 's martyrs , much more worthy of the name of Saint Thomas of Canterbury than he whom the Pope falsely before did canonize .",number,Be_subset_of,Attempt,Be_subset_of|Attributed_information|Accompaniment|Atonement|Arriving|Attempt|Amounting_to|Appellations|Actually_occurring_entity|Arson|Appointing|Attitude_description|Attempt_suasion|Abusing|Architectural_part,True,Be_subset_of,True,Be_subset_of|Attributed_information|Accompaniment|Atonement|Arriving,general,37,True,True,Amounting_to|Cardinal_numbers|Quantified_mass|Quantity,A Part is considered to be a member of the set described by the Total. The relationship between Part and Total subset-superset rather than part-whole (as it is in the frames Part_whole and Including). 'Dr. Nelson numbers among the world?s foremost geotechnical engineering experts.' 'Restaurant-Pizzeria Dante counts among the few restaurants of Florence where you can find good typical Tuscan and fish dishes and a first-class pizza.'
qwen2_5_0_5b_instruct,compact_instruction_llm,dynamic_few_shot_lu_rerank,30,15,5,1,"With no patron , and numbering himself among men of ` retired lives , and small-grown fortunes "" , his progress in the church was painfully slow , and he probably remained at Duxford until 1647 .",number,Be_subset_of,Becoming_visible,Be_subset_of|Attributed_information|Aging|Becoming_a_member|Accompaniment|Becoming_visible|Age|Becoming|Attitude_description|Abandonment|Arriving|Being_born|Being_active|Agriculture|Activity_ongoing,True,Be_subset_of,True,Be_subset_of|Attributed_information|Aging|Becoming_a_member|Accompaniment,general,37,True,True,Amounting_to|Cardinal_numbers|Quantified_mass|Quantity,A Part is considered to be a member of the set described by the Total. The relationship between Part and Total subset-superset rather than part-whole (as it is in the frames Part_whole and Including). 'Dr. Nelson numbers among the world?s foremost geotechnical engineering experts.' 'Restaurant-Pizzeria Dante counts among the few restaurants of Florence where you can find good typical Tuscan and fish dishes and a first-class pizza.'
qwen2_5_0_5b_instruct,compact_instruction_llm,dynamic_few_shot_lu_rerank,30,15,5,1,"Nonetheless , he joined the company in 1970 as a sewing machine mechanic but was soon moved to work on one of the large printers .",join,Becoming_a_member,Becoming_a_member,Becoming_a_member|Alliance|Be_subset_of|Attaching|Attempt|Assistance|Being_attached|Bearing_arms|Accompaniment|Becoming|Activity_resume|Achieving_first|Attitude_description|Aggregate|Accomplishment,True,Becoming_a_member,True,Becoming_a_member|Alliance|Be_subset_of|Attaching|Attempt,business,26,True,True,Amalgamation|Attaching|Cause_to_amalgamate,A New_member becomes a member of a socially-constructed Group. 'Seven new members and the three countries joined the alliance five years ago.' 'Most new students enroll in a university without declaring a major.' 'It represents every man and woman who has enlisted in the armed forces to protect our families and serve the community.'
qwen2_5_0_5b_instruct,compact_instruction_llm,dynamic_few_shot_lu_rerank,30,15,5,1,He joined United Distillers as managing director for the European Region in June 1990 and became deputy managing director of the company in 1992 .,join,Becoming_a_member,Becoming_a_member,Becoming_a_member|Alliance|Be_subset_of|Appointing|Assistance|Becoming|Accompaniment|Attempt|Attending|Be_in_agreement_on_action|Amalgamation|Assemble|Appellations|Attitude_description|Attaching,True,Becoming_a_member,True,Becoming_a_member|Alliance|Be_subset_of|Appointing|Assistance,business,25,True,True,Amalgamation|Attaching|Cause_to_amalgamate,A New_member becomes a member of a socially-constructed Group. 'Seven new members and the three countries joined the alliance five years ago.' 'Most new students enroll in a university without declaring a major.' 'It represents every man and woman who has enlisted in the armed forces to protect our families and serve the community.'
qwen2_5_0_5b_instruct,compact_instruction_llm,dynamic_few_shot_lu_rerank,30,15,5,1,"He joined Neilson & Co. in 1846 at their Hyde Park ( Glasgow ) works , becoming a foreman in the locomotive construction department .",join,Becoming_a_member,Becoming_a_member,Becoming_a_member|Alliance|Accompaniment|Be_subset_of|Assemble|Assistance|Attaching|Achieving_first|Aggregate|Architectural_part|Attention_getting|Activity_finish|Assigned_location|Appointing|Becoming,True,Becoming_a_member,True,Becoming_a_member|Alliance|Accompaniment|Be_subset_of|Assemble,general,25,True,True,Amalgamation|Attaching|Cause_to_amalgamate,A New_member becomes a member of a socially-constructed Group. 'Seven new members and the three countries joined the alliance five years ago.' 'Most new students enroll in a university without declaring a major.' 'It represents every man and woman who has enlisted in the armed forces to protect our families and serve the community.'
qwen2_5_0_5b_instruct,compact_instruction_llm,dynamic_few_shot_lu_rerank,30,15,5,1,The Portuguese escudo joined the exchange rate mechanism ( ERM ) of the European monetary system ( EMS ) on April 6 .,join,Becoming_a_member,Becoming_a_member,Becoming_a_member|Alliance|Amalgamation|Be_in_agreement_on_action|Attending|Attention|Architectural_part|Aggregate|Assemble|Attention_getting|Attaching|Adducing|Accompaniment|Assistance|Activity_ready_state,True,Becoming_a_member,True,Becoming_a_member|Alliance|Amalgamation|Be_in_agreement_on_action|Attending,general,23,True,True,Amalgamation|Attaching|Cause_to_amalgamate,A New_member becomes a member of a socially-constructed Group. 'Seven new members and the three countries joined the alliance five years ago.' 'Most new students enroll in a university without declaring a major.' 'It represents every man and woman who has enlisted in the armed forces to protect our families and serve the community.'
qwen2_5_0_5b_instruct,compact_instruction_llm,dynamic_few_shot_lu_rerank,30,15,5,1,"Obviously we are hoping David Johnson will join us , and we are confident Kevin Westgarth will stay . """,join,Becoming_a_member,Becoming_a_member,Becoming_a_member|Alliance|Attempt|Attitude_description|Attempt_suasion|Assistance|Attention|Assemble|Becoming|Attention_getting|Activity_ready_state|Affirm_or_deny|Aiming|Be_in_agreement_on_action|Attaching,True,Becoming_a_member,True,Becoming_a_member|Alliance|Attempt|Attitude_description|Attempt_suasion,general,20,True,True,Amalgamation|Attaching|Cause_to_amalgamate,A New_member becomes a member of a socially-constructed Group. 'Seven new members and the three countries joined the alliance five years ago.' 'Most new students enroll in a university without declaring a major.' 'It represents every man and woman who has enlisted in the armed forces to protect our families and serve the community.'
qwen2_5_0_5b_instruct,compact_instruction_llm,dynamic_few_shot_lu_rerank,30,15,5,1,Particular regions on the coat proteins of viruses must bind to receptor molecules in the cell membrane before the viruses can enter animal cells .,bind,Becoming_attached,Attention_getting,Becoming_attached|Active_substance|Be_in_agreement_on_action|Attaching|Adducing|Attention_getting|Attempt|Attempt_suasion|Activity_ready_state|Being_attached|Appointing|Armor|Adjacency|Adjusting|Bearing_arms,True,Becoming_attached,True,Becoming_attached|Active_substance|Be_in_agreement_on_action|Attaching|Adducing,science_medical,25,True,True,Attaching|Imposing_obligation|Predicament,"An Item comes to be attached to a Goal, with a Connector forming a bond between the Handle of the Item and the Goal (or some part of it). Alternatively, multiple Items may form a bond between each other. 'According to plan, the front part of the hull quietly attached to the docking gear.' 'The cells bind together.'"
qwen2_5_0_5b_instruct,compact_instruction_llm,dynamic_few_shot_lu_rerank,30,15,5,1,"The SAM molecules bind to the faces of the repressors , remote from the DNA , with their positively charged sulphur atoms lying at the carboxy termini of the B helices , as in the holorepressor structure .",bind,Becoming_attached,Becoming_detached,Becoming_attached|Being_attached|Attaching|Attitude_description|Adducing|Attention_getting|Attempt_suasion|Activity_ready_state|Be_in_agreement_on_action|Becoming_detached|Accompaniment|Becoming_visible|Bearing_arms|Assistance|Actually_occurring_entity,True,Becoming_attached,True,Becoming_attached|Being_attached|Attaching|Attitude_description|Adducing,daily_life,38,True,True,Attaching|Imposing_obligation|Predicament,"An Item comes to be attached to a Goal, with a Connector forming a bond between the Handle of the Item and the Goal (or some part of it). Alternatively, multiple Items may form a bond between each other. 'According to plan, the front part of the hull quietly attached to the docking gear.' 'The cells bind together.'"
qwen2_5_0_5b_instruct,compact_instruction_llm,dynamic_few_shot_lu_rerank,30,15,5,1,"A pounce , the cheetah 's jaws fasten on the gazelle 's throat , and it is quickly throttled to death .",fasten,Becoming_attached,Becoming_aware,Attaching|Becoming_attached|Attention_getting|Aiming|Becoming_silent|Bearing_arms|Attention|Arriving|Ammunition|Becoming_aware|Adjusting|Aggregate|Becoming|Abounding_with|Accompaniment,True,Attaching|Becoming_attached,True,Attaching|Becoming_attached|Attention_getting|Aiming|Becoming_silent,general,22,True,True,Attaching|Closure,"An Item comes to be attached to a Goal, with a Connector forming a bond between the Handle of the Item and the Goal (or some part of it). Alternatively, multiple Items may form a bond between each other. 'According to plan, the front part of the hull quietly attached to the docking gear.' 'The cells bind together.'"
qwen2_5_0_5b_instruct,compact_instruction_llm,dynamic_few_shot_lu_rerank,30,15,5,1,"But as he went in , something landed on his back and he felt strong , sinewy hands fasten round his throat .",fasten,Becoming_attached,Becoming_silent,Attaching|Becoming_attached|Bearing_arms|Becoming_silent|Arriving|Accompaniment|Being_detached|Being_attached|Attention_getting|Aiming|Adjusting|Assistance|Becoming_visible|Attempt|Attack,True,Attaching|Becoming_attached,True,Attaching|Becoming_attached|Bearing_arms|Becoming_silent|Arriving,general,23,True,True,Attaching|Closure,"An Item comes to be attached to a Goal, with a Connector forming a bond between the Handle of the Item and the Goal (or some part of it). Alternatively, multiple Items may form a bond between each other. 'According to plan, the front part of the hull quietly attached to the docking gear.' 'The cells bind together.'"
qwen2_5_0_5b_instruct,compact_instruction_llm,dynamic_few_shot_lu_rerank,30,15,5,1,"On the journey our eldest child picked up bubonic plague , and when the steamer moored at Chauk my wife managed to get medicines from the BOC Hospital shortly before it closed .",moor,Becoming_attached,Becoming_aware,Becoming_attached|Abounding_with|Arriving|Accompaniment|Attending|Agriculture|Becoming_aware|Activity_ready_state|Activity_start|Being_detached|Assigned_location|Activity_done_state|Activity_finish|Activity_resume|Abandonment,True,Becoming_attached,True,Becoming_attached|Abounding_with|Arriving|Accompaniment|Attending,sports,33,True,True,Attaching|Biological_area,"An Item comes to be attached to a Goal, with a Connector forming a bond between the Handle of the Item and the Goal (or some part of it). Alternatively, multiple Items may form a bond between each other. 'According to plan, the front part of the hull quietly attached to the docking gear.' 'The cells bind together.'"
qwen2_5_0_5b_instruct,compact_instruction_llm,dynamic_few_shot_lu_rerank,30,15,5,1,"Both vessels moored alongside the main jetty in the Royal Navy dockyard , and Eden was there to greet his guests on what he hoped would be an historic visit .",moor,Becoming_attached,Becoming_aware,Becoming_attached|Aesthetics|Attention_getting|Accompaniment|Arriving|Becoming_visible|Abounding_with|Attitude_description|Being_detached|Becoming_aware|Adjacency|Attention|Architectural_part|Attempt_suasion|Becoming_separated,True,Becoming_attached,True,Becoming_attached|Aesthetics|Attention_getting|Accompaniment|Arriving,general,31,True,True,Attaching|Biological_area,"An Item comes to be attached to a Goal, with a Connector forming a bond between the Handle of the Item and the Goal (or some part of it). Alternatively, multiple Items may form a bond between each other. 'According to plan, the front part of the hull quietly attached to the docking gear.' 'The cells bind together.'"
qwen2_5_0_5b_instruct,compact_instruction_llm,dynamic_few_shot_lu_rerank,30,15,5,1,"Moreover , particularly when a complex is relatively unstable , the bound protein can detach from the protected DNA fragment and reassociate to other DNA fragments that have already been modified by DMS .",detach,Becoming_detached,Becoming_detached,Becoming_detached|Becoming_attached|Being_attached|Becoming_separated|Adducing|Being_detached|Attaching|Attempt_suasion|Adjusting|Amalgamation|Becoming|Active_substance|Bearing_arms|Being_at_risk|Adjacency,True,Becoming_detached,True,Becoming_detached|Becoming_attached|Being_attached|Becoming_separated|Adducing,general,34,True,True,Attaching|Detaching,"The Becoming_detached frame covers two situations: a scene in which one thing comes to be physically detached from something else; or a scene in which two things come to be disconnected from each other. In the first, the frame includes an Item that detaches from a Source, creating an asymmetric relationship between the Item and the Source. In the second, the Items detach from each other, where each serves as a Source relative to the other, creating a symmetric relationship between the two Items. The Items that were formerly attached re-appear as the two separate or potentially separate entities that they were throughout. 'The ship became decoupled from the dock.'"
qwen2_5_0_5b_instruct,compact_instruction_llm,dynamic_few_shot_lu_rerank,30,15,5,1,"His hand moved to his chest and felt the nipples intact but saliva like blood drying quickly , only the throbbing tenderness remained .",dry,Becoming_dry,Becoming_dry,Becoming_dry|Becoming_silent|Being_attached|Becoming_attached|Attempt_suasion|Accompaniment|Absorb_heat|Apply_heat|Being_detached|Activity_ready_state|Becoming_visible|Affirm_or_deny|Attaching|Agree_or_refuse_to_act|Bail_decision,True,Becoming_dry,True,Becoming_dry|Becoming_silent|Being_attached|Becoming_attached|Attempt_suasion,general,24,True,True,Being_dry|Cause_to_be_dry|Preserving,An Entity loses moisture with the outcome of being in a dry state. 'The slab dries very quickly.'
qwen2_5_0_5b_instruct,compact_instruction_llm,dynamic_few_shot_lu_rerank,30,15,5,1,"It is much better to err on the side of lightness , especially as gouache paint is much darker when it has dried .",dry,Becoming_dry,Becoming_aware,Becoming_dry|Ambient_temperature|Attention|Adjusting|Appellations|Absorb_heat|Aesthetics|Artistic_style|Adopt_selection|Accuracy|Attitude_description|Adjacency|Becoming_aware|Apply_heat|Abounding_with,True,Becoming_dry,True,Becoming_dry|Ambient_temperature|Attention|Adjusting|Appellations,general,24,True,True,Being_dry|Cause_to_be_dry|Preserving,An Entity loses moisture with the outcome of being in a dry state. 'The slab dries very quickly.'
qwen2_5_0_5b_instruct,compact_instruction_llm,dynamic_few_shot_lu_rerank,30,15,5,1,"After that coat of paint has dried , a clear flat coat will be applied over the first that will produce a matt surface which will not fingerprint or stain .",dry,Becoming_dry,Activity_ready_state,Becoming_dry|Becoming_visible|Absorb_heat|Activity_done_state|Abounding_with|Activity_finish|Activity_ready_state|Adjacency|Activity_resume|Atonement|Becoming_attached|Ambient_temperature|Affirm_or_deny|Amalgamation|Being_attached,True,Becoming_dry,True,Becoming_dry|Becoming_visible|Absorb_heat|Activity_done_state|Abounding_with,general,31,True,True,Being_dry|Cause_to_be_dry|Preserving,An Entity loses moisture with the outcome of being in a dry state. 'The slab dries very quickly.'
qwen2_5_0_5b_instruct,compact_instruction_llm,dynamic_few_shot_lu_rerank,30,15,5,1,"The radial shields are large , longer than broad , sometimes contiguous but usually separated by a single row of plates .",separate,Becoming_separated,Attention_getting,Becoming_separated|Aggregate|Amalgamation|Becoming_detached|Attention_getting|Attitude_description|Bearing_arms|Architectural_part|Arriving|Adjacency|Being_detached|Be_subset_of|Alliance|Armor|Attaching,True,Becoming_separated,True,Becoming_separated|Aggregate|Amalgamation|Becoming_detached|Attention_getting,general,22,True,True,Differentiation|Forming_relationships|Separating,"A Whole separates into Parts, or one part of a whole, called Part_1, becomes separate from the remaining portion, Part_2. 'This small channel meanders through marsh and wetland, splitting into several smaller channels that empty into Lake St. Clair.' 'Just crack one open and if the yoke quickly separates from the whites, they are probably bad.'"
qwen2_5_0_5b_instruct,compact_instruction_llm,dynamic_few_shot_lu_rerank,30,15,5,1,It is often more useful for the historian to compare types of local community which are widely separated from each other than to make comparisons with nearby settlements .,separate,Becoming_separated,Becoming_separated,Becoming_separated|Abundance|Adjacency|Amalgamation|Alliance|Accompaniment|Be_subset_of|Abounding_with|Attitude_description|Be_in_agreement_on_assessment|Accuracy|Architectural_part|Assistance|Adopt_selection|Becoming_detached,True,Becoming_separated,True,Becoming_separated|Abundance|Adjacency|Amalgamation|Alliance,general,29,True,True,Differentiation|Forming_relationships|Separating,"A Whole separates into Parts, or one part of a whole, called Part_1, becomes separate from the remaining portion, Part_2. 'This small channel meanders through marsh and wetland, splitting into several smaller channels that empty into Lake St. Clair.' 'Just crack one open and if the yoke quickly separates from the whites, they are probably bad.'"
qwen2_5_0_5b_instruct,compact_instruction_llm,dynamic_few_shot_lu_rerank,30,15,5,1,"The lenders are being separated into country groups -- Britain , the United States and Canada -- and then separated again into separate projects .",separate,Becoming_separated,Becoming_detached,Becoming_separated|Amalgamation|Alliance|Becoming_a_member|Becoming_detached|Be_subset_of|Architectural_part|Be_in_agreement_on_action|Attaching|Accompaniment|Adjacency|Aggregate|Being_attached|Being_detached|Becoming,True,Becoming_separated,True,Becoming_separated|Amalgamation|Alliance|Becoming_a_member|Becoming_detached,general,25,True,True,Differentiation|Forming_relationships|Separating,"A Whole separates into Parts, or one part of a whole, called Part_1, becomes separate from the remaining portion, Part_2. 'This small channel meanders through marsh and wetland, splitting into several smaller channels that empty into Lake St. Clair.' 'Just crack one open and if the yoke quickly separates from the whites, they are probably bad.'"
qwen2_5_0_5b_instruct,compact_instruction_llm,dynamic_few_shot_lu_rerank,30,15,5,1,"A family with a rounded flat disk covered by small imbricating plates amongst which the centrodorsal and primary plates usually distinct ; the radial shields small , length less than half the radius of the disk , well separated from one another ; the jaw broader or as broad as long ; usually one sometimes two apical papillae flanked by 5-7 oral papillae on each side the distalmost slightly curved and extending beneath the largest oral papilla just proximal to it , it is possible that this distalmost papillae is part of the second oral tentacle pore ; the adoral shields large and wing-like ; the oral shield large , rounded triangular or arrow shaped , usually longer than broad ; the arms long and slender ; the dorsal and ventral arm plates well developed and contiguous at least proximally ; the tentacle pores moderately large each armed with one or two flat leaf-like tentacle scales ; usually three times long , erect arm spines , equal in length to two arm segments .",separate,Becoming_separated,Becoming_separated,Becoming_separated|Adjacency|Amalgamation|Adducing|Becoming_silent|Becoming_detached|Attitude_description|Becoming_attached|Bearing_arms|Attaching|Being_detached|Architectural_part|Becoming_visible|Actually_occurring_entity|Being_attached,True,Becoming_separated,True,Becoming_separated|Adjacency|Amalgamation|Adducing|Becoming_silent,daily_life,174,True,True,Differentiation|Forming_relationships|Separating,"A Whole separates into Parts, or one part of a whole, called Part_1, becomes separate from the remaining portion, Part_2. 'This small channel meanders through marsh and wetland, splitting into several smaller channels that empty into Lake St. Clair.' 'Just crack one open and if the yoke quickly separates from the whites, they are probably bad.'"
qwen2_5_0_5b_instruct,compact_instruction_llm,dynamic_few_shot_lu_rerank,30,15,5,1,"A photograph of the candidate standing in his Army uniform next to his mother is shown , then the advertisement shifts to McCall talking about education , while images of the candidate looking at a computer screen with a small child and of him surrounded by children appear .",appear,Becoming_visible,Becoming_aware,Becoming_visible|Attitude_description|Attention_getting|Actually_occurring_entity|Aiming|Arriving|Bearing_arms|Becoming_aware|Attention|Assistance|Attending|Assigned_location|Appellations|Adopt_selection|Behind_the_scenes,True,Becoming_visible,True,Becoming_visible|Attitude_description|Attention_getting|Actually_occurring_entity|Aiming,daily_life,49,True,True,Arriving|Circumscribed_existence|Coming_to_be|Give_impression|Performers_and_roles,An Entity that is previously not visible to a Perceiver becomes visible. 'The armada appeared on the horizon at sunset.' 'The captain ordered his men to dig at the X and the corner of a chest appeared.'
qwen2_5_0_5b_instruct,compact_instruction_llm,dynamic_few_shot_lu_rerank,30,15,5,1,"However , when I highlighted antecedent , what appeared on the screen was the same list of synonyms but with antecedent missing , and preceding had reappeared .",appear,Becoming_visible,Becoming_visible,Becoming_visible|Actually_occurring_entity|Becoming_aware|Awareness_status|Adjacency|Attitude_description|Arriving|Attempt|Amalgamation|Architectural_part|Affirm_or_deny|Accompaniment|Abounding_with|Aggregate|Alliance,True,Becoming_visible,True,Becoming_visible|Actually_occurring_entity|Becoming_aware|Awareness_status|Adjacency,general,28,True,True,Arriving|Circumscribed_existence|Coming_to_be|Give_impression|Performers_and_roles,An Entity that is previously not visible to a Perceiver becomes visible. 'The armada appeared on the horizon at sunset.' 'The captain ordered his men to dig at the X and the corner of a chest appeared.'
qwen2_5_0_5b_instruct,compact_instruction_llm,dynamic_few_shot_lu_rerank,30,15,5,1,"The words `` His resume is an American dream , '' a quotation from Time magazine , appear on the screen .",appear,Becoming_visible,Becoming_visible,Becoming_visible|Attitude_description|Activity_ongoing|Actually_occurring_entity|Being_awake|Accomplishment|Attention_getting|Activity_resume|Attributed_information|Activity_ready_state|Attention|Appellations|Achieving_first|Attempt_suasion|Addiction,True,Becoming_visible,True,Becoming_visible|Attitude_description|Activity_ongoing|Actually_occurring_entity|Being_awake,general,22,True,True,Arriving|Circumscribed_existence|Coming_to_be|Give_impression|Performers_and_roles,An Entity that is previously not visible to a Perceiver becomes visible. 'The armada appeared on the horizon at sunset.' 'The captain ordered his men to dig at the X and the corner of a chest appeared.'
qwen2_5_0_5b_instruct,compact_instruction_llm,dynamic_few_shot_lu_rerank,30,15,5,1,"Only one thing made me a little suspicious when cranking up the system : in the descriptive text that appears on the screen , the word labeled is spelt `` labelled '' —decidedly un-American .",appear,Becoming_visible,Becoming_aware,Becoming_visible|Becoming_aware|Attitude_description|Actually_occurring_entity|Artificiality|Awareness_status|Attention|Amounting_to|Annoyance|Bearing_arms|Attention_getting|Artifact|Amassing|Attributed_information|Affirm_or_deny,True,Becoming_visible,True,Becoming_visible|Becoming_aware|Attitude_description|Actually_occurring_entity|Artificiality,general,35,True,True,Arriving|Circumscribed_existence|Coming_to_be|Give_impression|Performers_and_roles,An Entity that is previously not visible to a Perceiver becomes visible. 'The armada appeared on the horizon at sunset.' 'The captain ordered his men to dig at the X and the corner of a chest appeared.'
qwen2_5_0_5b_instruct,compact_instruction_llm,dynamic_few_shot_lu_rerank,30,15,5,1,"Greene remarked on how seldom the nation 's directors used the camera ` to establish a scene , a way of life , with which he and his audience are familiar . """,director,Behind_the_scenes,Becoming_aware,Behind_the_scenes|Attitude_description|Actually_occurring_entity|Becoming_visible|Attention_getting|Achieving_first|Becoming_aware|Attempt_suasion|Arriving|Accompaniment|Awareness_status|Assistance|Awareness|Abounding_with|Attempt_means,True,Behind_the_scenes,True,Behind_the_scenes|Attitude_description|Actually_occurring_entity|Becoming_visible|Attention_getting,general,33,True,True,Appellations|Leadership|People_by_vocation,"Artists work at various tasks that further the completion of a film, play, television show, or other similar Production. Artists never appear on stage or in front of a camera. Some (e.g., a director) may interact with the actors (on-screen participants) of the Production. Often times a particular Production is made for distribution by a Distributor, by a particular Studio, or in a specific Medium. The Artists may be categorized into Type or work in specific Medium. 'Steven Spielberg directed several films for Universal Pictures.' 'Universal Pictures and Amblin Entertainment produced Jurassic Park for MCA.' 'Surprisingly, this film producer was willing to work for a cable company.' 'Independent producers often win big at smaller film festivals.'"
qwen2_5_0_5b_instruct,compact_instruction_llm,dynamic_few_shot_lu_rerank,30,15,5,1,"The solution to this problem was for Mrs Whitehouse personally to take a private prosecution of the play 's director , Michael Bogdanov .",director,Behind_the_scenes,Bail_decision,Behind_the_scenes|Appeal|Accompaniment|Assistance|Attempt|Appointing|Avoiding|Bail_decision|Attempt_means|Attempt_suasion|Actually_occurring_entity|Appellations|Arraignment|Adjusting|Arson,True,Behind_the_scenes,True,Behind_the_scenes|Appeal|Accompaniment|Assistance|Attempt,general,24,True,True,Appellations|Leadership|People_by_vocation,"Artists work at various tasks that further the completion of a film, play, television show, or other similar Production. Artists never appear on stage or in front of a camera. Some (e.g., a director) may interact with the actors (on-screen participants) of the Production. Often times a particular Production is made for distribution by a Distributor, by a particular Studio, or in a specific Medium. The Artists may be categorized into Type or work in specific Medium. 'Steven Spielberg directed several films for Universal Pictures.' 'Universal Pictures and Amblin Entertainment produced Jurassic Park for MCA.' 'Surprisingly, this film producer was willing to work for a cable company.' 'Independent producers often win big at smaller film festivals.'"
qwen2_5_0_5b_instruct,compact_instruction_llm,dynamic_few_shot_lu_rerank,30,15,5,1,"Notably , he ran up against director Henry Hathaway who was known as one of the toughest directors in the business , and Hopper had a minor role in From Hell to Texas .",director,Behind_the_scenes,UNKNOWN,Behind_the_scenes|Attempt|Attributed_information|Appointing|Avoiding|Amassing|Attempt_suasion|Attitude_description|Actually_occurring_entity|Assistance|Appeal|Appellations|Bearing_arms|Be_subset_of|Aiming,True,Behind_the_scenes,True,Behind_the_scenes|Attempt|Attributed_information|Appointing|Avoiding,general,34,True,True,Appellations|Leadership|People_by_vocation,"Artists work at various tasks that further the completion of a film, play, television show, or other similar Production. Artists never appear on stage or in front of a camera. Some (e.g., a director) may interact with the actors (on-screen participants) of the Production. Often times a particular Production is made for distribution by a Distributor, by a particular Studio, or in a specific Medium. The Artists may be categorized into Type or work in specific Medium. 'Steven Spielberg directed several films for Universal Pictures.' 'Universal Pictures and Amblin Entertainment produced Jurassic Park for MCA.' 'Surprisingly, this film producer was willing to work for a cable company.' 'Independent producers often win big at smaller film festivals.'"
qwen2_5_0_5b_instruct,compact_instruction_llm,dynamic_few_shot_lu_rerank,30,15,5,1,"For the Royal Family to remain secure they have to remain aloof -- I do not believe that is right , but that is what they should have done .",secure,Being_at_risk,Becoming,Being_at_risk|Armor|Atonement|Activity_ongoing|Affirm_or_deny|Becoming|Be_on_alert|Attempt_suasion|Authority|Accompaniment|Be_in_agreement_on_action|Abandonment|Alliance|Attempt|Bearing_arms,True,Being_at_risk,True,Being_at_risk|Armor|Atonement|Activity_ongoing|Affirm_or_deny,daily_life,30,True,True,Attaching|Getting|Protecting|Taking_captive,"An Asset is in a state where it is exposed to or otherwise liable to be affected by a Harmful_event, which may be metonymically evoked by reference to a Dangerous_entity. Words expressing relative safety (i.e., lack of risk) are also in this frame. 'If you are a farmer, you are at risk for hearing loss caused by noise exposure in your work.' 'No child is secure from the temptation to do what ""my friends"" are doing.' 'Our nation is making a disastrous mistake thinking that we can have security from people: There is only security with people. ' 'You don't have security against impersonation unless you have security against eavesdropping.'"
qwen2_5_0_5b_instruct,compact_instruction_llm,dynamic_few_shot_lu_rerank,30,15,5,1,"In the past , firms not authorised for investment business could feel fairly secure in the knowledge that if they did stray into it they would only be investigated in the event of a complaint .",secure,Being_at_risk,Atonement,Being_at_risk|Avoiding|Attempt|Affirm_or_deny|Agree_or_refuse_to_act|Bearing_arms|Attitude_description|Atonement|Adjusting|Armor|Abandonment|Be_in_agreement_on_action|Actually_occurring_entity|Be_on_alert|Artificiality,True,Being_at_risk,True,Being_at_risk|Avoiding|Attempt|Affirm_or_deny|Agree_or_refuse_to_act,general,36,True,True,Attaching|Getting|Protecting|Taking_captive,"An Asset is in a state where it is exposed to or otherwise liable to be affected by a Harmful_event, which may be metonymically evoked by reference to a Dangerous_entity. Words expressing relative safety (i.e., lack of risk) are also in this frame. 'If you are a farmer, you are at risk for hearing loss caused by noise exposure in your work.' 'No child is secure from the temptation to do what ""my friends"" are doing.' 'Our nation is making a disastrous mistake thinking that we can have security from people: There is only security with people. ' 'You don't have security against impersonation unless you have security against eavesdropping.'"
qwen2_5_0_5b_instruct,compact_instruction_llm,dynamic_few_shot_lu_rerank,30,15,5,1,"Actually , they were feeling quite secure at the time for the Museum building was hurricane proof , one of the strongest around .",secure,Being_at_risk,Becoming_aware,Being_at_risk|Be_on_alert|Bearing_arms|Armor|Attaching|Attention|Attack|Becoming_aware|Becoming_visible|Attitude_description|Arriving|Animals|Avoiding|Artificiality|Being_attached,True,Being_at_risk,True,Being_at_risk|Be_on_alert|Bearing_arms|Armor|Attaching,general,24,True,True,Attaching|Getting|Protecting|Taking_captive,"An Asset is in a state where it is exposed to or otherwise liable to be affected by a Harmful_event, which may be metonymically evoked by reference to a Dangerous_entity. Words expressing relative safety (i.e., lack of risk) are also in this frame. 'If you are a farmer, you are at risk for hearing loss caused by noise exposure in your work.' 'No child is secure from the temptation to do what ""my friends"" are doing.' 'Our nation is making a disastrous mistake thinking that we can have security from people: There is only security with people. ' 'You don't have security against impersonation unless you have security against eavesdropping.'"
qwen2_5_0_5b_instruct,compact_instruction_llm,dynamic_few_shot_lu_rerank,30,15,5,1,The onus must now be on the industry to provide more secure machines and on users to make sure that their own security procedures ( including the simple step of locking office doors ) is unimpeachable .,secure,Being_at_risk,Activity_ready_state,Being_at_risk|Be_on_alert|Atonement|Authority|Activity_ready_state|Activity_pause|Attention|Be_in_agreement_on_action|Be_in_agreement_on_assessment|Affirm_or_deny|Bearing_arms|Attempt|Adjusting|Activity_start|Becoming_visible,True,Being_at_risk,True,Being_at_risk|Be_on_alert|Atonement|Authority|Activity_ready_state,business,37,True,True,Attaching|Getting|Protecting|Taking_captive,"An Asset is in a state where it is exposed to or otherwise liable to be affected by a Harmful_event, which may be metonymically evoked by reference to a Dangerous_entity. Words expressing relative safety (i.e., lack of risk) are also in this frame. 'If you are a farmer, you are at risk for hearing loss caused by noise exposure in your work.' 'No child is secure from the temptation to do what ""my friends"" are doing.' 'Our nation is making a disastrous mistake thinking that we can have security from people: There is only security with people. ' 'You don't have security against impersonation unless you have security against eavesdropping.'"
qwen2_5_0_5b_instruct,compact_instruction_llm,dynamic_few_shot_lu_rerank,30,15,5,1,Software users should operate secure and efficient housekeeping systems to reduce the danger of unauthorized copies being made of programs .,secure,Being_at_risk,Be_in_agreement_on_assessment,Being_at_risk|Attitude_description|Attempt|Artificiality|Architectural_part|Be_in_agreement_on_assessment|Avoiding|Armor|Bearing_arms|Artifact|Attempt_means|Achieving_first|Authority|Assistance|Affirm_or_deny,True,Being_at_risk,True,Being_at_risk|Attitude_description|Attempt|Artificiality|Architectural_part,news_politics,21,True,True,Attaching|Getting|Protecting|Taking_captive,"An Asset is in a state where it is exposed to or otherwise liable to be affected by a Harmful_event, which may be metonymically evoked by reference to a Dangerous_entity. Words expressing relative safety (i.e., lack of risk) are also in this frame. 'If you are a farmer, you are at risk for hearing loss caused by noise exposure in your work.' 'No child is secure from the temptation to do what ""my friends"" are doing.' 'Our nation is making a disastrous mistake thinking that we can have security from people: There is only security with people. ' 'You don't have security against impersonation unless you have security against eavesdropping.'"
qwen2_5_0_5b_instruct,compact_instruction_llm,dynamic_few_shot_lu_rerank,30,15,5,1,"Leeds Education Authority has abandoned plans for ` drastic "" cuts in travel subsidies for some Catholic students .",abandon,Abandonment,Becoming,Abandonment|Attempt|Arriving|Becoming|Attempt_suasion|Agree_or_refuse_to_act|Activity_stop|Assistance|Being_detached|Accomplishment|Affirm_or_deny|Accompaniment|Alliance|Attitude_description|Becoming_detached,True,Abandonment,True,Abandonment|Attempt|Arriving|Becoming|Attempt_suasion,general,19,False,True,Activity_stop|Quitting_a_place,An Agent leaves behind a Theme effectively rendering it no longer within their control or of the normal security as one's property. 'Carolyn abandoned her car and jumped on a red double decker bus.' 'Perhaps he left the key in the ignition' 'Abandonment of a child is considered to be a serious crime in many jurisdictions.' There are also metaphorically used examples: 'She left her old ways behind .'
qwen2_5_0_5b_instruct,compact_instruction_llm,dynamic_few_shot_lu_rerank,30,15,5,1,"Morton drifted into the grand salon , which was teeming with people .",teem,Abounding_with,Becoming,Abounding_with|Becoming|Architectural_part|Attitude_description|Becoming_aware|Accompaniment|Becoming_visible|Attention_getting|Assemble|Attaching|Arriving|Achieving_first|Amassing|Being_detached|Adjusting,True,Abounding_with,True,Abounding_with|Becoming|Architectural_part|Attitude_description|Becoming_aware,general,13,False,True,Abundance|Mass_motion,"A Location is filled or covered with the Theme. The Location is realized as the External Argument, and the Theme either as PP complement headed by with, in or of. NB: This frame does not include uses of adjectives like paved when they merely specify the Type of some location, as in ""paved and unpaved roads"". 'The waters of the bay teemed with fish.' 'The waters of the bay were teeming with fish.' 'The road was completely covered in mud.'"
qwen2_5_0_5b_instruct,compact_instruction_llm,dynamic_few_shot_lu_rerank,30,15,5,1,"If the Universe is teeming with technological civilizations , why have they not come to visit us ?",teem,Abounding_with,Becoming,Abounding_with|Attention_getting|Becoming_visible|Arriving|Artifact|Becoming_aware|Becoming|Attitude_description|Attempt|Assemble|Amassing|Attending|Becoming_a_member|Attention|Abundance,True,Abounding_with,True,Abounding_with|Attention_getting|Becoming_visible|Arriving|Artifact,general,18,False,True,Abundance|Mass_motion,"A Location is filled or covered with the Theme. The Location is realized as the External Argument, and the Theme either as PP complement headed by with, in or of. NB: This frame does not include uses of adjectives like paved when they merely specify the Type of some location, as in ""paved and unpaved roads"". 'The waters of the bay teemed with fish.' 'The waters of the bay were teeming with fish.' 'The road was completely covered in mud.'"
qwen2_5_0_5b_instruct,compact_instruction_llm,dynamic_few_shot_lu_rerank,30,15,5,1,"Until the 1940s , its beaches teemed with wildlife .",teem,Abounding_with,Ambient_temperature,Abounding_with|Becoming_aware|Aesthetics|Becoming|Abundance|Aging|Bearing_arms|Arriving|Ambient_temperature|Amassing|Animals|Attitude_description|Being_detached|Ammunition|Architectural_part,True,Abounding_with,True,Abounding_with|Becoming_aware|Aesthetics|Becoming|Abundance,general,10,False,True,Abundance|Mass_motion,"A Location is filled or covered with the Theme. The Location is realized as the External Argument, and the Theme either as PP complement headed by with, in or of. NB: This frame does not include uses of adjectives like paved when they merely specify the Type of some location, as in ""paved and unpaved roads"". 'The waters of the bay teemed with fish.' 'The waters of the bay were teeming with fish.' 'The road was completely covered in mud.'"
qwen2_5_0_5b_instruct,compact_instruction_llm,dynamic_few_shot_lu_rerank,30,15,5,1,The wild pigs on the spit sizzled gently .,sizzle,Absorb_heat,Becoming_aware,Absorb_heat|Aiming|Ammunition|Abounding_with|Attitude_description|Attention|Becoming_silent|Animals|Bearing_arms|Attention_getting|Accompaniment|Becoming_aware|Apply_heat|Attempt|Agriculture,True,Absorb_heat,True,Absorb_heat|Aiming|Ammunition|Abounding_with|Attitude_description,general,9,False,True,Make_noise|Sounds,"An Entity (generally food) is exposed to a Heat_source whose Temperature may also be specified. Generally, the Entity undergoes some sort of change as a result of this process. 'Bacon was frying in the pan, and a great heap of eggs already lay steaming on a plate.' 'If it cooks at 400 for an hour, it 'll be nothing but a pile of ash!'"
qwen2_5_0_5b_instruct,compact_instruction_llm,dynamic_few_shot_lu_rerank,30,15,5,1,"Breakfast of sausage , egg and chips was sizzling over camp-fires .",sizzle,Absorb_heat,Becoming_aware,Absorb_heat|Apply_heat|Architectural_part|Attitude_description|Attack|Becoming_aware|Attempt|Aiming|Arriving|Activity_ready_state|Animals|Ammunition|Attention|Agriculture|Aggregate,True,Absorb_heat,True,Absorb_heat|Apply_heat|Architectural_part|Attitude_description|Attack,general,12,False,True,Make_noise|Sounds,"An Entity (generally food) is exposed to a Heat_source whose Temperature may also be specified. Generally, the Entity undergoes some sort of change as a result of this process. 'Bacon was frying in the pan, and a great heap of eggs already lay steaming on a plate.' 'If it cooks at 400 for an hour, it 'll be nothing but a pile of ash!'"
qwen2_5_0_5b_instruct,compact_instruction_llm,dynamic_few_shot_lu_rerank,30,15,5,1,"The torsos sizzle in their own fat , swell and explode . """,sizzle,Absorb_heat,Becoming_visible,Absorb_heat|Ammunition|Bearing_arms|Aiming|Architectural_part|Aggregate|Becoming_visible|Accomplishment|Attention_getting|Being_detached|Being_attached|Attaching|Arriving|Attack|Becoming,True,Absorb_heat,True,Absorb_heat|Ammunition|Bearing_arms|Aiming|Architectural_part,general,13,False,True,Make_noise|Sounds,"An Entity (generally food) is exposed to a Heat_source whose Temperature may also be specified. Generally, the Entity undergoes some sort of change as a result of this process. 'Bacon was frying in the pan, and a great heap of eggs already lay steaming on a plate.' 'If it cooks at 400 for an hour, it 'll be nothing but a pile of ash!'"
qwen2_5_0_5b_instruct,compact_instruction_llm,dynamic_few_shot_lu_rerank,30,15,5,1,She did this now and the spit sizzled on the iron .,sizzle,Absorb_heat,UNKNOWN,Absorb_heat|Accomplishment|Aiming|Ammunition|Apply_heat|Achieving_first|Becoming_aware|Attempt|Becoming_silent|Attempt_suasion|Accompaniment|Architectural_part|Attitude_description|Arriving|Becoming_visible,True,Absorb_heat,True,Absorb_heat|Accomplishment|Aiming|Ammunition|Apply_heat,general,12,False,True,Make_noise|Sounds,"An Entity (generally food) is exposed to a Heat_source whose Temperature may also be specified. Generally, the Entity undergoes some sort of change as a result of this process. 'Bacon was frying in the pan, and a great heap of eggs already lay steaming on a plate.' 'If it cooks at 400 for an hour, it 'll be nothing but a pile of ash!'"
qwen2_5_0_5b_instruct,compact_instruction_llm,dynamic_few_shot_lu_rerank,30,15,5,1,The omelette sizzled in the cast-iron pan .,sizzle,Absorb_heat,Accomplishment,Absorb_heat|Apply_heat|Aiming|Becoming_aware|Arriving|Accomplishment|Becoming_visible|Architectural_part|Attention|Be_subset_of|Attempt_suasion|Achieving_first|Attention_getting|Attitude_description|Agriculture,True,Absorb_heat,True,Absorb_heat|Apply_heat|Aiming|Becoming_aware|Arriving,general,8,False,True,Make_noise|Sounds,"An Entity (generally food) is exposed to a Heat_source whose Temperature may also be specified. Generally, the Entity undergoes some sort of change as a result of this process. 'Bacon was frying in the pan, and a great heap of eggs already lay steaming on a plate.' 'If it cooks at 400 for an hour, it 'll be nothing but a pile of ash!'"
qwen2_5_0_5b_instruct,compact_instruction_llm,dynamic_few_shot_lu_rerank,30,15,5,1,Droplets of coffee sizzled on the hotplate .,sizzle,Absorb_heat,Absorb_heat,Absorb_heat|Achieving_first|Architectural_part|Attitude_description|Becoming_aware|Becoming_visible|Apply_heat|Arriving|Amalgamation|Aggregate|Attention|Ammunition|Abundance|Attention_getting|Accompaniment,True,Absorb_heat,True,Absorb_heat|Achieving_first|Architectural_part|Attitude_description|Becoming_aware,general,8,False,True,Make_noise|Sounds,"An Entity (generally food) is exposed to a Heat_source whose Temperature may also be specified. Generally, the Entity undergoes some sort of change as a result of this process. 'Bacon was frying in the pan, and a great heap of eggs already lay steaming on a plate.' 'If it cooks at 400 for an hour, it 'll be nothing but a pile of ash!'"
qwen2_5_0_5b_instruct,compact_instruction_llm,dynamic_few_shot_lu_rerank,30,15,5,1,The second generation thrombolytic agents are recombinant tissue plasminogen activator ( rt-PA ) and APSAC ( anistreplase ) .,agent,Active_substance,Becoming,Active_substance|Actually_occurring_entity|Adjusting|Activity_resume|Becoming_visible|Attention_getting|Adducing|Activity_start|Activity_ready_state|Becoming|Adopt_selection|Assistance|Activity_finish|Becoming_attached|Accompaniment,True,Active_substance,True,Active_substance|Actually_occurring_entity|Adjusting|Activity_resume|Becoming_visible,general,19,False,True,Intentionally_act|People_by_vocation,A Substance causes an Effect. The Substance is produced by a process understood as directed towards the Effect. The Name for the material that makes up the substance may also be given. 'A rationale for using denatured gp160 as a therapeutic agent in HIV-infected people is to boost the immune response .' 'The quinolones now seem to be the antimicrobial agents of choice for acute bacterial prostatitis.' 'Hormonally active chemicals have the potential to cause significant environmental injury.' 'Only after the potion has been drunk does the active ingredient form. DNI' 'The sarin agent might have been a leftover shell from a chemical-arms dump. '
qwen2_5_0_5b_instruct,compact_instruction_llm,dynamic_few_shot_lu_rerank,30,15,5,1,Currently available thrombolytic agents have several important limitations .,agent,Active_substance,Becoming_aware,Active_substance|Actually_occurring_entity|Attempt|Becoming_visible|Adjusting|Alternatives|Adopt_selection|Activity_ready_state|Architectural_part|Awareness_status|Becoming_aware|Becoming|Attention_getting|Aggregate|Authority,True,Active_substance,True,Active_substance|Actually_occurring_entity|Attempt|Becoming_visible|Adjusting,general,9,False,True,Intentionally_act|People_by_vocation,A Substance causes an Effect. The Substance is produced by a process understood as directed towards the Effect. The Name for the material that makes up the substance may also be given. 'A rationale for using denatured gp160 as a therapeutic agent in HIV-infected people is to boost the immune response .' 'The quinolones now seem to be the antimicrobial agents of choice for acute bacterial prostatitis.' 'Hormonally active chemicals have the potential to cause significant environmental injury.' 'Only after the potion has been drunk does the active ingredient form. DNI' 'The sarin agent might have been a leftover shell from a chemical-arms dump. '
qwen2_5_0_5b_instruct,compact_instruction_llm,dynamic_few_shot_lu_rerank,30,15,5,1,After any effective thrombolytic agent the patient is usually left with a patent vessel .,agent,Active_substance,Active_substance,Active_substance|Becoming_visible|Actually_occurring_entity|Activity_ready_state|Atonement|Activity_stop|Activity_start|Becoming|Adopt_selection|Appointing|Activity_finish|Activity_resume|Accompaniment|Aggregate|Adducing,True,Active_substance,True,Active_substance|Becoming_visible|Actually_occurring_entity|Activity_ready_state|Atonement,science_medical,15,False,True,Intentionally_act|People_by_vocation,A Substance causes an Effect. The Substance is produced by a process understood as directed towards the Effect. The Name for the material that makes up the substance may also be given. 'A rationale for using denatured gp160 as a therapeutic agent in HIV-infected people is to boost the immune response .' 'The quinolones now seem to be the antimicrobial agents of choice for acute bacterial prostatitis.' 'Hormonally active chemicals have the potential to cause significant environmental injury.' 'Only after the potion has been drunk does the active ingredient form. DNI' 'The sarin agent might have been a leftover shell from a chemical-arms dump. '
qwen2_5_0_5b_instruct,compact_instruction_llm,dynamic_few_shot_lu_rerank,30,15,5,1,Various pharmacological agents can modulate the IP 3 R but their actions are not particularly specific .,agent,Active_substance,Activity_ready_state,Active_substance|Adjusting|Attempt|Adopt_selection|Attempt_suasion|Actually_occurring_entity|Alternatives|Being_active|Activity_ready_state|Authority|Activity_ongoing|Attention_getting|Becoming_attached|Avoiding|Arranging,True,Active_substance,True,Active_substance|Adjusting|Attempt|Adopt_selection|Attempt_suasion,general,17,False,True,Intentionally_act|People_by_vocation,A Substance causes an Effect. The Substance is produced by a process understood as directed towards the Effect. The Name for the material that makes up the substance may also be given. 'A rationale for using denatured gp160 as a therapeutic agent in HIV-infected people is to boost the immune response .' 'The quinolones now seem to be the antimicrobial agents of choice for acute bacterial prostatitis.' 'Hormonally active chemicals have the potential to cause significant environmental injury.' 'Only after the potion has been drunk does the active ingredient form. DNI' 'The sarin agent might have been a leftover shell from a chemical-arms dump. '
qwen2_5_0_5b_instruct,compact_instruction_llm,dynamic_few_shot_lu_rerank,30,15,5,1,"Biological agents provide promising alternatives , but we need to understand more about their modes of action .",agent,Active_substance,Active_substance,Active_substance|Activity_ongoing|Adopt_selection|Being_active|Attempt|Adjusting|Attempt_suasion|Authority|Activity_ready_state|Activity_start|Attitude_description|Arranging|Attempt_means|Aiming|Accomplishment,True,Active_substance,True,Active_substance|Activity_ongoing|Adopt_selection|Being_active|Attempt,general,18,False,True,Intentionally_act|People_by_vocation,A Substance causes an Effect. The Substance is produced by a process understood as directed towards the Effect. The Name for the material that makes up the substance may also be given. 'A rationale for using denatured gp160 as a therapeutic agent in HIV-infected people is to boost the immune response .' 'The quinolones now seem to be the antimicrobial agents of choice for acute bacterial prostatitis.' 'Hormonally active chemicals have the potential to cause significant environmental injury.' 'Only after the potion has been drunk does the active ingredient form. DNI' 'The sarin agent might have been a leftover shell from a chemical-arms dump. '
qwen2_5_0_5b_instruct,compact_instruction_llm,dynamic_few_shot_lu_rerank,30,15,5,1,“ I keep getting interrupted .,keep,Activity_ongoing,Activity_resume,Activity_ongoing|Activity_stop|Attention_getting|Becoming|Activity_pause|Activity_finish|Activity_resume|Attempt_suasion|Attention|Becoming_silent|Attitude_description|Becoming_separated|Attempt|Becoming_detached|Activity_ready_state,True,Activity_ongoing,True,Activity_ongoing|Activity_stop|Attention_getting|Becoming|Activity_pause,general,6,False,True,Cause_to_continue|Compliance|Retaining|Storing,"An Agent is performing the portion of an Activity in which there is dynamic stability. '' 'Not noticing the hoards of people rushing by the window, Manny continued eating his lunch.' 'Keep living the dream!'"
