model,model_type,condition,sentence,lexical_unit,gold_frame,prediction,candidate_frames,gold_in_candidates,decision_source,domain,sentence_length,is_long_context,is_ambiguous_lu,hard_negative_frames,frame_definition
supervised_lu_embedding_classifier,supervised_embedding_classifier,lu_constrained_logreg,"Also in the Corinthian Order , it has an almost intact peristyle of 20 columns but the entablature has been replaced by a modern roof .",order,Artistic_style,Artistic_style,Artistic_style|Bail_decision,True,lu_constrained_classifier,general,26,True,True,Arranging|Bail_decision|Biological_classification|Chaos|Law,This frame contains LUs that express the Form which a piece of Artwork represents. The Form may also represent the entire body of an Artist's work. The Form may be further characterized by the Time of some Artwork's creation or other Descriptors. 'Her style of painting is an excellent blend of traditional and modern.' 'The whimsical style of this piece is very effective.'
supervised_lu_embedding_classifier,supervised_embedding_classifier,lu_constrained_logreg,"Since the early 1990s , China has improved its export controls , including the promulgation of regulations on nuclear and nuclear dual - use exports and has pledged to halt exports of nuclear technology to un - safeguarded facilities .",use,Alternatives,Be_in_agreement_on_action,Artifact|Be_in_agreement_on_action|Activity_prepare|Becoming|Assistance|Accomplishment|Actually_occurring_entity|Attitude_description|Becoming_aware|Awareness|Activity_resume|Activity_ready_state|Alternatives|Attention_getting|Adjusting,True,global_classifier,general,40,True,True,Ingest_substance|Purpose|Tool_purpose|Treating_and_mistreating|Using,"There exist a number of different possible Situations that may happen in the future. (In some cases, the Situation is concurrent or past, and only the knowledge of which has happened is in the future.) In most cases, there is an Agent involved who has to consider which of the possible Situations will or should occur. A Salient_entity which is deeply involved in the Situation may also be mentioned. 'You have but two choices for your daughter .' While all the members of this frame denote possible situations, in principle, this frame could be split into a number of subtypes on the following basis: ''1. Future.n, and most uses of alternative.n and possibility.n all evoke nothing more than a simple possible situation (not necessarily an Situation) with no Agent; the remaining frames would inherit from this. ''2. Use.n evokes different possible things that can be done with a Salient_entity (i.e., Purposes) and thus uses the Using frame; in this frame, the target denotes the Purpose that can be achieved. ''3. way.n evokes different events that can lead to an Outcome (not necessarily a Purpose); this frame should use the Means frame. In this frame, the target denotes the possible Means actions. ''4. option.n, choice.n, and many instances of alternative.n and possibility.n, evoke possible Situations that an implicit or explicit Agent can bring about at will. A Purpose that would be served by bringing these Situations about may be mentioned. A Salient_entity related to the Purpose may occur in place of the Purpose."
supervised_lu_embedding_classifier,supervised_embedding_classifier,lu_constrained_logreg,"Real-estate moguls , the only folks who made real money in D.C. until recently , were shut out of power Washington - except for sports team owners Jack Kent Cooke and Abe Pollin .",power,Authority,Authority,Authority,True,lu_singleton_rule,sports,34,True,True,Capability|Electricity|Level_of_force_exertion|Objective_influence,An Agent has the means to affect a Theme along the lines of a certain Domain. There is an imbalance of influence or power within a certain Domain that favors the Agent (often due to some Source) over the Theme. 'His authority over his subjects was given to him by God.' 'Congress has the power to enact laws.' 'Only the King has the authority to declare war.'
supervised_lu_embedding_classifier,supervised_embedding_classifier,lu_constrained_logreg,He arranged them in a Noah row as he talked .,arrange,Arranging,Arranging,Arranging,True,lu_singleton_rule,general,11,False,True,Placing|Scheduling,"An Agent puts a complex Theme into a particular Configuration, which can be a proper order, a correct or suitable sequence, or a spatial position. 'He arranged the elements in the pattern that we now call the periodic table.' 'Try to order them by importance. CNI '"
supervised_lu_embedding_classifier,supervised_embedding_classifier,lu_constrained_logreg,"You 're going to a friend 's for a barbecue on a hot summer 's evening , and you 're walking up the drive and you can smell the barbecue sizzling away .",sizzle,Absorb_heat,Absorb_heat,Absorb_heat,True,lu_singleton_rule,daily_life,33,True,True,Make_noise|Sounds,"An Entity (generally food) is exposed to a Heat_source whose Temperature may also be specified. Generally, the Entity undergoes some sort of change as a result of this process. 'Bacon was frying in the pan, and a great heap of eggs already lay steaming on a plate.' 'If it cooks at 400 for an hour, it 'll be nothing but a pile of ash!'"
supervised_lu_embedding_classifier,supervised_embedding_classifier,lu_constrained_logreg,Lets wait and try to offset the amount we owe them with what they owe us - so I say wait until you get July and August done .,done,Activity_done_state,Activity_done_state,Activity_done_state,True,lu_singleton_rule,general,29,True,False,Process_completed_state,An Agent has completed an Activity. '' 'Finally I am done cleaning the apartment.' 'Construction on the new Safeway was done by October.'
supervised_lu_embedding_classifier,supervised_embedding_classifier,lu_constrained_logreg,They began a tour of inspection and almost immediately discovered the wrought-iron crypt gate swinging open .,discover,Becoming_aware,Becoming_aware,Becoming_aware,True,lu_singleton_rule,general,17,False,False,Achieving_first,"Words in this frame have to do with a Cognizer adding some Phenomenon to their model of the world. They are similar to Coming-to-believe words, except the latter generally involve reasoning from Evidence. '' The words in this frame take direct objects that denote entities in the world, and indicate awareness of those entities, without necessarily giving any information about the content of the Cognizer's belief or knowledge. These words also resemble perception words, since creatures often become aware of things by perceiving them. 'Later that night, they found the barely-alive victim inside the Red Hall estate flat.' 'Almost immediately, the police discovered the wrought-iron crypt gate swinging open.' 'In the bag on the tableI could vaguelydiscern two bottles of wine and several cartons of cakes and other goodies.' 'People passing through recognize it from afar, by the clouds of coal dust darkening the air.' General Grammatical Observations: Passive forms of the verbs in this frame can occur with extraposed clauses expressing Phenomenon: 'That year it was discovered that consumers preferred the older model.' 'It is not always recognized how much work goes into a dinner party.'"
supervised_lu_embedding_classifier,supervised_embedding_classifier,lu_constrained_logreg,In the UK it became increasingly apparent that organisational change in schools was not sufficient to guarantee change in established social attitudes .,become,Becoming,Becoming,Becoming,True,lu_singleton_rule,general,23,True,False,Suitability,"An Entity ends up with some Final_quality--a new fact about the Entity. Alternatively, based on a cluster of changes of characteristics, the Entitynewly meets the conditions for being a member of a Final_category. 'The weather turned cold .' 'You can become a firefighter today !' This frame should be compared with the Transition_to_state frame, which is more general in allowing arbitrary descriptions of a final situation: 'We ended up telling him to leave .' There is no way to effectively paraphrase such a sentence in the Becoming frame."
supervised_lu_embedding_classifier,supervised_embedding_classifier,lu_constrained_logreg,"He then made a major contribution to the development of the internal combustion engine , originating the use of aluminium for pistons .",originate,Achieving_first,Achieving_first,Achieving_first,True,lu_singleton_rule,general,23,True,False,Origin,A Cognizer introduces a New_idea into society. 'It is difficult to imagine how different our lives would be without Edison's invention of the light bulb.'
supervised_lu_embedding_classifier,supervised_embedding_classifier,lu_constrained_logreg,"To his chagrin , Jane was not appointed to any official position during World War I , and had to be content with privately supporting naval recruiting and propaganda .",appoint,Appointing,Appointing,Appointing,True,lu_singleton_rule,news_politics,30,True,False,,"A Selector, often an individual in a leadership role, appoints a Official to assume an official Role in an organization (which can be expressed as the Body). 'Press secretaries accredit journalists to the sessions.'"
supervised_lu_embedding_classifier,supervised_embedding_classifier,lu_constrained_logreg,Arson in Galway turned easily to murder .,arson,Arson,Arson,Arson,True,lu_singleton_rule,general,8,False,False,Offenses,"A Perpetrator intentionally sets fire to his own or someone else's property, often in order to collect an insurance payment on this property. 'Two men were charged with arson.'"
supervised_lu_embedding_classifier,supervised_embedding_classifier,lu_constrained_logreg,The ` Let '' rule has stood since 1880 without too much fuss and I think I might get annoyed if I saw the fifth set in a Wimbledon final decided by a serve which simply hit the net and ` died '' on the receiver 's side .,annoyed,Annoyance,Annoyance,Annoyance,True,lu_singleton_rule,general,49,True,False,,"An Experiencer, Expressor, or State has a feeling of annoyance as evoked by a Stimulus or concerning a Topic. 'Peck was annoyed at the interruption.' 'Maggie noted his rather irritated expression.'"
supervised_lu_embedding_classifier,supervised_embedding_classifier,lu_constrained_logreg,"If not directly representing the official political party just yet , she was anxious to push her views and get her army of young fans to follow suit , and help save the planet .",army,Aggregate,Aggregate,Aggregate,True,lu_singleton_rule,general,35,True,False,Military,This frame contains nouns denoting Aggregates of Individuals. The Aggregates may be described by an Aggregate_property. 'An army of postal workers descended on my office.'
supervised_lu_embedding_classifier,supervised_embedding_classifier,lu_constrained_logreg,At the end of November guerrillas renewed their attacks on the wealthy suburbs of Escalón and San Benito and fighting also took place on the flanks of the San Salvador and Guazapa volcanos outside the capital .,renew,Activity_resume,Activity_resume,Activity_resume,True,lu_singleton_rule,general,37,True,False,Rejuvenation,An Agent resumes participation in an Activity. Progress on the Activity is retained from before the interruption. 'Normal Service Will Be Resumed Shortly. CNI' The Kinshasa government has resumed supporting Rwandan rebels.
supervised_lu_embedding_classifier,supervised_embedding_classifier,lu_constrained_logreg,But he would deny that they were evidence of God .,deny,Affirm_or_deny,Agree_or_refuse_to_act,Affirm_or_deny|Agree_or_refuse_to_act|Awareness|Becoming_aware|Avoiding|Actually_occurring_entity|Attempt|Artificiality|Becoming_visible|Awareness_status|Appeal|Attempt_suasion|Becoming_silent|Attempt_means|Attitude_description,True,global_classifier,general,11,False,False,Prevent_or_allow_possession,"A Speaker uses language to affirm or deny the truth of a Message to some Addressee. Instead of (or in addition to) a Speaker, a Medium may also be mentioned. Likewise, a Topic may be stated instead of a Message. 'She affirmed her loyalty to the cause.' 'He denied that he had ever believed in the existence of God.' 'BBC News confirmed the story about the refugees.'"
supervised_lu_embedding_classifier,supervised_embedding_classifier,lu_constrained_logreg,` Sarah was such a beautiful girl and a warm and caring mother .,beautiful,Aesthetics,Aesthetics,Aesthetics,True,lu_singleton_rule,news_politics,14,False,False,,An Entity is judged to be sensually pleasing or intellectually interesting to a (generally implicit) Judge. 'We saw this beautiful boat with the red sails several times' 'We camped here on the beach and had an absolutely lovely early morning walk through farm fields'
supervised_lu_embedding_classifier,supervised_embedding_classifier,lu_constrained_logreg,"` Lookin' fer the Post Office , dear ? "" said the old lady .",old,Age,Age,Age,True,lu_singleton_rule,general,15,False,False,,"An Entity has existed for a length of time, the Age. The Age can be characterized as a value of the age Attribute, or a Degree modifier may express the deviation of the Age from the norm. The Expressor exhibits qualities of the age of the Entity. 'This building is twenty thousand years old.' 'My grandpa is really old' 'Junior is only five weeks old.' 'A cunning oldish voice called out from the crowd.' 'His age was 23 at the time.' ' People of age 55 or older should consult their physician. ' 'I have a 13-year-old cousin' 'My grandma is old' There are additional patterns that the LUs in this frame occur in which are not licensed by a particular lexical head but by a construction. Additionally, there are patterns that evoke this frame without any overt lexical head that are part of this frame. 'She is 45 years of age.' 'Billy is 13.'"
supervised_lu_embedding_classifier,supervised_embedding_classifier,lu_constrained_logreg,"Obair has been active on the question of employment , unemployment and training for people in West Belfast since 1987 .",active,Being_active,Being_active,Being_active,True,lu_singleton_rule,business,21,True,False,Active_substance,"An Agent is described as pursuing an Activity, expending some effort. The Agent may be active in a particular Role. Alternatively, the Activity itself may be described as having an Agent who is expending effort. In some cases, the Activity may involve a Salient_entity which may stand in for it. 'Sky, a Korean War veteran, was active in his opposition to Vietnam and continues to protest current combat in Iraq.' 'She is active in the community by establishing parent groups, life skills program, sharing circles and various Aboriginal cultural activities for young women..' 'John Colville was quite active as a land speculator in both Virginia and Maryland.'"
supervised_lu_embedding_classifier,supervised_embedding_classifier,lu_constrained_logreg,"Reports on the armed conflict in the former Yugoslavia , however , suggest not only that rape and the sexual abuse of women have been carried out on a massive scale , but that it has been systematic and organised .",abuse,Abusing,Abusing,Abusing,True,lu_singleton_rule,daily_life,41,True,False,,"In this frame an Abuser repeatedly treats the Victim in a cruel and violent way, including physically harming or forcing the Victim to engage in sexual activity against their will. The Victim usually lacks the power to resist or fight back. A Type of abuse may be indicated. There may also be a Degree. ' Her father verbally abused her mother. '"
supervised_lu_embedding_classifier,supervised_embedding_classifier,lu_constrained_logreg,"I notice in your "" dedication "" , you spoke of some external , European friends who assisted you , for the first time , to write , without tears and pain .",assist,Assistance,Assistance,Assistance,True,lu_singleton_rule,daily_life,33,True,False,,A Helper benefits a Benefited_party by enabling the culmination of a Goal that the Benefited_party has. A Focal_entity that is involved in reaching the Goal may stand in for it. This Frame has unique Frame-to-Frame Relations: it inherits from and uses the Intentionally_act frame. This is atypical of FrameNet's frame relations. 'Will you help the Government find your brother?' 'Maybe Stephen should assist him with the last manuscript.' 'They helped me psychologically to overcome the physical loss I had suffered.' 'You have helped him tremendously by showing him how to stand up for himself and by being his friend.' 'By bringing assistance to his troops wherever they were in trouble he aided them greatly.'
supervised_lu_embedding_classifier,supervised_embedding_classifier,lu_constrained_logreg,"Indeed , the average age of new narcotic addicts notified to the Home Office in 1984 was about 26 years .",addict,Addiction,Addiction,Addiction,True,lu_singleton_rule,daily_life,21,True,False,,"This frame concerns an Addict's physiological or psychological compulsive dependence on an Addictant, the substance or behavior to which the Addict is addicted. '' 'Although she was never a big fan of drugs, she became hooked on that designer drug instantly.' 'He is a cocaine addict.' 'There are some cocaine addicts living in the house across the street.'"
supervised_lu_embedding_classifier,supervised_embedding_classifier,lu_constrained_logreg,After 1854 appeals to the Supreme Court on matters of law were allowed .,appeal,Appeal,Appeal,Appeal,True,lu_singleton_rule,legal,14,False,True,Experiencer_obj|Request,In the Appeal stage of the criminal process the Convict or his or her Representative applies to a higher Court to reverse the Decision of the lower court on certain Grounds. ' The defense plans to appeal the court's decision on the grounds that the judge violated Code 81.b . ' ' John Michaels will appeal his conviction .'
supervised_lu_embedding_classifier,supervised_embedding_classifier,lu_constrained_logreg,"He joined Neilson & Co. in 1846 at their Hyde Park ( Glasgow ) works , becoming a foreman in the locomotive construction department .",join,Becoming_a_member,Becoming_a_member,Becoming_a_member,True,lu_singleton_rule,general,25,True,True,Amalgamation|Attaching|Cause_to_amalgamate,A New_member becomes a member of a socially-constructed Group. 'Seven new members and the three countries joined the alliance five years ago.' 'Most new students enroll in a university without declaring a major.' 'It represents every man and woman who has enlisted in the armed forces to protect our families and serve the community.'
supervised_lu_embedding_classifier,supervised_embedding_classifier,lu_constrained_logreg,"` I expect she would laugh her socks off if she found you here in royal regalia ! """,regalia,Accoutrements,Accoutrements,Accoutrements,True,lu_singleton_rule,general,19,False,False,Clothing,"A Wearer wears accessories, which are made of some Material and may have a Style. Most of the accessories are non-essential (clothing) items. 'She wore a black velvet hat on her head.'"
supervised_lu_embedding_classifier,supervised_embedding_classifier,lu_constrained_logreg,"` I arrested her for soliciting . """,arrest,Arrest,Arrest,Arrest,True,lu_singleton_rule,general,8,False,False,Cause_to_end,"Authorities charge a Suspect, who is under suspicion of having committed a crime (the Charges), and take him/her into custody.'The police arrested Harry on charges of manslaughter.'"
supervised_lu_embedding_classifier,supervised_embedding_classifier,lu_constrained_logreg,Country parishes amalgamate and the vicar is seen on Sunday ln three : the village shop is nobbled by the supermarket ; the bus service -- rationalised and subsidised -- becomes more infrequent .,amalgamate,Amalgamation,Amalgamation,Amalgamation,True,lu_singleton_rule,business,34,True,False,Cause_to_amalgamate,"These words refer to Parts merging to form a Whole. (The Parts may also be encoded as Part_1 and Part_2.) There is a symmetrical relationship between the components that undergo the process, and afterwards the Parts are consumed and are no longer distinct entities that are easily discernable or separable in the Whole. 'The two droplets merge, and then travel down the windowpane even faster.'"
supervised_lu_embedding_classifier,supervised_embedding_classifier,lu_constrained_logreg,"And Murphy himself often looks edgy , as if he 's trying to button his lip ( he seems happiest with the funny improvised boy 's talk routines ) .",button (one's) lip,Becoming_silent,Becoming_silent,Becoming_silent,True,lu_singleton_rule,general,30,True,False,,"In this frame a Speaker ceases speaking, sometimes about a particular Topic. An Expressor may also be indicated. '' The words of this frame are very frequently used imperatively, to the extent that certain words and phrases (not another word, silence, shhh) can only be used this way. 'Finally, Jan shut up about his car accident.' 'The children's laughter quieted down.' 'Somehow, he managed to hold his tongue.'"
supervised_lu_embedding_classifier,supervised_embedding_classifier,lu_constrained_logreg,"I will not answer the phone for a week , no matter whose face appears on it .",appear,Becoming_visible,Becoming_visible,Becoming_visible,True,lu_singleton_rule,general,18,False,True,Arriving|Circumscribed_existence|Coming_to_be|Give_impression|Performers_and_roles,An Entity that is previously not visible to a Perceiver becomes visible. 'The armada appeared on the horizon at sunset.' 'The captain ordered his men to dig at the X and the corner of a chest appeared.'
supervised_lu_embedding_classifier,supervised_embedding_classifier,lu_constrained_logreg,Situated in prime but quiet position adjacent to Floral Clock 300 yards from seafront through graceful Palmeira Square ; easy walking distance to Conference centre .,adjacent,Adjacency,Adjacency,Adjacency,True,lu_singleton_rule,sports,26,True,False,,"A Figure is located adjacent to a Ground. This is equivalent to the Figure and Ground either constituting or being associated with a zone, with each zone in contact with the zone of the other. 'The two houses were adjacent , so she bought them together .' 'The bedroom adjoining hers was much smaller .' 'The park borders a very upscale neighborhood .' 'While you solder , make sure the neighboring pins don't get overheated . DNI ' This frame is intended to cover productive metaphor cases such as those found in ""adjacent web pages""--referring to pages that metaphorically ""share a border"" by virtue of sharing a hyperlink, as well as many additional cases of entities which are cognitively associated in other ways. There are a number of less productive metaphors that are also intended to be included in this frame, e.g. ""behavior bordering on lunacy"", ""cleanliness is next to godliness"", despite the fact that conventionally we do not find ""adjacent to lunacy"", etc. Though these expressions sound creative, they are immediately understandable and contextually unobjectionable."
supervised_lu_embedding_classifier,supervised_embedding_classifier,lu_constrained_logreg,We will start in our first parliamentary session with a Freedom of Information Act which will open up government to the people .,start,Activity_start,Activity_start,Activity_start,True,lu_singleton_rule,news_politics,23,True,True,Catching_fire|Process_start|Temporal_subregion,"An Agent initiates the beginning of an ongoing Activity in which he will be continuously involved. '' 'At the same time, city-states began to grow in influence on the southern Greek mainland.' 'Naturally, I started crying to get out of work.'"
supervised_lu_embedding_classifier,supervised_embedding_classifier,lu_constrained_logreg,"Not as yet by all three of the men , but by one who already had his handgun set up , aimed fully at John , and the flare in his hand to ignite it .",aim,Aiming,Aiming,Aiming,True,lu_singleton_rule,general,36,True,False,Purpose,"An Agent adjusts an Instrument to enable it to interact directly with a difficult-to-access Target_location. Usually, there is a Targeted entity at the Target_location which is mentioned in its place. 'If you aim your weapons somewhere else , I 'll be more likely to talk .' 'The sortie targeted primarily resupply points , but these included several civilian areas . INI' 'A good marksman still should take aim for a moment before each shot . INI INI'"
supervised_lu_embedding_classifier,supervised_embedding_classifier,lu_constrained_logreg,Big Arnie Schwarzenegger would probably prefer to tackle the Penguin than the army of infant terrors he faces in Kindergarten Cop .,army,Aggregate,Aggregate,Aggregate,True,lu_singleton_rule,news_politics,22,True,False,Military,This frame contains nouns denoting Aggregates of Individuals. The Aggregates may be described by an Aggregate_property. 'An army of postal workers descended on my office.'
supervised_lu_embedding_classifier,supervised_embedding_classifier,lu_constrained_logreg,"He kept thinking of the girl in Mu Chua 's House of the Ninth Ecstasy ; the singsong girl , White Orchid , who had looked so much like Vesa .",keep,Activity_ongoing,Activity_ongoing,Activity_ongoing,True,lu_singleton_rule,general,31,True,True,Cause_to_continue|Compliance|Retaining|Storing,"An Agent is performing the portion of an Activity in which there is dynamic stability. '' 'Not noticing the hoards of people rushing by the window, Manny continued eating his lunch.' 'Keep living the dream!'"
supervised_lu_embedding_classifier,supervised_embedding_classifier,lu_constrained_logreg,The RSNC is using the report to renew demands on Environment Secretary Michael Heseltine for urgent action to curb the over-exploitation of rivers .,renew,Activity_resume,Activity_resume,Activity_resume,True,lu_singleton_rule,general,24,True,False,Rejuvenation,An Agent resumes participation in an Activity. Progress on the Activity is retained from before the interruption. 'Normal Service Will Be Resumed Shortly. CNI' The Kinshasa government has resumed supporting Rwandan rebels.
supervised_lu_embedding_classifier,supervised_embedding_classifier,lu_constrained_logreg,"They slipped through the museum like ghosts dodging the approach of dawn , all but ignoring the Arawak and Spanish exhibits .",approach,Arriving,Arriving,Arriving,True,lu_singleton_rule,general,22,True,False,Means,"An object Theme moves in the direction of a Goal. The Goal may be expressed or it may be understood from context, but its is always implied by the verb itself. '' 'Some students arrived at the school on Sunday.' 'It was his arrival at Nijmegen in 837 that made the Vikings withdraw.'"
supervised_lu_embedding_classifier,supervised_embedding_classifier,lu_constrained_logreg,This question came from the management representative who was attending the meeting .,attend,Attending,Attending,Attending,True,lu_singleton_rule,general,13,False,True,Attention|Perception_active,An Agent goes to an Event and is present in a relatively non-participatory way. 'The Angolan guerrillas will attend a September meeting in Zaire.' 'We just go to the movies when it rains.' 'His attendance at the funeral did not go unnoticed.'
supervised_lu_embedding_classifier,supervised_embedding_classifier,lu_constrained_logreg,"The economy has a weak base , and only 7 per cent of the land is cultivated , most being under rough grazing ( Turnock 1974 ) .",cultivate,Agriculture,Agriculture,Agriculture,True,lu_singleton_rule,general,28,True,False,,In this frame an Agriculturist cultivates Food. The location or Ground where the Food is cultivated by the Agriculturist is often expressed. '' 'Peasants were encouraged to cultivate basic food crops such as beans and corn'. 'Shrimp farming seems to be a recipe for disaster' 'Some fields were probably cultivated only in the dry season CNI'
supervised_lu_embedding_classifier,supervised_embedding_classifier,lu_constrained_logreg,"Carrying out Jihad is the main reason the members of AL-QAEDA have gathered , together with performing the different duties of Islam as much as possible , shouldering together the duty of Jihad and preparing the efficient duties during conflicts .",prepare,Activity_prepare,Activity_prepare,Activity_prepare,True,lu_singleton_rule,daily_life,41,True,False,Cooking_creation,An Agent prepares for an Activity. '' 'The troops were preparing themselves for the mission.' 'The boats are getting ready to leave the pier.'
supervised_lu_embedding_classifier,supervised_embedding_classifier,lu_constrained_logreg,"There are three ground floor sitting-rooms , panelled and with Purbeck marble or carved fireplaces .",fireplace,Architectural_part,Architectural_part,Architectural_part,True,lu_singleton_rule,daily_life,16,False,False,,An entity is integrated into a building as a Part of a (possibly unexpressed) Whole which may refer to the whole building or merely to a sub-part of the building. 'We need new counters for the kitchen' 'The storm ripped off the bathroom's roof'
supervised_lu_embedding_classifier,supervised_embedding_classifier,lu_constrained_logreg,"You are quite aware the venture is the brainchild of certain senior officers . """,aware,Awareness,Awareness,Awareness,True,lu_singleton_rule,news_politics,15,False,False,,"A Cognizer has a piece of Content in their model of the world. The Content is not necessarily present due to immediate perception, but usually, rather, due to deduction from perceivables. In some cases, the deduction of the Content is implicitly based on confidence in sources of information (believe), in some cases based on logic (think), and in other cases the source of the deduction is deprofiled (know). 'Your boss is aware of your commitment.' '' Note that this frame is undergoing some degree of reconsideration. Many of the targets will be moved to the Opinion frame. That frame indicates that the Cognizer considers something as true, but the Opinion (compare to Content) is not presupposed to be true; rather it is something that is considered a potential point of difference, as in the following: 'I think that you are awesome.' In the uses that will remain in the Awareness frame, however, the Content is presupposed. '' This frame is also distinct from the Certainty frame, in that it does not profile the relationship of the Cognizer to the Content, but rather presupposes it. In Certainty, the Degree of confidence or certainty is expressible as a separate frame element, as in the following: 'She absolutely knew that he would be there .'"
supervised_lu_embedding_classifier,supervised_embedding_classifier,lu_constrained_logreg,He was arraigned on eight counts of treason before Sir Travers Humphreys [ q.v. ] at the Old Bailey on 28 November 1945 .,arraign,Arraignment,Arraignment,Arraignment,True,lu_singleton_rule,general,24,True,False,,"At a court hearing, a Defendant is informed of the Charges against him or her, (usually) enters a plea, and a decision is made by a Judge as to the amount of bail, if any. '' 'Mortimer and Isabella were hurried off and arraigned before parliament in November.' 'If the court rejects the appeal, the 19 young men facearraignment on murder charges before the tribunal in the southern city of Port Harcourt.'"
supervised_lu_embedding_classifier,supervised_embedding_classifier,lu_constrained_logreg,"After discussing a ` mooty "" problem , try to avoid the weak conclusion that ` A is perhaps liable . """,avoid,Avoiding,Avoiding,Avoiding,True,lu_singleton_rule,general,22,True,False,Preventing_or_letting,"An Agent avoids an Undesirable_situation under certain Circumstances. That situation may be an activity (e.g. going to school), or an entity (perhaps) metonymic for such an activity or situation (e.g. the curb). In this frame, the situation is undesirable from the Agent's point of view (e.g. evade), and contrasts with scenes in which the situation is specifically undesirable to someone else (e.g. forbear) or from the point of view of an external morality (e.g. abstain). 'Mike avoided his supervisor at all costs.'"
supervised_lu_embedding_classifier,supervised_embedding_classifier,lu_constrained_logreg,Artificial fertilisers and lime are used to improve the soils .,artificial,Artificiality,Artificiality,Artificiality,True,lu_singleton_rule,general,11,False,False,,"An Entity is evaluated for whether or not it belongs to a particular Reference_category in a context where its category membership is doubtful. The criterion or criteria that are relevant to evaluating Reference_category membership depend on the individual lexical units and/or on the context. Typically, either the material composition of the Entity, its method of creation, or the identity (and proper authority) of its creators are critical for proper category membership. Note that Entity also covers behaviors. 'It can be hard to get your money back after discovering you've bought a bogus autograph for hundreds or thousands of dollars! ' 'It can be hard to get your money back after discovering you've bought a BOGUS autograph for hundreds or thousands of dollars! ' 'A bogus policeman pulling over motorists was arrested after stopping a car carrying four real officers.' 'A BOGUS policeman pulling over motorists was arrested after stopping a car carrying four real officers.' 'You people are pretty thick if you think you have evidence to prove that the moon landing was fake.' 'You people are pretty thick if you think you have evidence to prove that the moon landing was fake.'"
supervised_lu_embedding_classifier,supervised_embedding_classifier,lu_constrained_logreg,"Wirral Ranger Services principal officer Jim Lester said : ` The number of cocklers in the estuary is much lower than it has been , partly due to the cockle beds being reduced .",officer,Appellations,Appellations,Appellations,True,lu_singleton_rule,general,34,True,True,Attention_getting|Leadership|People_by_vocation,"This frame is only for words that are used as the Titles of individuals. The Title is applied to a Name (surname or full name) and often designates their rank within a man-made institution (e.g. chief, king, bishop, brother) or general social status (mr., miss), or may indicate a kinship relationship (cousin, aunt). Pairings of Title and Name can be used as vocatives (see Attention_getting), while the Titles may not always be vocative on their own. 'He saluted General Fightmeister walking into the room.' 'Everyone stood as Captain Jack Aubrey delivered a toast.' 'Supreme Court Chief Justice John Roberts is sticking to his guns .' 'Captain Mike Eruzione of the USA Miracle on Ice hockey team in 1980 turns 58 today.' Most LUs of this frame are related to LUs of the Leadership or Kinship frames, but some (e.g. Lady, Mr., Brother) occur only here. These LUs differ from normal examples of LUs in Leadership or Kinship in that the LUs are used simply as vocatives or as modifiers of names, to indicate how the individual fits into the general or specific social context."
supervised_lu_embedding_classifier,supervised_embedding_classifier,lu_constrained_logreg,Night Goblins cultivate different kinds of fungus and moulds in their meandering caves and tunnels .,cultivate,Agriculture,Agriculture,Agriculture,True,lu_singleton_rule,general,16,False,False,,In this frame an Agriculturist cultivates Food. The location or Ground where the Food is cultivated by the Agriculturist is often expressed. '' 'Peasants were encouraged to cultivate basic food crops such as beans and corn'. 'Shrimp farming seems to be a recipe for disaster' 'Some fields were probably cultivated only in the dry season CNI'
supervised_lu_embedding_classifier,supervised_embedding_classifier,lu_constrained_logreg,The two chambers of the modern House of Assembly meet in the so-called western building ( on the right side if you 're facing from the square ) ; the public - records office and government publications department are housed in the other historic buildings .,meet,Assemble,Assemble,Assemble,True,lu_singleton_rule,news_politics,46,True,True,Come_together|Locative_relation|Make_acquaintance|Meet_specifications|Meet_with_response,"In this frame a group of Individuals intentionally come together to form a Group. Alternatively, a grammatically more prominent Party_1 assembles with a Party_2, expressed as an oblique phrase. If this asymmetric construal is chosen, Purpose only relates to Party_1. 'We assembled in the courtyard to talk about our future plans.' 'Our study group is convening outside today.' 'The Dodgers meet the San Francisco Giants tomorrow at Dodger Stadium.'"
supervised_lu_embedding_classifier,supervised_embedding_classifier,lu_constrained_logreg,The prevalence of this association was found to be higher in our study than in other previous series [ 2 3 4 5 6 7 ] . The true prevalence could be even higher since liver enzyme profiles were not done in all patients .,true,Actually_occurring_entity,Actually_occurring_entity,Actually_occurring_entity,True,lu_singleton_rule,science_medical,45,True,True,Accuracy|Artificiality|Candidness|Correctness|Exemplar,"Against the background of a contextually salient non-real world, for instance a hypothetical, imagined, simulated, expected, projected, or dream world, an Instance of a Type encountered in a relation or event in the real world is presented as being different from the instance found in the non-real world. Of course, the real-world Instance of the expected Type may also be presented as not occurring, as in the last example below. 'Actual results may vary.' 'ACTUAL results may vary.' 'Also present is the actual policeman, now 20 years older and helping to cast and prepare the young actor who'll be portraying him onscreen.' 'Also present is the ACTUAL policeman, now 20 years older and helping to cast and prepare the young actor who'll be portraying him onscreen.' 'Of course, an actual car with all these capabilities simply did not exist.' 'Of course, an ACTUAL car with all these capabilities simply did not exist.'"
supervised_lu_embedding_classifier,supervised_embedding_classifier,lu_constrained_logreg,Their pay levels are threatened as they become unable to control the supply of labour into their profession : there is always a ` reserve army '' of suitably qualified workers ready to step into their jobs .,ready,Activity_ready_state,Activity_ready_state,Activity_ready_state,True,lu_singleton_rule,general,38,True,False,Activity_prepare,"The Protagonist is in an initial state, before beginning to be involved in the Activity, but all pre-conditions for performance of the Activity have been satisfied. In many cases, the Protagonist is an intentional agent, but there are other uses in which the agent is deprofiled, and the Protagonist is an entity which is essential to the Activity. Alternatively, the Activity may be indicated by a Salient_entity which stands in for the Activity. This Salient_entity may also be an intentional agent, but need not be. 'She 's not ready ! DNI.' 'He 's ready to talk , I think .' 'Is the UK government ready to do a u-turn on passport-ID cards ?' 'Check and see if Sal is ready for the bathtub .' 'The world is finally prepared for him !'"
supervised_lu_embedding_classifier,supervised_embedding_classifier,lu_constrained_logreg,TWO men were last night charged with arson after firebombs hit a mosque .,arson,Arson,Arson,Arson,True,lu_singleton_rule,general,14,False,False,Offenses,"A Perpetrator intentionally sets fire to his own or someone else's property, often in order to collect an insurance payment on this property. 'Two men were charged with arson.'"
supervised_lu_embedding_classifier,supervised_embedding_classifier,lu_constrained_logreg,She does n't even have to ask … people just feel obliged to run her errands … as though they were atoning for something .,atone,Atonement,Atonement,Atonement,True,lu_singleton_rule,general,25,True,False,,An Agent has committed a Wrong in the past and is making Amends for it. The Degree to which the Amends are adequate may also be expressed. 'He atoned for his sin with good works.'
supervised_lu_embedding_classifier,supervised_embedding_classifier,lu_constrained_logreg,"If parents are dissatisfied with a school , they should have the option of switching to another .",option,Alternatives,Alternatives,Alternatives,True,lu_singleton_rule,general,18,False,False,,"There exist a number of different possible Situations that may happen in the future. (In some cases, the Situation is concurrent or past, and only the knowledge of which has happened is in the future.) In most cases, there is an Agent involved who has to consider which of the possible Situations will or should occur. A Salient_entity which is deeply involved in the Situation may also be mentioned. 'You have but two choices for your daughter .' While all the members of this frame denote possible situations, in principle, this frame could be split into a number of subtypes on the following basis: ''1. Future.n, and most uses of alternative.n and possibility.n all evoke nothing more than a simple possible situation (not necessarily an Situation) with no Agent; the remaining frames would inherit from this. ''2. Use.n evokes different possible things that can be done with a Salient_entity (i.e., Purposes) and thus uses the Using frame; in this frame, the target denotes the Purpose that can be achieved. ''3. way.n evokes different events that can lead to an Outcome (not necessarily a Purpose); this frame should use the Means frame. In this frame, the target denotes the possible Means actions. ''4. option.n, choice.n, and many instances of alternative.n and possibility.n, evoke possible Situations that an implicit or explicit Agent can bring about at will. A Purpose that would be served by bringing these Situations about may be mentioned. A Salient_entity related to the Purpose may occur in place of the Purpose."
supervised_lu_embedding_classifier,supervised_embedding_classifier,lu_constrained_logreg,"The words `` His resume is an American dream , '' a quotation from Time magazine , appear on the screen .",appear,Becoming_visible,Becoming_visible,Becoming_visible,True,lu_singleton_rule,general,22,True,True,Arriving|Circumscribed_existence|Coming_to_be|Give_impression|Performers_and_roles,An Entity that is previously not visible to a Perceiver becomes visible. 'The armada appeared on the horizon at sunset.' 'The captain ordered his men to dig at the X and the corner of a chest appeared.'
supervised_lu_embedding_classifier,supervised_embedding_classifier,lu_constrained_logreg,"` Yes -- bedroom , bathroom , a door opening on to a section of enclosed veranda , and an open veranda beyond that , looking down on to a rather beautiful tropical garden .",beautiful,Aesthetics,Aesthetics,Aesthetics,True,lu_singleton_rule,daily_life,35,True,False,,An Entity is judged to be sensually pleasing or intellectually interesting to a (generally implicit) Judge. 'We saw this beautiful boat with the red sails several times' 'We camped here on the beach and had an absolutely lovely early morning walk through farm fields'
supervised_lu_embedding_classifier,supervised_embedding_classifier,lu_constrained_logreg,"Take about three bananas , and cut them up and arrange them on a plate in four pieces to look like a monster .",arrange,Arranging,Arranging,Arranging,True,lu_singleton_rule,general,24,True,True,Placing|Scheduling,"An Agent puts a complex Theme into a particular Configuration, which can be a proper order, a correct or suitable sequence, or a spatial position. 'He arranged the elements in the pattern that we now call the periodic table.' 'Try to order them by importance. CNI '"
supervised_lu_embedding_classifier,supervised_embedding_classifier,lu_constrained_logreg,Managers at the Landing Gear factory have so far refused to confirm or deny the report that up to two hundred jobs are to go .,refuse,Agree_or_refuse_to_act,Agree_or_refuse_to_act,Agree_or_refuse_to_act,True,lu_singleton_rule,general,26,True,False,Respond_to_proposal,"A Speaker either agrees to or refuses to engage in a Proposed_action, proposed by an Interlocutor. '' 'They agreed to express their outrage with editorials in today's paper.' 'The man's refusal to accept blood severely hampered his treatment after the car accident.'"
supervised_lu_embedding_classifier,supervised_embedding_classifier,lu_constrained_logreg,"Her opponent in today 's final will be Czech Helena Sukova , who defeated Arantxa Sanchez Vicario in the other semi-final .",defeat,Beat_opponent,Beat_opponent,Beat_opponent,True,lu_singleton_rule,daily_life,22,True,False,,A Winner has victory over an Loser. 'He always beats me at chess.'
supervised_lu_embedding_classifier,supervised_embedding_classifier,lu_constrained_logreg,"In view of his assessment of the damage that they are likely to cause to employment in this country , will he say under which article of the treaty of Rome they have been proposed ?",treaty,Be_in_agreement_on_action,Be_in_agreement_on_action,Be_in_agreement_on_action,True,lu_singleton_rule,business,36,True,True,Documents|Make_agreement_on_action,"Two (or more) people (the Parties, also encodable as Party_1 and Party_2) have an agreement. Both sides are construed as having a commitment to an Obligation--the relationship is understood to be symmetrical or reciprocal. Instead of a specific mention of the Obligation, a Topic expression may be used to indicate the domain covered. 'The US and Russia have an agreement to share early warning data on missile launches.'"
supervised_lu_embedding_classifier,supervised_embedding_classifier,lu_constrained_logreg,Particular regions on the coat proteins of viruses must bind to receptor molecules in the cell membrane before the viruses can enter animal cells .,bind,Becoming_attached,Becoming_attached,Becoming_attached,True,lu_singleton_rule,science_medical,25,True,True,Attaching|Imposing_obligation|Predicament,"An Item comes to be attached to a Goal, with a Connector forming a bond between the Handle of the Item and the Goal (or some part of it). Alternatively, multiple Items may form a bond between each other. 'According to plan, the front part of the hull quietly attached to the docking gear.' 'The cells bind together.'"
supervised_lu_embedding_classifier,supervised_embedding_classifier,lu_constrained_logreg,"The cure is to move the microphone or to move the loudspeakers , which is not always practical , or adjust the microphone volume to a lower level .",adjust,Adjusting,Adjusting,Adjusting,True,lu_singleton_rule,general,29,True,False,,"An Agent changes a Part of a complex entity with regard to some Feature in order to achieve some Imposed_purpose affected by the Feature. The complex entity is often a device or mechanism, but may also be an abstract entity such as the economy. Also, the full entity may be used in place of the Part. 'I need to adjust the thermostat to around 80 degrees when she visits.' 'It didn't work the first time , so she had to tweak the oven a little .' 'Greenspan expressed confidence that the current calibration of interest rates was not an overcompensation .'"
supervised_lu_embedding_classifier,supervised_embedding_classifier,lu_constrained_logreg,"The room had a fireplace , sink , cooker and another feature which seemed to particularly arouse the curiosity of our visitor : an enamel bath below the window .",fireplace,Architectural_part,Architectural_part,Architectural_part,True,lu_singleton_rule,daily_life,30,True,False,,An entity is integrated into a building as a Part of a (possibly unexpressed) Whole which may refer to the whole building or merely to a sub-part of the building. 'We need new counters for the kitchen' 'The storm ripped off the bathroom's roof'
supervised_lu_embedding_classifier,supervised_embedding_classifier,lu_constrained_logreg,"He refused to give details of the type , quantity and condition of the explosive or identify the ` terrorist paraphernalia "" , although it is possible this might include timing devices or detonators .",refuse,Agree_or_refuse_to_act,Agree_or_refuse_to_act,Agree_or_refuse_to_act,True,lu_singleton_rule,general,35,True,False,Respond_to_proposal,"A Speaker either agrees to or refuses to engage in a Proposed_action, proposed by an Interlocutor. '' 'They agreed to express their outrage with editorials in today's paper.' 'The man's refusal to accept blood severely hampered his treatment after the car accident.'"
supervised_lu_embedding_classifier,supervised_embedding_classifier,lu_constrained_logreg,The blackout extended to news of the war and the German advance on Paris ; newspapers suspended publication temporarily and crowds gathered round the official bulletins pasted on the walls as rumour raced round the city .,suspend,Activity_pause,Activity_pause,Activity_pause,True,lu_singleton_rule,news_politics,37,True,False,,An Agent pauses in the course of an Activity. '' 'The government froze settlement construction in 1992 to facilitate peace talks.' 'The lifting of the nuclear freeze was deemed necessary to generate needed electricity.'
supervised_lu_embedding_classifier,supervised_embedding_classifier,lu_constrained_logreg,With some hindsight we began to realise that the design and control of large systems can not be successfully accomplished without exceedingly large quantities of information .,accomplish,Accomplishment,Accomplishment,Accomplishment,True,lu_singleton_rule,general,27,True,False,,"After a period in which the Agent has been working on a Goal, the Agent manages to attain it. The Goal may be a desired state, or be conceptualized as an event. '' 'Jeremey obediently accomplished this task.' 'In response, the Prime Minister has simply cited his free-market accomplishments. '"
supervised_lu_embedding_classifier,supervised_embedding_classifier,lu_constrained_logreg,"His enemies in the Party , who were numbered among the brightest and the best , suggested unkindly that his libido was turbo-assisted , and that he traded in his women after two years .",number,Be_subset_of,Be_subset_of,Be_subset_of,True,lu_singleton_rule,business,35,True,True,Amounting_to|Cardinal_numbers|Quantified_mass|Quantity,A Part is considered to be a member of the set described by the Total. The relationship between Part and Total subset-superset rather than part-whole (as it is in the frames Part_whole and Including). 'Dr. Nelson numbers among the world?s foremost geotechnical engineering experts.' 'Restaurant-Pizzeria Dante counts among the few restaurants of Florence where you can find good typical Tuscan and fish dishes and a first-class pizza.'
supervised_lu_embedding_classifier,supervised_embedding_classifier,lu_constrained_logreg,"Pulling his rifle to his shoulder he squinted along the barrel , aiming at the broadest part of the deer 's neck .",aim,Aiming,Aiming,Aiming,True,lu_singleton_rule,general,23,True,False,Purpose,"An Agent adjusts an Instrument to enable it to interact directly with a difficult-to-access Target_location. Usually, there is a Targeted entity at the Target_location which is mentioned in its place. 'If you aim your weapons somewhere else , I 'll be more likely to talk .' 'The sortie targeted primarily resupply points , but these included several civilian areas . INI' 'A good marksman still should take aim for a moment before each shot . INI INI'"
supervised_lu_embedding_classifier,supervised_embedding_classifier,lu_constrained_logreg,The Prime Minister and Cabinet are responsible to the Assembly and are appointed to office by the Governor General upon its recommendation .,appoint,Appointing,Appointing,Appointing,True,lu_singleton_rule,news_politics,23,True,False,,"A Selector, often an individual in a leadership role, appoints a Official to assume an official Role in an organization (which can be expressed as the Body). 'Press secretaries accredit journalists to the sessions.'"
supervised_lu_embedding_classifier,supervised_embedding_classifier,lu_constrained_logreg,They decided that her objections to adoption were not unreasonable and dismissed an appeal by the local authority against a county court judge 's rejection of its adoption proposal on the grounds that it was premature .,appeal,Appeal,Appeal,Appeal,True,lu_singleton_rule,legal,37,True,True,Experiencer_obj|Request,In the Appeal stage of the criminal process the Convict or his or her Representative applies to a higher Court to reverse the Decision of the lower court on certain Grounds. ' The defense plans to appeal the court's decision on the grounds that the judge violated Code 81.b . ' ' John Michaels will appeal his conviction .'
supervised_lu_embedding_classifier,supervised_embedding_classifier,lu_constrained_logreg,""" And then , about four months ago , Mr. Andrew stopped coming to the office .",stop,Activity_stop,Activity_stop,Activity_stop,True,lu_singleton_rule,general,17,False,True,Halt|Preventing_or_letting|Process_stop|Thwarting,"An Agent ceases an Activity without completing it. '' 'After the lawsuit, the company stopped producing the once very profitable toy.' 'The rugby club terminated negotiations with Argyll in September 1988.'"
supervised_lu_embedding_classifier,supervised_embedding_classifier,lu_constrained_logreg,"It was cool and fresh in the summer , the back yard blooming with wallflowers and purple bells .",cool,Ambient_temperature,Ambient_temperature,Ambient_temperature,True,lu_singleton_rule,general,19,False,True,Cause_temperature_change|Change_of_temperature|Desirability|Experiencer_focus|Popularity,"The Temperature in a certain environment, determined by Time and Place, is specified. 'It's too hot to do anything today.' 'Nome is pretty cold this time of year' 'Last Tuesday was a real scorcher.' 'Tomorrow is gonna be chilly.' 'I ca n't go out into the cold . DNI DNI'"
supervised_lu_embedding_classifier,supervised_embedding_classifier,lu_constrained_logreg,"For instance , the NRCGEB 's research in recombinant DNA technologies , genetic engineering , and DNA vaccine production could conceivably be utilized to increase the virulence or resistance of select pathogens .",technology,Artifact,Artifact,Artifact,True,lu_singleton_rule,science_medical,33,True,False,Gizmo,"An Artifact is deliberately made or modified by an intelligent entity to be put to a certain kind of Use. Various properties of the Artifact may be specified, such as its Creator, Time_of_creation, Name, Type, and the Material of which it is composed. The Artifact may or may not be a physical entity. 'There are reports that Kim Il Sung asked China to share its nuclear weapons technology.'"
supervised_lu_embedding_classifier,supervised_embedding_classifier,lu_constrained_logreg,Within a few minutes it was adopted unanimously .,adopt,Adopt_selection,Adopt_selection,Adopt_selection,True,lu_singleton_rule,general,9,False,False,,"An Agent has an Attribute which can take different Values, and the Agent selects and then begins to use some Value for that Attribute. The Attribute includes both physical (shape, color) and abstract (belief, practice) types. For some LUs in this frame, it is common for only the Value to be expressed, with the Attribute implicit. (Often this implicit attribute can be given second-layer expression on the Value. Note that such second-layer annotation should be assumed in the first two examples below.) 'They scoff at their opponents and assume an air of superior knowledge' 'There are times when teachers should adopt a neutral stance in discussion of morally controversial issues.' 'A person does not have to make the statement ""I adopt this as my position"" to do so.'"
supervised_lu_embedding_classifier,supervised_embedding_classifier,lu_constrained_logreg,Payments totalling seventy-thousand pounds are said to have been involved .,total,Amounting_to,Amounting_to,Adding_up|Amounting_to,True,lu_constrained_classifier,general,11,False,True,Adding_up|Completeness|Render_nonfunctional,"The absolute Value of a quantifiable Attribute of an item is determined by adding up the values for the Attribute of the individuals or parts that make up the item. The item is not expressed as a separate constituent but it is presupposed by the concept of Attribute. Alternatively, the Numbers form an implicit set whose sum is the Value associated with the set. In some cases what is reported is just the cardinality of the individuals that make up the item so that in effect the Value is a count. In other cases the identity of the Attribute can only be inferred from the Value. There is no cognizer on the scene in this frame. Instead, the frame focuses on the relationship between the Attribute or Numbers and the Value, which is stable and unchanging regardless of who performs the calculation. 'Defence is provided in West Germany by armed forces whose number totals close to half a million men and women ' . ' Revenues totalled 568.86m pounds ' 'The WHO estimated that the cumulative total of AIDS cases was more than 1,500,000. '"
supervised_lu_embedding_classifier,supervised_embedding_classifier,lu_constrained_logreg,"It is much better to err on the side of lightness , especially as gouache paint is much darker when it has dried .",dry,Becoming_dry,Becoming_dry,Becoming_dry,True,lu_singleton_rule,general,24,True,True,Being_dry|Cause_to_be_dry|Preserving,An Entity loses moisture with the outcome of being in a dry state. 'The slab dries very quickly.'
supervised_lu_embedding_classifier,supervised_embedding_classifier,lu_constrained_logreg,"Irish detectives arrested James Rudman at a remote farmhouse in Co Kerry last month , just an hour before he would have been legally free because of a loophole in the law .",arrest,Arrest,Arrest,Arrest,True,lu_singleton_rule,legal,33,True,False,Cause_to_end,"Authorities charge a Suspect, who is under suspicion of having committed a crime (the Charges), and take him/her into custody.'The police arrested Harry on charges of manslaughter.'"
supervised_lu_embedding_classifier,supervised_embedding_classifier,lu_constrained_logreg,"Lily was awake at six , trembly with excitement , but she made herself lie still beside her sleeping husband until she could see by the little alarm clock on his bedside table that it was seven .",awake,Being_awake,Being_awake,Being_awake,True,lu_singleton_rule,general,38,True,False,Waking_up,A Protagonist is awake at some Time and Place. This entails the Protagonist having a higher general level of awareness of the surroundings than when asleep. 'He's awake!'
supervised_lu_embedding_classifier,supervised_embedding_classifier,lu_constrained_logreg,Finally adjust the pH to 8.5 with pH 9 borate buffer .,adjust,Adjusting,Adjusting,Adjusting,True,lu_singleton_rule,general,12,False,False,,"An Agent changes a Part of a complex entity with regard to some Feature in order to achieve some Imposed_purpose affected by the Feature. The complex entity is often a device or mechanism, but may also be an abstract entity such as the economy. Also, the full entity may be used in place of the Part. 'I need to adjust the thermostat to around 80 degrees when she visits.' 'It didn't work the first time , so she had to tweak the oven a little .' 'Greenspan expressed confidence that the current calibration of interest rates was not an overcompensation .'"
supervised_lu_embedding_classifier,supervised_embedding_classifier,lu_constrained_logreg,"Buffalo , New York A three alarm fire at a house owned by John and Evelyn Bencinich , two of the initiators of a lawsuit filed against the Elmwood Village Hotel proposal in Buffalo , required firefighters to rescue eight cats and two dogs in Buffalo , New York today .",dog,Animals,Animals,Animals,True,lu_singleton_rule,legal,51,True,False,Cotheme,"The LUs in this frame refer to biological entities other than human beings and plants, which are labeled by the FE Animal. '' 'My husband and I adopted a really sweet dog last year.' 'The cows that live on the farm down the road are always mooing loudly.'"
supervised_lu_embedding_classifier,supervised_embedding_classifier,lu_constrained_logreg,Jack and Rose Hayward were attacked by two men who fired at them at close range .,attack,Attack,Attack,Attack,True,lu_singleton_rule,news_politics,17,False,True,Firefighting|Judgment_communication,"An Assailant physically attacks a Victim (which is usually but not always sentient), causing or intending to cause the Victim physical damage. A Weapon used by the Assailant may also be mentioned, in addition to the usual Place, Time, Purpose, Explanation, etc. Sometimes a location is used metonymically to stand for the Assailant or the Victim, and in such cases the Place FE will be annotated on a second FE layer. 'As soon as he stepped out of the bar he was set upon by four men in ski-masks.' 'Is he invading Iraq just to cover other shortcomings?' 'Then Jon-O's forces ambushed them on the left flank from a line of low hills.'"
supervised_lu_embedding_classifier,supervised_embedding_classifier,lu_constrained_logreg,"That 's why I ask that ( today , 1993 ) we NOT LABEL true plain text as US-ASCII /ISO-8859-1 .",true,Actually_occurring_entity,Actually_occurring_entity,Actually_occurring_entity,True,lu_singleton_rule,general,21,True,True,Accuracy|Artificiality|Candidness|Correctness|Exemplar,"Against the background of a contextually salient non-real world, for instance a hypothetical, imagined, simulated, expected, projected, or dream world, an Instance of a Type encountered in a relation or event in the real world is presented as being different from the instance found in the non-real world. Of course, the real-world Instance of the expected Type may also be presented as not occurring, as in the last example below. 'Actual results may vary.' 'ACTUAL results may vary.' 'Also present is the actual policeman, now 20 years older and helping to cast and prepare the young actor who'll be portraying him onscreen.' 'Also present is the ACTUAL policeman, now 20 years older and helping to cast and prepare the young actor who'll be portraying him onscreen.' 'Of course, an actual car with all these capabilities simply did not exist.' 'Of course, an ACTUAL car with all these capabilities simply did not exist.'"
supervised_lu_embedding_classifier,supervised_embedding_classifier,lu_constrained_logreg,"The lenders are being separated into country groups -- Britain , the United States and Canada -- and then separated again into separate projects .",separate,Becoming_separated,Becoming_separated,Becoming_separated,True,lu_singleton_rule,general,25,True,True,Differentiation|Forming_relationships|Separating,"A Whole separates into Parts, or one part of a whole, called Part_1, becomes separate from the remaining portion, Part_2. 'This small channel meanders through marsh and wetland, splitting into several smaller channels that empty into Lake St. Clair.' 'Just crack one open and if the yoke quickly separates from the whites, they are probably bad.'"
supervised_lu_embedding_classifier,supervised_embedding_classifier,lu_constrained_logreg,the square roots obtained from all the interest category loan components are totalled and then each individual square root is calculated as a percentage of that total .,total,Adding_up,Adding_up,Adding_up|Amounting_to,True,lu_constrained_classifier,general,28,True,True,Amounting_to|Completeness|Render_nonfunctional,"A Cognizer computes a Result on the basis of input Numbers by addition. ' Add up your savings.' ' This is a cumulative figure obtained by adding up the cost of treating a given volume of specific diseases. ' 'When he later took the trouble to add up the bill he discovered that the actual cost was Fr 1,481 , around 140 pounds : an overcharge of 40 pounds' 'Chaperones tallied the number of tickets sold at the school dance at more than 1000.'"
supervised_lu_embedding_classifier,supervised_embedding_classifier,lu_constrained_logreg,We were both absorbed in our work when we heard angry cries : the owner of the field hurrying towards us armed with a big stick .,armed,Bearing_arms,Bearing_arms,Bearing_arms,True,lu_singleton_rule,news_politics,27,True,False,,"A Protagonist has (or does not have) a Weapon. The Degree to which the Protagonist is armed may also be described. The Protagonist is normally a human but may be a device that has subsidiary weapons. 'Apparently, the suspect is armed with a shotgun.' 'After she pulled the .45 from her sock drawer, she felt well enough armed to face anyone coming in.' 'The Tomahawk missile packs a lot of heat .' 'An individual with a right-to-carry license may continue to carry in a ""school zone"" in compliance with existing state and local laws. INI'"
supervised_lu_embedding_classifier,supervised_embedding_classifier,lu_constrained_logreg,Other embassies in Rome were placed on alert after the explosions .,alert,Be_on_alert,Be_on_alert,Attention|Be_on_alert,True,lu_constrained_classifier,general,12,False,True,Attention|Warning,A Protagonist has become aware of a possible Danger (a dangerous event or a Dangerous_entity that might participate in an event harmful to the Protagonist) and is ready to engage in an Activity in response to that Danger. 'All tropps are on high alert for possible intruders following an attack on a nearby compound.' 'we're on alert to stop anyone trying to sneak in.' 'we're on guard for possible sabotage.'
supervised_lu_embedding_classifier,supervised_embedding_classifier,lu_constrained_logreg,I was suddenly aware that what she said was true .,aware,Awareness,Awareness,Awareness,True,lu_singleton_rule,news_politics,11,False,False,,"A Cognizer has a piece of Content in their model of the world. The Content is not necessarily present due to immediate perception, but usually, rather, due to deduction from perceivables. In some cases, the deduction of the Content is implicitly based on confidence in sources of information (believe), in some cases based on logic (think), and in other cases the source of the deduction is deprofiled (know). 'Your boss is aware of your commitment.' '' Note that this frame is undergoing some degree of reconsideration. Many of the targets will be moved to the Opinion frame. That frame indicates that the Cognizer considers something as true, but the Opinion (compare to Content) is not presupposed to be true; rather it is something that is considered a potential point of difference, as in the following: 'I think that you are awesome.' In the uses that will remain in the Awareness frame, however, the Content is presupposed. '' This frame is also distinct from the Certainty frame, in that it does not profile the relationship of the Cognizer to the Content, but rather presupposes it. In Certainty, the Degree of confidence or certainty is expressible as a separate frame element, as in the following: 'She absolutely knew that he would be there .'"
supervised_lu_embedding_classifier,supervised_embedding_classifier,lu_constrained_logreg,"The small arms ammunition has now been retrieved by army bomb disposal experts , but how it came to be buried there remains a mystery .",ammunition,Ammunition,Ammunition,Ammunition,True,lu_singleton_rule,general,26,True,False,,A piece of Ammunition is a disposable artifact to be fired as a projectile in a weapon with the purpose of causing harm or damage. 'The octagenarian inventor's vest repels armor-piercing bullets. ' 'It is armed with a automatic loaded 105 mm gun firing anti-tank rounds' 'Depleted uranium munitions are primarily used by the US and the UK.'
supervised_lu_embedding_classifier,supervised_embedding_classifier,lu_constrained_logreg,"The statement said Ferdinand Ibaboa , 36 , of Mesa , Ariz. , was missing and presumed dead .",presumed,Awareness_status,Awareness_status,Awareness_status,True,lu_singleton_rule,general,19,False,False,,"Some Content is part of the mental model of a Cognizer. The Cognizer arrives at the mental model not by direct perception but by reasoning from perceived phenomena. Alternatively, the Role of a particular object is known to be applicable to that object. 'That fact is known to many.' 'The presumed killer was last seen driving south on the interstate.'"
supervised_lu_embedding_classifier,supervised_embedding_classifier,lu_constrained_logreg,"After that coat of paint has dried , a clear flat coat will be applied over the first that will produce a matt surface which will not fingerprint or stain .",dry,Becoming_dry,Becoming_dry,Becoming_dry,True,lu_singleton_rule,general,31,True,True,Being_dry|Cause_to_be_dry|Preserving,An Entity loses moisture with the outcome of being in a dry state. 'The slab dries very quickly.'
supervised_lu_embedding_classifier,supervised_embedding_classifier,lu_constrained_logreg,The cause of the fire is not known .,known,Awareness_status,Awareness_status,Awareness_status,True,lu_singleton_rule,general,9,False,True,Being_named|Fame,"Some Content is part of the mental model of a Cognizer. The Cognizer arrives at the mental model not by direct perception but by reasoning from perceived phenomena. Alternatively, the Role of a particular object is known to be applicable to that object. 'That fact is known to many.' 'The presumed killer was last seen driving south on the interstate.'"
supervised_lu_embedding_classifier,supervised_embedding_classifier,lu_constrained_logreg,"The Company made a 60-mile withdrawal to the beach at Betano and were picked up with Portuguese and Dutch civilians evacuated at the same time , the relief ships being bombed during their approach for this night landing .",approach,Arriving,Arriving,Arriving,True,lu_singleton_rule,business,39,True,False,Means,"An object Theme moves in the direction of a Goal. The Goal may be expressed or it may be understood from context, but its is always implied by the verb itself. '' 'Some students arrived at the school on Sunday.' 'It was his arrival at Nijmegen in 837 that made the Vikings withdraw.'"
supervised_lu_embedding_classifier,supervised_embedding_classifier,lu_constrained_logreg,"Took him to the station and routine happened -- they had to call the bridewell surgeon and the drunk could call his own doctor , fixing bail and so on .",fix,Bail_decision,Bail_decision,Bail_decision,True,lu_singleton_rule,general,31,True,True,Activity_prepare|Attaching|Cooking_creation|Predicament|Resolve_problem,"This frame covers a step in a criminal process in which a Judge decides whether the Accused should be released on bail, and, if so, what the amount of the bail should be. '' 'Thorsen, of Grimstad, Norway, was granted $100,000 bail until June 18.' 'He was granted conditional bail by Teesside Magistrates.'"
supervised_lu_embedding_classifier,supervised_embedding_classifier,lu_constrained_logreg,"In a week of feverish detective work , he amassed a dossier on the publishing arrangements of Sting 's manager , Miles Copeland .",amass,Amassing,Amassing,Amassing,True,lu_singleton_rule,general,24,True,True,Come_together|Gathering_up,"A Recipient (who may or may not be agentive) ends up in possession of a Mass_theme (which may be conceptualized as a single mass entity, or may be a group of individual entities). Some lexical units (e.g. stockpile) specifically indicate an intentional Recipient. This frame differs from Gathering_up in that this frame refers specifically to the acquisition and (according to expectation) long-term possession of entities, rather than (as in the Gathering_up frame) simply talking about causing a group of entities to be located in the same place. In sum, Gathering_up concerns (co-)locations, but Amassing concerns possession. 'Bogs accumulate carbon for thousands of years.'"
supervised_lu_embedding_classifier,supervised_embedding_classifier,lu_constrained_logreg,The bucket had a rope attached to its handle and I skimmed it over the stern to haul up a gallon or so of sea-water which I slammed down in front of Rickie .,attached,Being_attached,Being_attached,Being_attached,True,lu_singleton_rule,general,34,True,False,,"An Item is attached by a Handle, via a Connector, to a Goal, or Items are attached to each other. There may be a Dependent_state, which depends crucially on Item(s) being attached. 'My thumb was stuck to the tube of glue.' 'The prisoner's legs were shackled.'"
supervised_lu_embedding_classifier,supervised_embedding_classifier,lu_constrained_logreg,"The king tried to rally the city to his defence , but failed utterly and withdrew westwards with the Despensers and a few remaining friends .",with,Accompaniment,Accompaniment,Accompaniment,True,lu_singleton_rule,news_politics,26,True,False,Have_associated,A Co_participant fills the same role as the Participant in an event or relation. '' 'The mayor was killed along with three bodyguards and his driver.' 'The doctor told me to take my regular pill in combination with the new drug and I will be cured of my symptoms.'
supervised_lu_embedding_classifier,supervised_embedding_classifier,lu_constrained_logreg,"It results from the sovereign power of the Government to directly create money and , although not an inflow of resources from the public , does increase the Government 's net position in the same manner as an inflow of resources .",power,Authority,Authority,Authority,True,lu_singleton_rule,news_politics,42,True,True,Capability|Electricity|Level_of_force_exertion|Objective_influence,An Agent has the means to affect a Theme along the lines of a certain Domain. There is an imbalance of influence or power within a certain Domain that favors the Agent (often due to some Source) over the Theme. 'His authority over his subjects was given to him by God.' 'Congress has the power to enact laws.' 'Only the King has the authority to declare war.'
supervised_lu_embedding_classifier,supervised_embedding_classifier,lu_constrained_logreg,Middi said yesterday : ` I was very annoyed -- they should have had the courtesy to tell us .,annoyed,Annoyance,Annoyance,Annoyance,True,lu_singleton_rule,news_politics,20,True,False,,"An Experiencer, Expressor, or State has a feeling of annoyance as evoked by a Stimulus or concerning a Topic. 'Peck was annoyed at the interruption.' 'Maggie noted his rather irritated expression.'"
supervised_lu_embedding_classifier,supervised_embedding_classifier,lu_constrained_logreg,"Lola is waiting loyally , if not faithfully , for the lover , Michel ( Jacques Harden ) , who fathered her child and abandoned her seven years before .",abandon,Abandonment,Abandonment,Abandonment,True,lu_singleton_rule,general,30,True,True,Activity_stop|Quitting_a_place,An Agent leaves behind a Theme effectively rendering it no longer within their control or of the normal security as one's property. 'Carolyn abandoned her car and jumped on a red double decker bus.' 'Perhaps he left the key in the ignition' 'Abandonment of a child is considered to be a serious crime in many jurisdictions.' There are also metaphorically used examples: 'She left her old ways behind .'
supervised_lu_embedding_classifier,supervised_embedding_classifier,lu_constrained_logreg,"Firefighters rescue nearly a dozen animals in Buffalo , New York house fire",animal,Animals,Animals,Animals|Attention_getting|Becoming_aware|Assistance|Attitude_description|Architectural_part|Actually_occurring_entity|Becoming|Attempt_means|Attaching|Adjacency|Attention|Alternatives|Age|Accompaniment,True,global_classifier,general,13,False,False,,"The LUs in this frame refer to biological entities other than human beings and plants, which are labeled by the FE Animal. '' 'My husband and I adopted a really sweet dog last year.' 'The cows that live on the farm down the road are always mooing loudly.'"
supervised_lu_embedding_classifier,supervised_embedding_classifier,lu_constrained_logreg,"They should lose their jobs when the "" impossible "" happens , just as the president of Japan Air Lines quit when an aging jet crashed .",aging,Aging,Aging,Aging,True,lu_singleton_rule,news_politics,27,True,False,,An Entity is undergoing a change in age typically associated with some deterioration or change in state. 'This bark ages and turns black.' 'The U.S. is to upgrade aging missile defense systems with advanced tech.'
supervised_lu_embedding_classifier,supervised_embedding_classifier,lu_constrained_logreg,"Olive Edis is significant technically because she refused to use artificial light , was one of the first to use early colour photography ( Autochrome ) and cinematography -- movies .",artificial,Artificiality,Artificiality,Artificiality,True,lu_singleton_rule,general,31,True,False,,"An Entity is evaluated for whether or not it belongs to a particular Reference_category in a context where its category membership is doubtful. The criterion or criteria that are relevant to evaluating Reference_category membership depend on the individual lexical units and/or on the context. Typically, either the material composition of the Entity, its method of creation, or the identity (and proper authority) of its creators are critical for proper category membership. Note that Entity also covers behaviors. 'It can be hard to get your money back after discovering you've bought a bogus autograph for hundreds or thousands of dollars! ' 'It can be hard to get your money back after discovering you've bought a BOGUS autograph for hundreds or thousands of dollars! ' 'A bogus policeman pulling over motorists was arrested after stopping a car carrying four real officers.' 'A BOGUS policeman pulling over motorists was arrested after stopping a car carrying four real officers.' 'You people are pretty thick if you think you have evidence to prove that the moon landing was fake.' 'You people are pretty thick if you think you have evidence to prove that the moon landing was fake.'"
supervised_lu_embedding_classifier,supervised_embedding_classifier,lu_constrained_logreg,"TNC adduces arguments for a broad and balanced curriculum but implies that there is no possible justification for the pattern of ` small core plus elaborate option scheme "" that is commonly found in secondary schools .",adduce,Adducing,Adducing,Adducing,True,lu_singleton_rule,general,37,True,False,,"A Speaker mentions a Specified_entity filling a Role, thereby providing information which supports a point of the Speaker. 'He cites the chief original observations adduced by Darwin as evidence for his theory.' 'Mexico cited the drought, now in its eighth year, to avoid releasing Texas' full share of 110 billion gallons per year from the reservoirs. DNI' 'An objector will immediately point to the lack of stability of this simple, some will say simple-minded, hierarchy. DNI' 'She expected a restaurant as their meeting place, but instead the lady named the hotel where she was staying.DNI' 'Where is the second-order neural pattern located? Damasio already pointed to the cingulate cortex in his 1994 book.'"
supervised_lu_embedding_classifier,supervised_embedding_classifier,lu_constrained_logreg,"Luce shivered , her imagination suddenly starting to work overtime .",start,Activity_start,Activity_start,Activity_start,True,lu_singleton_rule,general,11,False,True,Catching_fire|Process_start|Temporal_subregion,"An Agent initiates the beginning of an ongoing Activity in which he will be continuously involved. '' 'At the same time, city-states began to grow in influence on the southern Greek mainland.' 'Naturally, I started crying to get out of work.'"
supervised_lu_embedding_classifier,supervised_embedding_classifier,lu_constrained_logreg,One girl talked to us about her sexual abuse .,abuse,Abusing,Abusing,Abusing,True,lu_singleton_rule,general,10,False,False,,"In this frame an Abuser repeatedly treats the Victim in a cruel and violent way, including physically harming or forcing the Victim to engage in sexual activity against their will. The Victim usually lacks the power to resist or fight back. A Type of abuse may be indicated. There may also be a Degree. ' Her father verbally abused her mother. '"
supervised_lu_embedding_classifier,supervised_embedding_classifier,lu_constrained_logreg,Some of the Knights placed upon their armour,armor,Armor,Armor,Armor,True,lu_singleton_rule,general,8,False,False,,"An Asset, the safety of which is desirable, is protected from damage by a covering, the Armor. The Armor covers part or all of the Asset and is designed to absorb force from an oncoming Danger. 'They were wearing nothing but primitive wooden armor.' 'An extra level of safety is provided by the soldiers' ballistic armor.'"
supervised_lu_embedding_classifier,supervised_embedding_classifier,lu_constrained_logreg,"Jane had been awake in the night with her teeth , and had wanted Mummy , not Granny .",awake,Being_awake,Being_awake,Being_awake,True,lu_singleton_rule,general,19,False,False,Waking_up,A Protagonist is awake at some Time and Place. This entails the Protagonist having a higher general level of awareness of the surroundings than when asleep. 'He's awake!'
supervised_lu_embedding_classifier,supervised_embedding_classifier,lu_constrained_logreg,"In fact , the 16 million babies born each year in the rich world will have four times as great an impact on the world 's resources as the 109 million born in the poor world .",born,Being_born,Being_born,Being_born,True,lu_singleton_rule,general,37,True,False,,"This frame concerns the inception of the life of a Child, generally human, at a particular Time and Place. The Relatives may also be mentioned. 'Little Jessie came into the world at 8 last night.'"
supervised_lu_embedding_classifier,supervised_embedding_classifier,lu_constrained_logreg,"Or if we find that a grand-daughter is assisting her own mother in caring for an elderly parent , whom is the granddaughter helping ?",assist,Assistance,Assistance,Assistance,True,lu_singleton_rule,daily_life,25,True,False,,A Helper benefits a Benefited_party by enabling the culmination of a Goal that the Benefited_party has. A Focal_entity that is involved in reaching the Goal may stand in for it. This Frame has unique Frame-to-Frame Relations: it inherits from and uses the Intentionally_act frame. This is atypical of FrameNet's frame relations. 'Will you help the Government find your brother?' 'Maybe Stephen should assist him with the last manuscript.' 'They helped me psychologically to overcome the physical loss I had suffered.' 'You have helped him tremendously by showing him how to stand up for himself and by being his friend.' 'By bringing assistance to his troops wherever they were in trouble he aided them greatly.'
supervised_lu_embedding_classifier,supervised_embedding_classifier,lu_constrained_logreg,"Reportedly the division has amassed a wealth of productivity tools from independent software vendors in support of the programme which in turn supports IBM mainframes , AS/400s , VAXes , Sparcs , PCs and perhaps eventually Macs .",amass,Amassing,Amassing,Amassing,True,lu_singleton_rule,news_politics,38,True,True,Come_together|Gathering_up,"A Recipient (who may or may not be agentive) ends up in possession of a Mass_theme (which may be conceptualized as a single mass entity, or may be a group of individual entities). Some lexical units (e.g. stockpile) specifically indicate an intentional Recipient. This frame differs from Gathering_up in that this frame refers specifically to the acquisition and (according to expectation) long-term possession of entities, rather than (as in the Gathering_up frame) simply talking about causing a group of entities to be located in the same place. In sum, Gathering_up concerns (co-)locations, but Amassing concerns possession. 'Bogs accumulate carbon for thousands of years.'"
supervised_lu_embedding_classifier,supervised_embedding_classifier,lu_constrained_logreg,"In the days when Pomiane was writing , chefs did not dream of braising vegetables -- lettuces , leeks , Belgian endives , for example -- without a preliminary blanching .",braise,Apply_heat,Apply_heat,Apply_heat,True,lu_singleton_rule,general,31,True,False,Absorb_heat,"A Cook applies heat to Food, where the Temperature_setting of the heat and Duration of application may be specified. A Heating_instrument, generally indicated by a locative phrase, may also be expressed. Some cooking methods involve the use of a Medium (e.g. milk or water) by which heat is transferred to the Food. A less semantically prominent Food or Cook is marked Co-participant. 'Sally fried an egg in butter.' 'Sally fried an egg in a teflon pan.' 'Ellen fried the eggs with chopped tomatoes and garlic.' This frame differs from Cooking_creation in focusing on the process of handling the ingredients, rather than the edible entity that results from the process."
supervised_lu_embedding_classifier,supervised_embedding_classifier,lu_constrained_logreg,If he had been alert to everyday things he knew he would have heard it sooner .,alert,Attention,Attention,Attention|Be_on_alert,True,lu_constrained_classifier,general,17,False,True,Be_on_alert|Warning,"This frame concerns a Perceiver's state of readiness to process and consider impressions of a Figure within a Ground. It is often unknown to the Perceiver whether or not the Figure exists within the Ground. Alternatively, the Expressor may be expressed as showing signs of the Perceiver's state of attentiveness. 'Legislator tells consumers to be alert to dioxin levels.' 'They demand an attentive gaze, a careful accounting of parts.'"
supervised_lu_embedding_classifier,supervised_embedding_classifier,lu_constrained_logreg,"` Believe it , Hilary , "" he urged gently , and when she smiled he whispered , ` Can we go back to bed now ? """,urge,Attempt_suasion,Attempt_suasion,Attempt_suasion,True,lu_singleton_rule,general,28,True,True,Desiring|Request,"The Speaker expresses through language his wish to get the Addressee to act in some way that will help to bring about events or states described in the Content. There is no implication that the Addressee forms an intention to act, let alone acts. 'Mr Smithers always encourages the employees to stay late and work harder.' 'Dennis Rodman advises moderation in all things. INI' The Content most prototypically refers to an action that the Addressee will carry out themselves, but may (in the case of valences with a non-finite Content clause) merely refer to a situation that they have indirect influence over, as in the following 'When I talked to her, I suggested that he be removed from office . DNI '"
supervised_lu_embedding_classifier,supervised_embedding_classifier,lu_constrained_logreg,"The projects failed both to protect natural forest , and to improve prospects for the poorest people in the area , according to the report 's author , consultant Michael Flint .",according to,Attributed_information,Attributed_information,Attributed_information,True,lu_singleton_rule,general,32,True,False,,"A Proposition is attributed to a Speaker or a Text. 'According to the Press Trust of India in an article published on its Web site Thursday, the woman has been identified as 31-year-old Aafia Siddiqui, who was being sought by U.S. officials last week along with two other men, including one whose last known address was in Miramar, Fla.' ' In addition, according to Section I3.5b, the spacing of stud shear connectors along the length of a supporting beam shall not exceed 36?. ' 'According to the Pope, Muslims believe in the same God and according to Jesus, Muslims are the greatest in Heaven.'"
supervised_lu_embedding_classifier,supervised_embedding_classifier,lu_constrained_logreg,The agency originated no new creative work for the brands .,originate,Achieving_first,Achieving_first,Achieving_first,True,lu_singleton_rule,general,11,False,False,Origin,A Cognizer introduces a New_idea into society. 'It is difficult to imagine how different our lives would be without Edison's invention of the light bulb.'
supervised_lu_embedding_classifier,supervised_embedding_classifier,lu_constrained_logreg,"For the Royal Family to remain secure they have to remain aloof -- I do not believe that is right , but that is what they should have done .",secure,Being_at_risk,Being_at_risk,Being_at_risk,True,lu_singleton_rule,daily_life,30,True,True,Attaching|Getting|Protecting|Taking_captive,"An Asset is in a state where it is exposed to or otherwise liable to be affected by a Harmful_event, which may be metonymically evoked by reference to a Dangerous_entity. Words expressing relative safety (i.e., lack of risk) are also in this frame. 'If you are a farmer, you are at risk for hearing loss caused by noise exposure in your work.' 'No child is secure from the temptation to do what ""my friends"" are doing.' 'Our nation is making a disastrous mistake thinking that we can have security from people: There is only security with people. ' 'You don't have security against impersonation unless you have security against eavesdropping.'"
supervised_lu_embedding_classifier,supervised_embedding_classifier,lu_constrained_logreg,"The 44 delegates , drawn from ruling and opposition parties and interest groups , agreed on the need for a United States-style constitution , with an executive president possibly elected by universal suffrage .",agree,Be_in_agreement_on_assessment,Be_in_agreement_on_assessment,Be_in_agreement_on_assessment,True,lu_singleton_rule,news_politics,34,True,True,Agree_or_refuse_to_act|Compatibility|Make_agreement_on_action,"The Cognizers have a similarity (or dissimilarity) in their Opinion. The Cognizers may be expressed separately, with Cognizer_2 being the basis for establishing the Opinion of Cognizer_1. Rather than a specific Opinion, a phenomenon about which a similar or differing Opinion is held, the Topic, may be specified. A specific Opinion may also go unmentioned when the Opinions of the Cognizers are understood as answers to a Question. 'Dr. Gerry and Mr. Pond agree in their impressions.' ' This copyeditor and I mostly see eye to eye on things.' 'I agree with you that everything should be monitored to keep the person from wasting time and protecting the interests of the company.'"
supervised_lu_embedding_classifier,supervised_embedding_classifier,lu_constrained_logreg,All patients attended the clinic monthly for six months .,attend,Attending,Attending,Attending,True,lu_singleton_rule,science_medical,10,False,True,Attention|Perception_active,An Agent goes to an Event and is present in a relatively non-participatory way. 'The Angolan guerrillas will attend a September meeting in Zaire.' 'We just go to the movies when it rains.' 'His attendance at the funeral did not go unnoticed.'
supervised_lu_embedding_classifier,supervised_embedding_classifier,lu_constrained_logreg,On Feb. 26 the UK forces suffered their worst losses when nine soldiers were killed after being mistakenly attacked by a US aircraft .,attack,Attack,Attack,Attack,True,lu_singleton_rule,general,24,True,True,Firefighting|Judgment_communication,"An Assailant physically attacks a Victim (which is usually but not always sentient), causing or intending to cause the Victim physical damage. A Weapon used by the Assailant may also be mentioned, in addition to the usual Place, Time, Purpose, Explanation, etc. Sometimes a location is used metonymically to stand for the Assailant or the Victim, and in such cases the Place FE will be annotated on a second FE layer. 'As soon as he stepped out of the bar he was set upon by four men in ski-masks.' 'Is he invading Iraq just to cover other shortcomings?' 'Then Jon-O's forces ambushed them on the left flank from a line of low hills.'"
supervised_lu_embedding_classifier,supervised_embedding_classifier,lu_constrained_logreg,He was a Valium addict who would try anything to obtain a supply of the drug -- including pretending to overdose himself so he would be referred to psychiatry .,addict,Addiction,Addiction,Addiction,True,lu_singleton_rule,science_medical,30,True,False,,"This frame concerns an Addict's physiological or psychological compulsive dependence on an Addictant, the substance or behavior to which the Addict is addicted. '' 'Although she was never a big fan of drugs, she became hooked on that designer drug instantly.' 'He is a cocaine addict.' 'There are some cocaine addicts living in the house across the street.'"
supervised_lu_embedding_classifier,supervised_embedding_classifier,lu_constrained_logreg,"From its rear chassis , two heavy chains were securely attached to the steel bars of the gates .",attached,Being_attached,Being_attached,Being_attached,True,lu_singleton_rule,general,19,False,False,,"An Item is attached by a Handle, via a Connector, to a Goal, or Items are attached to each other. There may be a Dependent_state, which depends crucially on Item(s) being attached. 'My thumb was stuck to the tube of glue.' 'The prisoner's legs were shackled.'"
supervised_lu_embedding_classifier,supervised_embedding_classifier,lu_constrained_logreg,"If there has been tricky manoeuvres I would have ignored the set course and followed my own , turning a circle if necessary : this was a schooling round , not an attempt to win a rosette .",attempt,Attempt,Attempt,Attempt,True,lu_singleton_rule,general,38,True,False,Medical_intervention,An Agent attempts to achieve a Goal. The Outcome may also be mentioned explicitly. 'John attempted to climb Mt. Everest.' 'It was another failed attempt to climb Mt. Everest.'
supervised_lu_embedding_classifier,supervised_embedding_classifier,lu_constrained_logreg,"If the Universe is teeming with technological civilizations , why have they not come to visit us ?",teem,Abounding_with,Abounding_with,Abounding_with,True,lu_singleton_rule,general,18,False,True,Abundance|Mass_motion,"A Location is filled or covered with the Theme. The Location is realized as the External Argument, and the Theme either as PP complement headed by with, in or of. NB: This frame does not include uses of adjectives like paved when they merely specify the Type of some location, as in ""paved and unpaved roads"". 'The waters of the bay teemed with fish.' 'The waters of the bay were teeming with fish.' 'The road was completely covered in mud.'"
supervised_lu_embedding_classifier,supervised_embedding_classifier,lu_constrained_logreg,"Such opposition from his former Anglican and Tory allies persuaded James to try to forge an alliance with the Dissenters , in the hope that the disabilities under which they suffered would give them common cause with the Catholics to support the removal of the penal laws .",alliance,Alliance,Alliance,Alliance,True,lu_singleton_rule,legal,48,True,False,,"After having worked separately for some time, two or more organizational or individual Members are now organized in an Alliance so that they may better pursue some common Purposes. The formerly separate Members may be presented separately as Member_1 and Member_2. 'They formed a loose coalition.'"
supervised_lu_embedding_classifier,supervised_embedding_classifier,lu_constrained_logreg,"Among the responses the Swiss trader got was one from the Soviet national shipping company , which had n't been invited to submit a bid .",among,Be_subset_of,Be_subset_of,Be_subset_of,True,lu_singleton_rule,business,26,True,False,Interior_profile_relation,A Part is considered to be a member of the set described by the Total. The relationship between Part and Total subset-superset rather than part-whole (as it is in the frames Part_whole and Including). 'Dr. Nelson numbers among the world?s foremost geotechnical engineering experts.' 'Restaurant-Pizzeria Dante counts among the few restaurants of Florence where you can find good typical Tuscan and fish dishes and a first-class pizza.'
supervised_lu_embedding_classifier,supervised_embedding_classifier,lu_constrained_logreg,"At the bail stage , the Vera Institute has also been active on a number of fronts .",active,Being_active,Being_active,Being_active,True,lu_singleton_rule,general,18,False,False,Active_substance,"An Agent is described as pursuing an Activity, expending some effort. The Agent may be active in a particular Role. Alternatively, the Activity itself may be described as having an Agent who is expending effort. In some cases, the Activity may involve a Salient_entity which may stand in for it. 'Sky, a Korean War veteran, was active in his opposition to Vietnam and continues to protest current combat in Iraq.' 'She is active in the community by establishing parent groups, life skills program, sharing circles and various Aboriginal cultural activities for young women..' 'John Colville was quite active as a land speculator in both Virginia and Maryland.'"
supervised_lu_embedding_classifier,supervised_embedding_classifier,lu_constrained_logreg,Unfortunately it is insufficient to total the number of weeks of holiday to be taken in the year by staff and divide by fifty-two .,total,Adding_up,Adding_up,Adding_up|Amounting_to,True,lu_constrained_classifier,general,25,True,True,Amounting_to|Completeness|Render_nonfunctional,"A Cognizer computes a Result on the basis of input Numbers by addition. ' Add up your savings.' ' This is a cumulative figure obtained by adding up the cost of treating a given volume of specific diseases. ' 'When he later took the trouble to add up the bill he discovered that the actual cost was Fr 1,481 , around 140 pounds : an overcharge of 40 pounds' 'Chaperones tallied the number of tickets sold at the school dance at more than 1000.'"
supervised_lu_embedding_classifier,supervised_embedding_classifier,lu_constrained_logreg,and the bank has a lot of programs now for child care referrals i 've of course it 's too late for me so i 've i 've not tried them to see how effective they are but,try,Attempt_means,Attempt_means,Attempt_means,True,lu_singleton_rule,business,38,True,True,Attempt|Tasting|Try_defendant|Trying_out,"An Agent attempts to achieve a Goal using some Means. 'John tried using a crowbar to open the door.' 'They tried opening the window in order to rob the store.' Very frequently, an entity involved in a Means action stands in for the Means, and similarly a Goal may be metonymically expressed with an entity related to a Goal situation: 'John tried a crowbar on the door.' 'They tried the window in order to rob the store.' Unlike the Attempt frame, the Means is focused upon, and the Goal is often implicit. This frame answers the question of how something is to be attempted, rather than what is being attempted. The frames can be most reliably distinguished by paraphrasing a sentence with ""give X a try"", since ""give try"" belongs only in this frame."
supervised_lu_embedding_classifier,supervised_embedding_classifier,lu_constrained_logreg,"Scientists have discovered a possible dinosaur nesting area , and an egg which has survived a hundred and forty five million years intact .",discover,Becoming_aware,Becoming_aware,Becoming_aware,True,lu_singleton_rule,general,24,True,False,Achieving_first,"Words in this frame have to do with a Cognizer adding some Phenomenon to their model of the world. They are similar to Coming-to-believe words, except the latter generally involve reasoning from Evidence. '' The words in this frame take direct objects that denote entities in the world, and indicate awareness of those entities, without necessarily giving any information about the content of the Cognizer's belief or knowledge. These words also resemble perception words, since creatures often become aware of things by perceiving them. 'Later that night, they found the barely-alive victim inside the Red Hall estate flat.' 'Almost immediately, the police discovered the wrought-iron crypt gate swinging open.' 'In the bag on the tableI could vaguelydiscern two bottles of wine and several cartons of cakes and other goodies.' 'People passing through recognize it from afar, by the clouds of coal dust darkening the air.' General Grammatical Observations: Passive forms of the verbs in this frame can occur with extraposed clauses expressing Phenomenon: 'That year it was discovered that consumers preferred the older model.' 'It is not always recognized how much work goes into a dinner party.'"
supervised_lu_embedding_classifier,supervised_embedding_classifier,lu_constrained_logreg,"There is abundant evidence from government and private research which shows quite clearly that manual workers , and particularly the unskilled , are more likely to suffer from both short-term and long-term unemployment than the non-manual groups .",abundant,Abundance,Abundance,Abundance,True,lu_singleton_rule,news_politics,38,True,False,,The Quantity of a Collection occurring in a Place has a particular Measure. The Measure of the Collection is referred to only in terms of how the Measure diverges from a norm for Collections of the specified type. Degree may further refine the relation of the Measure to the norm. 'Beauty is abundant in a land flowing with snowmelt.' 'Detritus of life abounds in the atmosphere. ' 'There was a recent discovery that exotic microbes teem in the rocks hundreds of metres beneath the floor of the Pacific Ocean.'
supervised_lu_embedding_classifier,supervised_embedding_classifier,lu_constrained_logreg,"Initially you will adopt a tense stance , concentrating the mind on which action brings about what result .",adopt,Adopt_selection,Adopt_selection,Adopt_selection,True,lu_singleton_rule,general,19,False,False,,"An Agent has an Attribute which can take different Values, and the Agent selects and then begins to use some Value for that Attribute. The Attribute includes both physical (shape, color) and abstract (belief, practice) types. For some LUs in this frame, it is common for only the Value to be expressed, with the Attribute implicit. (Often this implicit attribute can be given second-layer expression on the Value. Note that such second-layer annotation should be assumed in the first two examples below.) 'They scoff at their opponents and assume an air of superior knowledge' 'There are times when teachers should adopt a neutral stance in discussion of morally controversial issues.' 'A person does not have to make the statement ""I adopt this as my position"" to do so.'"
supervised_lu_embedding_classifier,supervised_embedding_classifier,lu_constrained_logreg,You can brown it in hot fat beforehand if you really want to .,brown,Apply_heat,Absorb_heat,Attention_getting|Absorb_heat|Becoming_aware|Awareness|Becoming|Attitude_description|Assistance|Becoming_silent|Attaching|Attention|Ambient_temperature|Adducing|Actually_occurring_entity|Alternatives|Adjusting,False,global_classifier,general,14,False,True,Absorb_heat|Color,"A Cook applies heat to Food, where the Temperature_setting of the heat and Duration of application may be specified. A Heating_instrument, generally indicated by a locative phrase, may also be expressed. Some cooking methods involve the use of a Medium (e.g. milk or water) by which heat is transferred to the Food. A less semantically prominent Food or Cook is marked Co-participant. 'Sally fried an egg in butter.' 'Sally fried an egg in a teflon pan.' 'Ellen fried the eggs with chopped tomatoes and garlic.' This frame differs from Cooking_creation in focusing on the process of handling the ingredients, rather than the edible entity that results from the process."
supervised_lu_embedding_classifier,supervised_embedding_classifier,lu_constrained_logreg,The old boy found it .,old,Age,Age,Age,True,lu_singleton_rule,general,6,False,False,,"An Entity has existed for a length of time, the Age. The Age can be characterized as a value of the age Attribute, or a Degree modifier may express the deviation of the Age from the norm. The Expressor exhibits qualities of the age of the Entity. 'This building is twenty thousand years old.' 'My grandpa is really old' 'Junior is only five weeks old.' 'A cunning oldish voice called out from the crowd.' 'His age was 23 at the time.' ' People of age 55 or older should consult their physician. ' 'I have a 13-year-old cousin' 'My grandma is old' There are additional patterns that the LUs in this frame occur in which are not licensed by a particular lexical head but by a construction. Additionally, there are patterns that evoke this frame without any overt lexical head that are part of this frame. 'She is 45 years of age.' 'Billy is 13.'"
supervised_lu_embedding_classifier,supervised_embedding_classifier,lu_constrained_logreg,"The first salvos in what is threatening to develop into the Windows Wars were duly fired yesterday when Sun Microsystems Inc 's SunSelect formally announced its Wabi Windows applications binary interface which enables Windows applications to run under Unix without MS-DOS or Windows being needed , and Microsoft formally announced its alliance with Insignia Solutions Ltd , High Wycombe , to create Windows applications programming interfaces for the Apple Computer Inc Macintosh and Unix and other operating systems .",alliance,Alliance,Alliance,Alliance,True,lu_singleton_rule,news_politics,79,True,False,,"After having worked separately for some time, two or more organizational or individual Members are now organized in an Alliance so that they may better pursue some common Purposes. The formerly separate Members may be presented separately as Member_1 and Member_2. 'They formed a loose coalition.'"
supervised_lu_embedding_classifier,supervised_embedding_classifier,lu_constrained_logreg,"King Fahd of Saudi Arabia began a visit to Egypt on March 27 , 1989 , the day after the 10th anniversary of the 1979 treaty between Israel and Egypt .",treaty,Be_in_agreement_on_action,Be_in_agreement_on_action,Be_in_agreement_on_action,True,lu_singleton_rule,general,31,True,True,Documents|Make_agreement_on_action,"Two (or more) people (the Parties, also encodable as Party_1 and Party_2) have an agreement. Both sides are construed as having a commitment to an Obligation--the relationship is understood to be symmetrical or reciprocal. Instead of a specific mention of the Obligation, a Topic expression may be used to indicate the domain covered. 'The US and Russia have an agreement to share early warning data on missile launches.'"
supervised_lu_embedding_classifier,supervised_embedding_classifier,lu_constrained_logreg,"Notably , he ran up against director Henry Hathaway who was known as one of the toughest directors in the business , and Hopper had a minor role in From Hell to Texas .",director,Behind_the_scenes,Behind_the_scenes,Behind_the_scenes,True,lu_singleton_rule,general,34,True,True,Appellations|Leadership|People_by_vocation,"Artists work at various tasks that further the completion of a film, play, television show, or other similar Production. Artists never appear on stage or in front of a camera. Some (e.g., a director) may interact with the actors (on-screen participants) of the Production. Often times a particular Production is made for distribution by a Distributor, by a particular Studio, or in a specific Medium. The Artists may be categorized into Type or work in specific Medium. 'Steven Spielberg directed several films for Universal Pictures.' 'Universal Pictures and Amblin Entertainment produced Jurassic Park for MCA.' 'Surprisingly, this film producer was willing to work for a cable company.' 'Independent producers often win big at smaller film festivals.'"
supervised_lu_embedding_classifier,supervised_embedding_classifier,lu_constrained_logreg,Bar charts are very versatile and accurate .,accurate,Accuracy,Accuracy,Accuracy,True,lu_singleton_rule,general,8,False,False,Correctness,"An Agent is involved in an activity whose degree of success is dependent on a parameter of the action matching a particular set of values of a continuous variable or variables (e.g. quantity, location, time). The Agent, or metonymically the Instrument or Means action, is described in terms of the actual or expected Deviation between the location, time, or quantity in the activity and the location, time, or quantity which is necessary for the intended event. 'The Longview Rangefinder is accurate to within one foot per hundred yards .' 'His estimate was off by an order of magnitude .' 'The fork truck operator must be fairly accurate in his aim.' 'The precision of the daily measurements is dependent on a number of factors.'"
supervised_lu_embedding_classifier,supervised_embedding_classifier,lu_constrained_logreg,"He was born in India , the son of a father with a distinguished military career in the Gurkhas , and was brought up in what was Rhodesia .",born,Being_born,Being_born,Being_born,True,lu_singleton_rule,daily_life,29,True,False,,"This frame concerns the inception of the life of a Child, generally human, at a particular Time and Place. The Relatives may also be mentioned. 'Little Jessie came into the world at 8 last night.'"
supervised_lu_embedding_classifier,supervised_embedding_classifier,lu_constrained_logreg,"Each day , when Tod and I are done with the Gazette , we take it back to the store .",done,Activity_done_state,Activity_done_state,Activity_done_state,True,lu_singleton_rule,general,21,True,False,Process_completed_state,An Agent has completed an Activity. '' 'Finally I am done cleaning the apartment.' 'Construction on the new Safeway was done by October.'
supervised_lu_embedding_classifier,supervised_embedding_classifier,lu_constrained_logreg,"However , Price finished strongly and snatched one five minutes from the end and came very close to forcing a replay .",finish,Activity_finish,Activity_finish,Activity_finish,True,lu_singleton_rule,general,22,True,False,,"An Agent finishes an Activity, which can no longer logically continue. This frame is a subframe of Activity. '' 'Jason completed grading the papers late Sunday night.' 'Upon completion of the final exam, Ava tossed out her notes. '"
supervised_lu_embedding_classifier,supervised_embedding_classifier,lu_constrained_logreg,"Its catchment area encompasses the largest aging population in London , from which two to five new cases of prostatic cancer are diagnosed each week .",aging,Aging,Aging,Aging,True,lu_singleton_rule,legal,26,True,False,,An Entity is undergoing a change in age typically associated with some deterioration or change in state. 'This bark ages and turns black.' 'The U.S. is to upgrade aging missile defense systems with advanced tech.'
supervised_lu_embedding_classifier,supervised_embedding_classifier,lu_constrained_logreg,DROMORE High lifted their third successive High Schools ' Cup when they defeated perennial opponents Limavady High in yesterday 's final shoot-out at Ravenhill .,defeat,Beat_opponent,Beat_opponent,Beat_opponent,True,lu_singleton_rule,general,25,True,False,,A Winner has victory over an Loser. 'He always beats me at chess.'
supervised_lu_embedding_classifier,supervised_embedding_classifier,lu_constrained_logreg,"On some occasions , a kid goat was also offered as atonement for the sins of the Hebrews .",atonement,Atonement,Atonement,Atonement,True,lu_singleton_rule,general,19,False,False,,An Agent has committed a Wrong in the past and is making Amends for it. The Degree to which the Amends are adequate may also be expressed. 'He atoned for his sin with good works.'
supervised_lu_embedding_classifier,supervised_embedding_classifier,lu_constrained_logreg,ANSTRUTHER North Carr Light Vessel moored at East Pier .,moor,Becoming_attached,Becoming_attached,Becoming_attached,True,lu_singleton_rule,daily_life,10,False,True,Attaching|Biological_area,"An Item comes to be attached to a Goal, with a Connector forming a bond between the Handle of the Item and the Goal (or some part of it). Alternatively, multiple Items may form a bond between each other. 'According to plan, the front part of the hull quietly attached to the docking gear.' 'The cells bind together.'"
supervised_lu_embedding_classifier,supervised_embedding_classifier,lu_constrained_logreg,"Leeds Education Authority has abandoned plans for ` drastic "" cuts in travel subsidies for some Catholic students .",abandon,Abandonment,Abandonment,Abandonment,True,lu_singleton_rule,general,19,False,True,Activity_stop|Quitting_a_place,An Agent leaves behind a Theme effectively rendering it no longer within their control or of the normal security as one's property. 'Carolyn abandoned her car and jumped on a red double decker bus.' 'Perhaps he left the key in the ignition' 'Abandonment of a child is considered to be a serious crime in many jurisdictions.' There are also metaphorically used examples: 'She left her old ways behind .'
supervised_lu_embedding_classifier,supervised_embedding_classifier,lu_constrained_logreg,He tried the back door but it was firmly bolted .,try,Attempt_means,Attempt_means,Attempt_means,True,lu_singleton_rule,general,11,False,True,Attempt|Tasting|Try_defendant|Trying_out,"An Agent attempts to achieve a Goal using some Means. 'John tried using a crowbar to open the door.' 'They tried opening the window in order to rob the store.' Very frequently, an entity involved in a Means action stands in for the Means, and similarly a Goal may be metonymically expressed with an entity related to a Goal situation: 'John tried a crowbar on the door.' 'They tried the window in order to rob the store.' Unlike the Attempt frame, the Means is focused upon, and the Goal is often implicit. This frame answers the question of how something is to be attempted, rather than what is being attempted. The frames can be most reliably distinguished by paraphrasing a sentence with ""give X a try"", since ""give try"" belongs only in this frame."
supervised_lu_embedding_classifier,supervised_embedding_classifier,lu_constrained_logreg,She did this now and the spit sizzled on the iron .,sizzle,Absorb_heat,Absorb_heat,Absorb_heat,True,lu_singleton_rule,general,12,False,True,Make_noise|Sounds,"An Entity (generally food) is exposed to a Heat_source whose Temperature may also be specified. Generally, the Entity undergoes some sort of change as a result of this process. 'Bacon was frying in the pan, and a great heap of eggs already lay steaming on a plate.' 'If it cooks at 400 for an hour, it 'll be nothing but a pile of ash!'"
supervised_lu_embedding_classifier,supervised_embedding_classifier,lu_constrained_logreg,"No one agrees , for example , on what is "" hazardous "" waste .",agree,Be_in_agreement_on_assessment,Be_in_agreement_on_assessment,Be_in_agreement_on_assessment,True,lu_singleton_rule,general,15,False,True,Agree_or_refuse_to_act|Compatibility|Make_agreement_on_action,"The Cognizers have a similarity (or dissimilarity) in their Opinion. The Cognizers may be expressed separately, with Cognizer_2 being the basis for establishing the Opinion of Cognizer_1. Rather than a specific Opinion, a phenomenon about which a similar or differing Opinion is held, the Topic, may be specified. A specific Opinion may also go unmentioned when the Opinions of the Cognizers are understood as answers to a Question. 'Dr. Gerry and Mr. Pond agree in their impressions.' ' This copyeditor and I mostly see eye to eye on things.' 'I agree with you that everything should be monitored to keep the person from wasting time and protecting the interests of the company.'"
supervised_lu_embedding_classifier,supervised_embedding_classifier,lu_constrained_logreg,"The year 1930 saw a bewildering and rapid sequence of events : Bruno Fricke was arraigned for court martial , there was a string of resignations , public rows and even expulsions .",arraign,Arraignment,Arraignment,Arraignment,True,lu_singleton_rule,news_politics,33,True,False,,"At a court hearing, a Defendant is informed of the Charges against him or her, (usually) enters a plea, and a decision is made by a Judge as to the amount of bail, if any. '' 'Mortimer and Isabella were hurried off and arraigned before parliament in November.' 'If the court rejects the appeal, the 19 young men facearraignment on murder charges before the tribunal in the southern city of Port Harcourt.'"
supervised_lu_embedding_classifier,supervised_embedding_classifier,lu_constrained_logreg,The respondent may also adduce argument .,adduce,Adducing,Adducing,Adducing,True,lu_singleton_rule,general,7,False,False,,"A Speaker mentions a Specified_entity filling a Role, thereby providing information which supports a point of the Speaker. 'He cites the chief original observations adduced by Darwin as evidence for his theory.' 'Mexico cited the drought, now in its eighth year, to avoid releasing Texas' full share of 110 billion gallons per year from the reservoirs. DNI' 'An objector will immediately point to the lack of stability of this simple, some will say simple-minded, hierarchy. DNI' 'She expected a restaurant as their meeting place, but instead the lady named the hotel where she was staying.DNI' 'Where is the second-order neural pattern located? Damasio already pointed to the cingulate cortex in his 1994 book.'"
supervised_lu_embedding_classifier,supervised_embedding_classifier,lu_constrained_logreg,"Very recently it has been shown that treating prediabetic mice ( that is , before they develop symptoms ) with various chemical agents , including insulin , will prevent diabetes from developing .",agent,Active_substance,Active_substance,Active_substance,True,lu_singleton_rule,science_medical,33,True,True,Intentionally_act|People_by_vocation,A Substance causes an Effect. The Substance is produced by a process understood as directed towards the Effect. The Name for the material that makes up the substance may also be given. 'A rationale for using denatured gp160 as a therapeutic agent in HIV-infected people is to boost the immune response .' 'The quinolones now seem to be the antimicrobial agents of choice for acute bacterial prostatitis.' 'Hormonally active chemicals have the potential to cause significant environmental injury.' 'Only after the potion has been drunk does the active ingredient form. DNI' 'The sarin agent might have been a leftover shell from a chemical-arms dump. '
supervised_lu_embedding_classifier,supervised_embedding_classifier,lu_constrained_logreg,"Rehabilitation officer Margaret Harding , 64 , was not meant to know that a special presentation had been organised , but word soon got out .",officer,Appellations,Appellations,Appellations,True,lu_singleton_rule,general,26,True,True,Attention_getting|Leadership|People_by_vocation,"This frame is only for words that are used as the Titles of individuals. The Title is applied to a Name (surname or full name) and often designates their rank within a man-made institution (e.g. chief, king, bishop, brother) or general social status (mr., miss), or may indicate a kinship relationship (cousin, aunt). Pairings of Title and Name can be used as vocatives (see Attention_getting), while the Titles may not always be vocative on their own. 'He saluted General Fightmeister walking into the room.' 'Everyone stood as Captain Jack Aubrey delivered a toast.' 'Supreme Court Chief Justice John Roberts is sticking to his guns .' 'Captain Mike Eruzione of the USA Miracle on Ice hockey team in 1980 turns 58 today.' Most LUs of this frame are related to LUs of the Leadership or Kinship frames, but some (e.g. Lady, Mr., Brother) occur only here. These LUs differ from normal examples of LUs in Leadership or Kinship in that the LUs are used simply as vocatives or as modifiers of names, to indicate how the individual fits into the general or specific social context."
supervised_lu_embedding_classifier,supervised_embedding_classifier,lu_constrained_logreg,He fastened his cloak round his shoulders .,fasten,Attaching,Attaching,Attaching|Becoming_attached,True,lu_constrained_classifier,general,8,False,True,Becoming_attached|Closure,"The Attaching frame covers two situations: a scene in which somebody causes one thing to be physically connected to something else; or a scene in which somebody causes two things to be connected to each other. In the first, the frame includes an Agent who attaches an Item to a Goal by manipulating a Connector, creating an asymmetric relationship between the Item and the Goal. In the second, the Agent attaches two Items to each other, where each serves as a Goal for the other, creating a symmetric relationship between the two Items. In both cases, the Connector remains to bind the two entities (either Item and Goal, or two Items), without creating a new entity. 'The robber tied Harry to the chair.' 'Make sure you bind his wrists as tightly as possible.'"
supervised_lu_embedding_classifier,supervised_embedding_classifier,lu_constrained_logreg,"As a military analogy , with the ( political ) campaign as your battleground , the generals at headquarters would gather intelligence , study the enemy , develop overall strategy , and provide hardware and ammunition .",ammunition,Ammunition,Ammunition,Ammunition,True,lu_singleton_rule,news_politics,37,True,False,,A piece of Ammunition is a disposable artifact to be fired as a projectile in a weapon with the purpose of causing harm or damage. 'The octagenarian inventor's vest repels armor-piercing bullets. ' 'It is armed with a automatic loaded 105 mm gun firing anti-tank rounds' 'Depleted uranium munitions are primarily used by the US and the UK.'
supervised_lu_embedding_classifier,supervised_embedding_classifier,lu_constrained_logreg,I have a friend who owns an ST and he keeps telling me to sell my C64 .,keep,Activity_ongoing,Activity_ongoing,Activity_ongoing,True,lu_singleton_rule,daily_life,18,False,True,Cause_to_continue|Compliance|Retaining|Storing,"An Agent is performing the portion of an Activity in which there is dynamic stability. '' 'Not noticing the hoards of people rushing by the window, Manny continued eating his lunch.' 'Keep living the dream!'"
supervised_lu_embedding_classifier,supervised_embedding_classifier,lu_constrained_logreg,"In the past , firms not authorised for investment business could feel fairly secure in the knowledge that if they did stray into it they would only be investigated in the event of a complaint .",secure,Being_at_risk,Being_at_risk,Being_at_risk,True,lu_singleton_rule,general,36,True,True,Attaching|Getting|Protecting|Taking_captive,"An Asset is in a state where it is exposed to or otherwise liable to be affected by a Harmful_event, which may be metonymically evoked by reference to a Dangerous_entity. Words expressing relative safety (i.e., lack of risk) are also in this frame. 'If you are a farmer, you are at risk for hearing loss caused by noise exposure in your work.' 'No child is secure from the temptation to do what ""my friends"" are doing.' 'Our nation is making a disastrous mistake thinking that we can have security from people: There is only security with people. ' 'You don't have security against impersonation unless you have security against eavesdropping.'"
supervised_lu_embedding_classifier,supervised_embedding_classifier,lu_constrained_logreg,"In November , UN sources confirmed that contributions totalling $140,830,531 had so far been promised for the UNHCR 's 1991 programmes .",total,Amounting_to,Amounting_to,Adding_up|Amounting_to,True,lu_constrained_classifier,general,22,True,True,Adding_up|Completeness|Render_nonfunctional,"The absolute Value of a quantifiable Attribute of an item is determined by adding up the values for the Attribute of the individuals or parts that make up the item. The item is not expressed as a separate constituent but it is presupposed by the concept of Attribute. Alternatively, the Numbers form an implicit set whose sum is the Value associated with the set. In some cases what is reported is just the cardinality of the individuals that make up the item so that in effect the Value is a count. In other cases the identity of the Attribute can only be inferred from the Value. There is no cognizer on the scene in this frame. Instead, the frame focuses on the relationship between the Attribute or Numbers and the Value, which is stable and unchanging regardless of who performs the calculation. 'Defence is provided in West Germany by armed forces whose number totals close to half a million men and women ' . ' Revenues totalled 568.86m pounds ' 'The WHO estimated that the cumulative total of AIDS cases was more than 1,500,000. '"
supervised_lu_embedding_classifier,supervised_embedding_classifier,lu_constrained_logreg,"The Tower reputedly housed a library of treatises , grimoires , cyclopaedias and symposia second to none , collected by Roxborough and the group of Fifth Dominion magi who 'd first supported the attempt at the Reconciliation .",attempt,Attempt,Attempt,Attempt,True,lu_singleton_rule,general,38,True,False,Medical_intervention,An Agent attempts to achieve a Goal. The Outcome may also be mentioned explicitly. 'John attempted to climb Mt. Everest.' 'It was another failed attempt to climb Mt. Everest.'
supervised_lu_embedding_classifier,supervised_embedding_classifier,lu_constrained_logreg,"`` Rhode Island is preparing itself for a major hurricane or other natural disaster , state and local officials testified at a field hearing of the Senate Homeland Security Committee Thursday , including establishing interoperable communications systems and community evacuation plans .",prepare,Activity_prepare,Activity_prepare,Activity_prepare,True,lu_singleton_rule,daily_life,42,True,False,Cooking_creation,An Agent prepares for an Activity. '' 'The troops were preparing themselves for the mission.' 'The boats are getting ready to leave the pier.'
supervised_lu_embedding_classifier,supervised_embedding_classifier,lu_constrained_logreg,"There 's an edginess , a tough guy 's melancholy , to Davis ' sound .",sound,Artistic_style,Artistic_style,Artistic_style,True,lu_singleton_rule,general,16,False,True,Cause_to_make_noise|Give_impression|Make_noise|Natural_features|Sensation,This frame contains LUs that express the Form which a piece of Artwork represents. The Form may also represent the entire body of an Artist's work. The Form may be further characterized by the Time of some Artwork's creation or other Descriptors. 'Her style of painting is an excellent blend of traditional and modern.' 'The whimsical style of this piece is very effective.'
supervised_lu_embedding_classifier,supervised_embedding_classifier,lu_constrained_logreg,Harmony in a display is created when colours and shapes blend together .,blend,Amalgamation,Amalgamation,Amalgamation,True,lu_singleton_rule,general,13,False,False,Cause_to_amalgamate,"These words refer to Parts merging to form a Whole. (The Parts may also be encoded as Part_1 and Part_2.) There is a symmetrical relationship between the components that undergo the process, and afterwards the Parts are consumed and are no longer distinct entities that are easily discernable or separable in the Whole. 'The two droplets merge, and then travel down the windowpane even faster.'"
supervised_lu_embedding_classifier,supervised_embedding_classifier,lu_constrained_logreg,"The base was on heightened alert for much of the day , with parts of the installation cleared of personnel and military flights in and out employing defensive measures such as use of chaff and flares .",alert,Be_on_alert,Be_on_alert,Attention|Be_on_alert,True,lu_constrained_classifier,general,37,True,True,Attention|Warning,A Protagonist has become aware of a possible Danger (a dangerous event or a Dangerous_entity that might participate in an event harmful to the Protagonist) and is ready to engage in an Activity in response to that Danger. 'All tropps are on high alert for possible intruders following an attack on a nearby compound.' 'we're on alert to stop anyone trying to sneak in.' 'we're on guard for possible sabotage.'
supervised_lu_embedding_classifier,supervised_embedding_classifier,lu_constrained_logreg,Stewart joined BRM in 1965 where he replaced American riche Ginther as Graham Hill 's new stablemate .,join,Becoming_a_member,Becoming_a_member,Becoming_a_member,True,lu_singleton_rule,news_politics,18,False,True,Amalgamation|Attaching|Cause_to_amalgamate,A New_member becomes a member of a socially-constructed Group. 'Seven new members and the three countries joined the alliance five years ago.' 'Most new students enroll in a university without declaring a major.' 'It represents every man and woman who has enlisted in the armed forces to protect our families and serve the community.'
supervised_lu_embedding_classifier,supervised_embedding_classifier,lu_constrained_logreg,"At the same time , he will be able to assess the impact on a firm of a change in its marketing strategy , for example a change from sales to production subsidiaries abroad .",assess,Assessing,Assessing,Assessing,True,lu_singleton_rule,business,35,True,False,,"An Assessor examines a Phenomenon to figure out its Value according to some Feature of the Phenomenon. This Value is a factor in determining the acceptability of the Phenomenon. In some cases, a Method (implicitly involving an Assessor) is used to determine the Phenomenon's Value. 'Each company is then evaluated for their earning potential. CNI ' 'From the evidence of the pilot studies the risk of damage to the test subjects was rated too high to continue. CNI' 'He weighed his options carefully.'"
supervised_lu_embedding_classifier,supervised_embedding_classifier,lu_constrained_logreg,The wealth of diamonds incorporated in her regalia reflected the fact that Catherine presided over a realm that for a short period was the world 's leading producer .,regalia,Accoutrements,Accoutrements,Accoutrements,True,lu_singleton_rule,general,29,True,False,Clothing,"A Wearer wears accessories, which are made of some Material and may have a Style. Most of the accessories are non-essential (clothing) items. 'She wore a black velvet hat on her head.'"
supervised_lu_embedding_classifier,supervised_embedding_classifier,lu_constrained_logreg,The Office has stopped subsidising one-day energy surveys for industry and commerce and there is little accessible public information .,stop,Activity_stop,Activity_stop,Activity_stop,True,lu_singleton_rule,business,20,True,True,Halt|Preventing_or_letting|Process_stop|Thwarting,"An Agent ceases an Activity without completing it. '' 'After the lawsuit, the company stopped producing the once very profitable toy.' 'The rugby club terminated negotiations with Argyll in September 1988.'"
supervised_lu_embedding_classifier,supervised_embedding_classifier,lu_constrained_logreg,"In the last 30 years the number of over-60s has risen by almost 50 per cent in the EC , from 46.5 million to 68.6 million , according to the survey by the EC 's statistical office .",according to,Attributed_information,Attributed_information,Attributed_information,True,lu_singleton_rule,general,38,True,False,,"A Proposition is attributed to a Speaker or a Text. 'According to the Press Trust of India in an article published on its Web site Thursday, the woman has been identified as 31-year-old Aafia Siddiqui, who was being sought by U.S. officials last week along with two other men, including one whose last known address was in Miramar, Fla.' ' In addition, according to Section I3.5b, the spacing of stud shear connectors along the length of a supporting beam shall not exceed 36?. ' 'According to the Pope, Muslims believe in the same God and according to Jesus, Muslims are the greatest in Heaven.'"
supervised_lu_embedding_classifier,supervised_embedding_classifier,lu_constrained_logreg,"The sight of him standing there smoking made me realize how little any of us in Benedict 's knew what he was really like as a man , once out of the defensive armour of his white coat .",armor,Armor,Armor,Armor,True,lu_singleton_rule,general,39,True,False,,"An Asset, the safety of which is desirable, is protected from damage by a covering, the Armor. The Armor covers part or all of the Asset and is designed to absorb force from an oncoming Danger. 'They were wearing nothing but primitive wooden armor.' 'An extra level of safety is provided by the soldiers' ballistic armor.'"
supervised_lu_embedding_classifier,supervised_embedding_classifier,lu_constrained_logreg,"This is a modern version of the Elizabethan ` City "" comedy , a panorama of town life , teeming with villains , mugs , lechers and madmen .",teem,Abounding_with,Abounding_with,Abounding_with,True,lu_singleton_rule,general,29,True,True,Abundance|Mass_motion,"A Location is filled or covered with the Theme. The Location is realized as the External Argument, and the Theme either as PP complement headed by with, in or of. NB: This frame does not include uses of adjectives like paved when they merely specify the Type of some location, as in ""paved and unpaved roads"". 'The waters of the bay teemed with fish.' 'The waters of the bay were teeming with fish.' 'The road was completely covered in mud.'"
supervised_lu_embedding_classifier,supervised_embedding_classifier,lu_constrained_logreg,"The excited chatter hushed as Charles in his capacity of presenter of the affair , came before the curtain .",hush,Becoming_silent,Becoming_silent,Becoming_silent,True,lu_singleton_rule,general,20,True,False,Silencing,"In this frame a Speaker ceases speaking, sometimes about a particular Topic. An Expressor may also be indicated. '' The words of this frame are very frequently used imperatively, to the extent that certain words and phrases (not another word, silence, shhh) can only be used this way. 'Finally, Jan shut up about his car accident.' 'The children's laughter quieted down.' 'Somehow, he managed to hold his tongue.'"
supervised_lu_embedding_classifier,supervised_embedding_classifier,lu_constrained_logreg,"Malone finished strongly and were rewarded with a try by Stuart Hooks in the final minute which was converted by Bush , whose place kicking was impeccable .",finish,Activity_finish,Activity_finish,Activity_finish,True,lu_singleton_rule,news_politics,28,True,False,,"An Agent finishes an Activity, which can no longer logically continue. This frame is a subframe of Activity. '' 'Jason completed grading the papers late Sunday night.' 'Upon completion of the final exam, Ava tossed out her notes. '"
supervised_lu_embedding_classifier,supervised_embedding_classifier,lu_constrained_logreg,This phenomenon was not new ; in Haxey 's Case ( 1387 ) and Strode 's Case ( 1512 ) the privilege to say what one liked in Parliament with impunity had been denied but then conceded by the Crown .,concede,Affirm_or_deny,Affirm_or_deny,Affirm_or_deny,True,lu_singleton_rule,legal,41,True,False,,"A Speaker uses language to affirm or deny the truth of a Message to some Addressee. Instead of (or in addition to) a Speaker, a Medium may also be mentioned. Likewise, a Topic may be stated instead of a Message. 'She affirmed her loyalty to the cause.' 'He denied that he had ever believed in the existence of God.' 'BBC News confirmed the story about the refugees.'"
supervised_lu_embedding_classifier,supervised_embedding_classifier,lu_constrained_logreg,"By the time the alarm was raised the three raiders , one of them armed with a handgun , had fled the museum in Chelsea , London .",armed,Bearing_arms,Bearing_arms,Bearing_arms,True,lu_singleton_rule,general,28,True,False,,"A Protagonist has (or does not have) a Weapon. The Degree to which the Protagonist is armed may also be described. The Protagonist is normally a human but may be a device that has subsidiary weapons. 'Apparently, the suspect is armed with a shotgun.' 'After she pulled the .45 from her sock drawer, she felt well enough armed to face anyone coming in.' 'The Tomahawk missile packs a lot of heat .' 'An individual with a right-to-carry license may continue to carry in a ""school zone"" in compliance with existing state and local laws. INI'"
supervised_lu_embedding_classifier,supervised_embedding_classifier,lu_constrained_logreg,The surface must not be touched and it must be stored in a cool dry place away from electrical equipment because it is magnetic .,cool,Ambient_temperature,Ambient_temperature,Ambient_temperature,True,lu_singleton_rule,general,25,True,True,Cause_temperature_change|Change_of_temperature|Desirability|Experiencer_focus|Popularity,"The Temperature in a certain environment, determined by Time and Place, is specified. 'It's too hot to do anything today.' 'Nome is pretty cold this time of year' 'Last Tuesday was a real scorcher.' 'Tomorrow is gonna be chilly.' 'I ca n't go out into the cold . DNI DNI'"
supervised_lu_embedding_classifier,supervised_embedding_classifier,lu_constrained_logreg,"Furthermore , Iran clearly possesses technology useful for producing biological weapons ( as will be elucidated in the Facilities section of this profile ) .",technology,Artifact,Artifact,Artifact,True,lu_singleton_rule,general,25,True,False,Gizmo,"An Artifact is deliberately made or modified by an intelligent entity to be put to a certain kind of Use. Various properties of the Artifact may be specified, such as its Creator, Time_of_creation, Name, Type, and the Material of which it is composed. The Artifact may or may not be a physical entity. 'There are reports that Kim Il Sung asked China to share its nuclear weapons technology.'"
supervised_lu_embedding_classifier,supervised_embedding_classifier,lu_constrained_logreg,"“ Go on , ” she urged .",urge,Attempt_suasion,Attempt_suasion,Attempt_suasion,True,lu_singleton_rule,general,8,False,True,Desiring|Request,"The Speaker expresses through language his wish to get the Addressee to act in some way that will help to bring about events or states described in the Content. There is no implication that the Addressee forms an intention to act, let alone acts. 'Mr Smithers always encourages the employees to stay late and work harder.' 'Dennis Rodman advises moderation in all things. INI' The Content most prototypically refers to an action that the Addressee will carry out themselves, but may (in the case of valences with a non-finite Content clause) merely refer to a situation that they have indirect influence over, as in the following 'When I talked to her, I suggested that he be removed from office . DNI '"
supervised_lu_embedding_classifier,supervised_embedding_classifier,lu_constrained_logreg,"We are always ready to assist and advise in the development of video film for your products and company , where none is available .",ready,Activity_ready_state,Activity_ready_state,Activity_ready_state,True,lu_singleton_rule,business,25,True,False,Activity_prepare,"The Protagonist is in an initial state, before beginning to be involved in the Activity, but all pre-conditions for performance of the Activity have been satisfied. In many cases, the Protagonist is an intentional agent, but there are other uses in which the agent is deprofiled, and the Protagonist is an entity which is essential to the Activity. Alternatively, the Activity may be indicated by a Salient_entity which stands in for the Activity. This Salient_entity may also be an intentional agent, but need not be. 'She 's not ready ! DNI.' 'He 's ready to talk , I think .' 'Is the UK government ready to do a u-turn on passport-ID cards ?' 'Check and see if Sal is ready for the bathtub .' 'The world is finally prepared for him !'"
supervised_lu_embedding_classifier,supervised_embedding_classifier,lu_constrained_logreg,Emergency crews said they were hopeful that they would be able to control the fire .,hopeful,Attitude_description,Be_on_alert,Assistance|Attention_getting|Attitude_description|Becoming_aware|Attention|Becoming|Awareness|Attempt_means|Activity_prepare|Be_on_alert|Alternatives|Activity_ready_state|Awareness_status|Attempt|Animals,True,global_classifier,general,16,False,False,,"The lexical units in this frame are descriptions of a Cognizer's Attitude about or outlook on a State_of_affairs. '' 'Carl is becoming more pessimistic about the negotiations every day.' 'The benefits of cluelessness come from living in a society where people take an optimistic view of life.' '' The State_of_affairs can be expressed without a Cognizer in many cases, as shown in the following: '' 'The situation is fairly grim at the moment.' ''"
supervised_lu_embedding_classifier,supervised_embedding_classifier,lu_constrained_logreg,"The solution to this problem was for Mrs Whitehouse personally to take a private prosecution of the play 's director , Michael Bogdanov .",director,Behind_the_scenes,Behind_the_scenes,Behind_the_scenes,True,lu_singleton_rule,general,24,True,True,Appellations|Leadership|People_by_vocation,"Artists work at various tasks that further the completion of a film, play, television show, or other similar Production. Artists never appear on stage or in front of a camera. Some (e.g., a director) may interact with the actors (on-screen participants) of the Production. Often times a particular Production is made for distribution by a Distributor, by a particular Studio, or in a specific Medium. The Artists may be categorized into Type or work in specific Medium. 'Steven Spielberg directed several films for Universal Pictures.' 'Universal Pictures and Amblin Entertainment produced Jurassic Park for MCA.' 'Surprisingly, this film producer was willing to work for a cable company.' 'Independent producers often win big at smaller film festivals.'"
supervised_lu_embedding_classifier,supervised_embedding_classifier,lu_constrained_logreg,"Similarly , Thatcher provides abundant evidence which shows that while most of the workers made redundant in the industrial sector were men , most of the expansion in the public services was in female employment .",abundant,Abundance,Abundance,Abundance,True,lu_singleton_rule,business,36,True,False,,The Quantity of a Collection occurring in a Place has a particular Measure. The Measure of the Collection is referred to only in terms of how the Measure diverges from a norm for Collections of the specified type. Degree may further refine the relation of the Measure to the norm. 'Beauty is abundant in a land flowing with snowmelt.' 'Detritus of life abounds in the atmosphere. ' 'There was a recent discovery that exotic microbes teem in the rocks hundreds of metres beneath the floor of the Pacific Ocean.'
supervised_lu_embedding_classifier,supervised_embedding_classifier,lu_constrained_logreg,Six of the engineers had swum to the northern bank where they were fastening a rope to a great elm tree .,fasten,Attaching,Attaching,Attaching|Becoming_attached,True,lu_constrained_classifier,business,22,True,True,Becoming_attached|Closure,"The Attaching frame covers two situations: a scene in which somebody causes one thing to be physically connected to something else; or a scene in which somebody causes two things to be connected to each other. In the first, the frame includes an Agent who attaches an Item to a Goal by manipulating a Connector, creating an asymmetric relationship between the Item and the Goal. In the second, the Agent attaches two Items to each other, where each serves as a Goal for the other, creating a symmetric relationship between the two Items. In both cases, the Connector remains to bind the two entities (either Item and Goal, or two Items), without creating a new entity. 'The robber tied Harry to the chair.' 'Make sure you bind his wrists as tightly as possible.'"
supervised_lu_embedding_classifier,supervised_embedding_classifier,lu_constrained_logreg,The process went so far in Algeria earlier this year that the army cancelled the results of general elections when it became clear that the Islamic Salvation Front would win an overwhelming victory .,become,Becoming,Becoming,Becoming,True,lu_singleton_rule,general,34,True,False,Suitability,"An Entity ends up with some Final_quality--a new fact about the Entity. Alternatively, based on a cluster of changes of characteristics, the Entitynewly meets the conditions for being a member of a Final_category. 'The weather turned cold .' 'You can become a firefighter today !' This frame should be compared with the Transition_to_state frame, which is more general in allowing arbitrary descriptions of a final situation: 'We ended up telling him to leave .' There is no way to effectively paraphrase such a sentence in the Becoming frame."
supervised_lu_embedding_classifier,supervised_embedding_classifier,lu_constrained_logreg,"BOSNIA 'S Muslim president yesterday suspended temporarily his participation in international peace talks in New York , saying he could not be involved as long as Serbs continued their offensive in eastern Bosnia and Sarajevo .",suspend,Activity_pause,Activity_pause,Activity_pause,True,lu_singleton_rule,news_politics,36,True,False,,An Agent pauses in the course of an Activity. '' 'The government froze settlement construction in 1992 to facilitate peace talks.' 'The lifting of the nuclear freeze was deemed necessary to generate needed electricity.'
supervised_lu_embedding_classifier,supervised_embedding_classifier,lu_constrained_logreg,The mass spectral measurements separated into eight groups .,separate,Becoming_separated,Becoming_separated,Becoming_separated,True,lu_singleton_rule,general,9,False,True,Differentiation|Forming_relationships|Separating,"A Whole separates into Parts, or one part of a whole, called Part_1, becomes separate from the remaining portion, Part_2. 'This small channel meanders through marsh and wetland, splitting into several smaller channels that empty into Lake St. Clair.' 'Just crack one open and if the yoke quickly separates from the whites, they are probably bad.'"
supervised_lu_embedding_classifier,supervised_embedding_classifier,lu_constrained_logreg,"Recent and current work demonstrates incontrovertibly that if a child is adept at segmenting heard speech into sub-word constituents before tackling the task of learning to read , this task will be accomplished much more easily .",accomplish,Accomplishment,Accomplishment,Accomplishment,True,lu_singleton_rule,general,37,True,False,,"After a period in which the Agent has been working on a Goal, the Agent manages to attain it. The Goal may be a desired state, or be conceptualized as an event. '' 'Jeremey obediently accomplished this task.' 'In response, the Prime Minister has simply cited his free-market accomplishments. '"
supervised_lu_embedding_classifier,supervised_embedding_classifier,lu_constrained_logreg,Land adjacent to the site would be developed as the Lancashire Enterprises Business and Technology Park .,adjacent,Adjacency,Adjacency,Adjacency,True,lu_singleton_rule,general,17,False,False,,"A Figure is located adjacent to a Ground. This is equivalent to the Figure and Ground either constituting or being associated with a zone, with each zone in contact with the zone of the other. 'The two houses were adjacent , so she bought them together .' 'The bedroom adjoining hers was much smaller .' 'The park borders a very upscale neighborhood .' 'While you solder , make sure the neighboring pins don't get overheated . DNI ' This frame is intended to cover productive metaphor cases such as those found in ""adjacent web pages""--referring to pages that metaphorically ""share a border"" by virtue of sharing a hyperlink, as well as many additional cases of entities which are cognitively associated in other ways. There are a number of less productive metaphors that are also intended to be included in this frame, e.g. ""behavior bordering on lunacy"", ""cleanliness is next to godliness"", despite the fact that conventionally we do not find ""adjacent to lunacy"", etc. Though these expressions sound creative, they are immediately understandable and contextually unobjectionable."
supervised_lu_embedding_classifier,supervised_embedding_classifier,lu_constrained_logreg,"Three-quarters of the members of the 4,000-strong Mosul police force have abandoned their posts , said a senior military official in Iraq .",post,Assigned_location,Assigned_location,Assigned_location,True,lu_singleton_rule,legal,23,True,True,Sending|Sent_items|Time_vector,"An Individual is assigned a Station to remain at, usually in order to accomplish a task. The Station may have an intended use based on its features (e.g., a vendor's booth), or it may be temporarily assigned a use. 'The guards who remained at their stations had no idea what was going on two floors below.' 'Return to your post!'"
supervised_lu_embedding_classifier,supervised_embedding_classifier,lu_constrained_logreg,"THE only surprise in the history of interferon is its meteoric rise to fame as a cancer cure , after its earlier promise as an anti-viral agent .",agent,Active_substance,Active_substance,Active_substance,True,lu_singleton_rule,general,28,True,True,Intentionally_act|People_by_vocation,A Substance causes an Effect. The Substance is produced by a process understood as directed towards the Effect. The Name for the material that makes up the substance may also be given. 'A rationale for using denatured gp160 as a therapeutic agent in HIV-infected people is to boost the immune response .' 'The quinolones now seem to be the antimicrobial agents of choice for acute bacterial prostatitis.' 'Hormonally active chemicals have the potential to cause significant environmental injury.' 'Only after the potion has been drunk does the active ingredient form. DNI' 'The sarin agent might have been a leftover shell from a chemical-arms dump. '
supervised_lu_embedding_classifier,supervised_embedding_classifier,lu_constrained_logreg,These people now face annual medical inspection for the rest of their lives to assess what the radiation may have bequeathed to them in terms of a legacy of cancer or birth defects .,assess,Assessing,Assessing,Assessing,True,lu_singleton_rule,science_medical,34,True,False,,"An Assessor examines a Phenomenon to figure out its Value according to some Feature of the Phenomenon. This Value is a factor in determining the acceptability of the Phenomenon. In some cases, a Method (implicitly involving an Assessor) is used to determine the Phenomenon's Value. 'Each company is then evaluated for their earning potential. CNI ' 'From the evidence of the pilot studies the risk of damage to the test subjects was rated too high to continue. CNI' 'He weighed his options carefully.'"
supervised_lu_embedding_classifier,supervised_embedding_classifier,lu_constrained_logreg,"Always be alert for a bad swing or a wing-tip touching the ground on take off and have your hand near the release , ready .",alert,Attention,Attention,Attention|Be_on_alert,True,lu_constrained_classifier,general,26,True,True,Be_on_alert|Warning,"This frame concerns a Perceiver's state of readiness to process and consider impressions of a Figure within a Ground. It is often unknown to the Perceiver whether or not the Figure exists within the Ground. Alternatively, the Expressor may be expressed as showing signs of the Perceiver's state of attentiveness. 'Legislator tells consumers to be alert to dioxin levels.' 'They demand an attentive gaze, a careful accounting of parts.'"
supervised_lu_embedding_classifier,supervised_embedding_classifier,lu_constrained_logreg,"He added that he wanted to avoid "" the alarming imbalance in some schemes [ a reference to the German method -- see above ] between what is collected and the ability to reprocess it "" .",avoid,Avoiding,Avoiding,Avoiding,True,lu_singleton_rule,general,37,True,False,Preventing_or_letting,"An Agent avoids an Undesirable_situation under certain Circumstances. That situation may be an activity (e.g. going to school), or an entity (perhaps) metonymic for such an activity or situation (e.g. the curb). In this frame, the situation is undesirable from the Agent's point of view (e.g. evade), and contrasts with scenes in which the situation is specifically undesirable to someone else (e.g. forbear) or from the point of view of an external morality (e.g. abstain). 'Mike avoided his supervisor at all costs.'"
supervised_lu_embedding_classifier,supervised_embedding_classifier,lu_constrained_logreg,"Thorsen , of Grimstad , Norway , was granted £100,000 bail until June 18 .",bail,Bail_decision,Bail_decision,Bail_decision,True,lu_singleton_rule,general,15,False,False,,"This frame covers a step in a criminal process in which a Judge decides whether the Accused should be released on bail, and, if so, what the amount of the bail should be. '' 'Thorsen, of Grimstad, Norway, was granted $100,000 bail until June 18.' 'He was granted conditional bail by Teesside Magistrates.'"
supervised_lu_embedding_classifier,supervised_embedding_classifier,lu_constrained_logreg,"So this is the reality we 're living in al-Anbar in general , and Ramadi in particular , that is the head Sheiks of some tribes , and symbols of the Islamic Party , sat with the Americans in Jordan , and other places , to fight terrorism and its people .",with,Accompaniment,Accompaniment,Accompaniment,True,lu_singleton_rule,general,52,True,False,Have_associated,A Co_participant fills the same role as the Participant in an event or relation. '' 'The mayor was killed along with three bodyguards and his driver.' 'The doctor told me to take my regular pill in combination with the new drug and I will be cured of my symptoms.'
supervised_lu_embedding_classifier,supervised_embedding_classifier,lu_constrained_logreg,Farmers would have to be 100 per cent accurate in the identification system to avoid losing out on premium payments .,accurate,Accuracy,Accuracy,Accuracy,True,lu_singleton_rule,general,21,True,False,Correctness,"An Agent is involved in an activity whose degree of success is dependent on a parameter of the action matching a particular set of values of a continuous variable or variables (e.g. quantity, location, time). The Agent, or metonymically the Instrument or Means action, is described in terms of the actual or expected Deviation between the location, time, or quantity in the activity and the location, time, or quantity which is necessary for the intended event. 'The Longview Rangefinder is accurate to within one foot per hundred yards .' 'His estimate was off by an order of magnitude .' 'The fork truck operator must be fairly accurate in his aim.' 'The precision of the daily measurements is dependent on a number of factors.'"
